RaterID,MovieID,Rating,Timestamp
36955,21,3.0,1995-01-09 11:46:49
35435,45,5.0,1996-01-29 00:00:00
35435,21,5.0,1996-01-29 00:00:00
35139,52,4.0,1996-01-29 00:00:00
35139,50,5.0,1996-01-29 00:00:00
35139,45,4.0,1996-01-29 00:00:00
35435,11,4.0,1996-01-29 00:00:00
35139,31,5.0,1996-01-29 00:00:00
35139,21,5.0,1996-01-29 00:00:00
35139,19,4.0,1996-01-29 00:00:00
35139,18,4.0,1996-01-29 00:00:00
35139,10,4.0,1996-01-29 00:00:00
35139,1,4.0,1996-01-29 00:00:00
35139,39,5.0,1996-01-29 00:00:00
35435,10,3.0,1996-01-29 00:00:00
35621,19,1.0,1996-01-29 00:00:00
36008,45,5.0,1996-02-01 14:33:17
36008,52,4.0,1996-02-01 14:33:17
36008,50,5.0,1996-02-01 14:33:18
36008,70,3.0,1996-02-01 14:33:18
36008,19,1.0,1996-02-01 14:33:20
36008,18,4.0,1996-02-01 14:33:20
36008,1,5.0,1996-02-01 14:33:23
36008,10,2.0,1996-02-01 14:33:23
36008,11,5.0,1996-02-01 14:33:24
36008,34,1.0,1996-02-01 14:33:25
36008,39,3.0,1996-02-01 14:33:26
36008,31,4.0,1996-02-01 14:33:26
36008,60,2.0,1996-02-01 14:33:27
36008,57,3.0,1996-02-01 14:33:32
36008,63,1.0,1996-02-01 14:33:33
36008,62,4.0,1996-02-01 14:33:34
36008,61,4.0,1996-02-01 14:33:34
36008,44,3.0,1996-02-01 14:33:35
36008,48,3.0,1996-02-01 14:33:35
36008,15,3.0,1996-02-01 14:33:41
36008,16,4.0,1996-02-01 14:33:41
36008,17,4.0,1996-02-01 14:33:42
36008,12,1.0,1996-02-01 14:33:43
36008,20,3.0,1996-02-01 14:33:43
36008,5,2.0,1996-02-01 14:33:44
36008,22,4.0,1996-02-01 14:33:44
36008,2,3.0,1996-02-01 14:33:45
36008,4,3.0,1996-02-01 14:33:45
36008,3,4.0,1996-02-01 14:33:48
36008,7,4.0,1996-02-01 14:33:50
36008,35,4.0,1996-02-01 14:33:51
36008,42,2.0,1996-02-01 14:33:51
36008,43,4.0,1996-02-01 14:33:52
36008,41,4.0,1996-02-01 14:33:52
36008,27,3.0,1996-02-01 14:33:53
36008,23,2.0,1996-02-01 14:33:53
36008,24,3.0,1996-02-01 14:33:54
36008,65,1.0,1996-02-01 14:33:58
36008,14,4.0,1996-02-01 14:33:59
36008,26,5.0,1996-02-01 14:33:59
36008,6,3.0,1996-02-01 14:34:00
36008,78,2.0,1996-02-01 14:34:00
36008,86,3.0,1996-02-01 14:34:02
36008,87,3.0,1996-02-01 14:34:05
36008,74,3.0,1996-02-01 14:34:07
36008,9,3.0,1996-02-01 14:34:08
36008,40,4.0,1996-02-01 14:34:09
36008,79,1.0,1996-02-01 14:34:19
36008,76,4.0,1996-02-01 14:34:24
36008,8,3.0,1996-02-01 14:34:25
36202,48,3.0,1996-02-02 10:01:53
36202,52,4.0,1996-02-02 10:01:53
36202,1,4.0,1996-02-02 10:01:54
36202,11,5.0,1996-02-02 10:01:57
36202,39,5.0,1996-02-02 10:01:58
36202,4,5.0,1996-02-02 10:01:59
36202,17,5.0,1996-02-02 10:01:59
36202,28,5.0,1996-02-02 10:02:00
36008,13,3.0,1996-02-02 12:33:34
36008,25,4.0,1996-02-02 12:33:34
36304,57,3.0,1996-02-02 12:36:10
36304,61,3.0,1996-02-02 12:36:11
36304,62,5.0,1996-02-02 12:36:16
36304,63,1.0,1996-02-02 12:36:17
36304,45,2.0,1996-02-02 12:36:17
36304,44,4.0,1996-02-02 12:36:18
36304,43,1.0,1996-02-02 12:36:19
36304,42,2.0,1996-02-02 12:36:19
36304,50,5.0,1996-02-02 12:36:20
36304,48,4.0,1996-02-02 12:36:26
36304,70,3.0,1996-02-02 12:36:27
36304,81,4.0,1996-02-02 12:36:27
36304,69,3.0,1996-02-02 12:36:28
36304,15,2.0,1996-02-02 12:36:29
36304,71,2.0,1996-02-02 12:36:29
36304,14,3.0,1996-02-02 12:36:32
36304,16,4.0,1996-02-02 12:36:34
36304,12,1.0,1996-02-02 12:36:34
36304,20,4.0,1996-02-02 12:36:35
36304,11,5.0,1996-02-02 12:36:35
36304,21,4.0,1996-02-02 12:36:36
36304,19,3.0,1996-02-02 12:36:36
36304,17,5.0,1996-02-02 12:36:37
36304,4,1.0,1996-02-02 12:36:38
36304,18,5.0,1996-02-02 12:36:38
36304,3,5.0,1996-02-02 12:36:41
36304,5,4.0,1996-02-02 12:36:41
36304,1,5.0,1996-02-02 12:36:42
36304,2,5.0,1996-02-02 12:36:42
36304,7,4.0,1996-02-02 12:36:43
36304,10,5.0,1996-02-02 12:36:43
36304,34,1.0,1996-02-02 12:36:44
36304,36,5.0,1996-02-02 12:36:45
36304,39,5.0,1996-02-02 12:36:48
36304,24,4.0,1996-02-02 12:36:49
36304,38,1.0,1996-02-02 12:36:49
36304,22,4.0,1996-02-02 12:36:50
36304,31,4.0,1996-02-02 12:36:52
36304,27,3.0,1996-02-02 12:36:53
36304,65,2.0,1996-02-02 12:36:57
36304,78,3.0,1996-02-02 12:36:58
36304,87,3.0,1996-02-02 12:36:59
36304,86,4.0,1996-02-02 12:36:59
36304,74,3.0,1996-02-02 12:37:00
36304,6,4.0,1996-02-02 12:37:01
36304,9,3.0,1996-02-02 12:37:01
36304,25,5.0,1996-02-02 12:37:05
36304,79,2.0,1996-02-02 12:37:07
36304,76,2.0,1996-02-02 12:37:08
36304,75,2.0,1996-02-02 12:37:08
36398,1,5.0,1996-02-05 09:53:17
36398,10,4.0,1996-02-05 09:53:18
36398,61,2.0,1996-02-05 09:53:20
36398,70,4.0,1996-02-05 09:53:21
36398,71,1.0,1996-02-05 09:53:21
36398,48,5.0,1996-02-05 09:53:24
36398,45,4.0,1996-02-05 09:53:27
36398,50,3.0,1996-02-05 09:53:29
36398,14,5.0,1996-02-05 09:53:31
36398,16,5.0,1996-02-05 09:53:34
36398,11,5.0,1996-02-05 09:53:35
36398,20,3.0,1996-02-05 09:53:35
36398,21,4.0,1996-02-05 09:53:36
36398,18,3.0,1996-02-05 09:53:38
36398,6,4.0,1996-02-05 09:53:42
36398,7,5.0,1996-02-05 09:53:42
36398,36,5.0,1996-02-05 09:53:44
36398,39,4.0,1996-02-05 09:53:45
36398,25,5.0,1996-02-05 09:53:46
36398,24,1.0,1996-02-05 09:53:48
36398,22,3.0,1996-02-05 09:53:49
36398,26,4.0,1996-02-05 09:53:49
36398,23,4.0,1996-02-05 09:53:50
36398,79,3.0,1996-02-05 09:54:01
36398,40,4.0,1996-02-05 09:54:07
36398,89,3.0,1996-02-05 09:54:08
35435,34,5.0,1996-02-06 16:44:38
35241,39,5.0,1996-02-07 13:55:05
35139,36,5.0,1996-02-09 18:56:57
35139,70,4.0,1996-02-09 18:56:59
35139,43,4.0,1996-02-09 18:57:00
36008,102,3.0,1996-02-10 08:06:13
36881,70,1.0,1996-02-12 14:05:35
36881,21,3.0,1996-02-12 14:05:36
36881,10,3.0,1996-02-12 14:05:37
36881,1,5.0,1996-02-12 14:05:37
36881,50,4.0,1996-02-12 14:05:38
36881,76,3.0,1996-02-12 14:05:39
36881,62,4.0,1996-02-12 14:05:39
36881,16,4.0,1996-02-12 14:05:40
36881,14,3.0,1996-02-12 14:05:41
36881,19,3.0,1996-02-12 14:05:44
36881,22,3.0,1996-02-12 14:05:45
36881,6,4.0,1996-02-12 14:05:45
36881,2,3.0,1996-02-12 14:05:46
36881,34,5.0,1996-02-12 14:05:47
36881,36,4.0,1996-02-12 14:05:48
36881,95,3.0,1996-02-12 14:05:48
37240,10,4.0,1996-02-15 12:59:53
37240,21,5.0,1996-02-15 12:59:53
37240,79,1.0,1996-02-15 12:59:54
37240,85,5.0,1996-02-15 12:59:57
37240,17,5.0,1996-02-15 12:59:58
37240,15,3.0,1996-02-15 12:59:59
37240,16,5.0,1996-02-15 12:59:59
37240,26,4.0,1996-02-15 13:00:00
37240,25,5.0,1996-02-15 13:00:00
37240,6,5.0,1996-02-15 13:00:01
37240,2,2.0,1996-02-15 13:00:02
37240,3,2.0,1996-02-15 13:00:02
37240,43,5.0,1996-02-15 13:00:03
37240,41,5.0,1996-02-15 13:00:03
37240,31,2.0,1996-02-15 13:00:05
37240,35,5.0,1996-02-15 13:00:06
37240,28,5.0,1996-02-15 13:00:06
37240,100,5.0,1996-02-15 13:00:08
36202,21,4.0,1996-02-15 15:13:40
36881,110,4.0,1996-02-17 12:17:36
36881,111,5.0,1996-02-17 12:17:39
37240,111,5.0,1996-02-20 12:46:18
37801,17,5.0,1996-02-20 16:56:50
37801,21,4.0,1996-02-20 16:56:50
37801,25,5.0,1996-02-20 16:56:50
37801,50,5.0,1996-02-20 16:56:50
37801,24,3.0,1996-02-21 13:53:45
35241,25,5.0,1996-02-21 15:37:16
35241,111,5.0,1996-02-22 16:12:10
38104,2,4.0,1996-02-22 16:30:53
38104,6,5.0,1996-02-22 16:30:53
38104,10,5.0,1996-02-22 16:30:53
38104,1,4.0,1996-02-22 16:30:53
38104,93,2.0,1996-02-22 16:30:53
38104,62,5.0,1996-02-22 16:30:53
38104,34,5.0,1996-02-22 16:30:53
38104,21,4.0,1996-02-22 16:30:53
38104,107,5.0,1996-02-22 16:30:54
38104,105,4.0,1996-02-22 16:30:54
38104,95,4.0,1996-02-22 16:30:54
38104,110,5.0,1996-02-22 16:30:54
38104,65,1.0,1996-02-22 16:31:30
38104,111,4.0,1996-02-22 16:34:40
38104,5,4.0,1996-02-22 16:34:41
38104,104,2.0,1996-02-22 16:34:41
38104,45,3.0,1996-02-22 16:38:17
38104,50,5.0,1996-02-22 16:38:17
38206,94,3.0,1996-02-22 17:26:08
38206,5,2.0,1996-02-22 17:26:08
38206,7,3.0,1996-02-22 17:26:08
38206,11,4.0,1996-02-22 17:26:08
38206,111,5.0,1996-02-22 17:26:08
38206,21,4.0,1996-02-22 17:26:08
38206,17,5.0,1996-02-22 17:26:08
38206,36,4.0,1996-02-22 17:26:08
38206,79,4.0,1996-02-22 17:26:08
38206,41,4.0,1996-02-22 17:34:20
38206,52,4.0,1996-02-22 17:34:20
38206,61,3.0,1996-02-22 17:34:20
38206,1,4.0,1996-02-22 17:34:20
38326,93,1.0,1996-02-23 12:55:55
38326,94,4.0,1996-02-23 12:55:55
38326,6,1.0,1996-02-23 12:55:55
38326,74,4.0,1996-02-23 12:55:55
38326,79,4.0,1996-02-23 12:55:55
38326,81,1.0,1996-02-23 12:55:55
38326,85,5.0,1996-02-23 12:55:56
38326,10,3.0,1996-02-23 12:55:56
38326,9,1.0,1996-02-23 12:55:56
38326,7,4.0,1996-02-23 12:55:56
38326,5,4.0,1996-02-23 12:55:56
38326,88,2.0,1996-02-23 12:55:56
38326,2,1.0,1996-02-23 12:55:56
38326,75,1.0,1996-02-23 12:55:56
38326,1,2.0,1996-02-23 12:55:56
38326,3,4.0,1996-02-23 12:55:56
38326,28,5.0,1996-02-23 12:55:57
38326,16,1.0,1996-02-23 12:55:57
38326,17,5.0,1996-02-23 12:55:57
38326,19,1.0,1996-02-23 12:55:57
38326,21,3.0,1996-02-23 12:55:57
38326,25,1.0,1996-02-23 12:55:57
38326,26,4.0,1996-02-23 12:55:57
38326,27,3.0,1996-02-23 12:55:57
38326,14,1.0,1996-02-23 12:55:57
38326,11,1.0,1996-02-23 12:55:57
38326,31,3.0,1996-02-23 12:55:58
38326,34,1.0,1996-02-23 12:55:58
38326,36,1.0,1996-02-23 12:55:58
38326,40,3.0,1996-02-23 12:55:58
38326,41,4.0,1996-02-23 12:55:58
38326,45,1.0,1996-02-23 12:55:58
38326,105,2.0,1996-02-23 12:55:59
38326,62,5.0,1996-02-23 12:55:59
38326,52,4.0,1996-02-23 12:55:59
38326,95,1.0,1996-02-23 12:55:59
38326,110,1.0,1996-02-23 12:55:59
38326,50,4.0,1996-02-23 12:55:59
38326,61,1.0,1996-02-23 12:55:59
38326,92,3.0,1996-02-23 12:55:59
38326,111,1.0,1996-02-23 12:56:00
37801,110,5.0,1996-02-26 11:09:25
38430,93,2.0,1996-02-26 18:39:38
38430,21,5.0,1996-02-26 18:39:39
38430,17,5.0,1996-02-26 18:39:39
38430,28,5.0,1996-02-26 18:44:48
38430,19,1.0,1996-02-26 18:49:36
38430,10,2.0,1996-02-26 18:49:36
38644,74,4.0,1996-02-26 22:26:10
38644,1,5.0,1996-02-26 22:26:10
38644,11,4.0,1996-02-26 22:26:11
38644,62,5.0,1996-02-26 22:26:11
38644,28,5.0,1996-02-26 22:26:11
38644,40,5.0,1996-02-26 22:26:11
38644,7,4.0,1996-02-26 22:26:11
38644,105,4.0,1996-02-26 22:26:11
36008,92,3.0,1996-02-27 13:58:01
39039,11,5.0,1996-02-28 09:32:14
39039,79,1.0,1996-02-28 09:32:14
39039,17,5.0,1996-02-28 09:32:14
39039,10,3.0,1996-02-28 09:32:14
39039,92,2.0,1996-02-28 09:32:15
39039,34,5.0,1996-02-28 09:32:15
39039,14,4.0,1996-02-28 09:32:15
39039,62,4.0,1996-02-28 09:32:15
39039,111,5.0,1996-02-28 09:32:16
34955,319,3.0,1996-02-29 16:48:44
34955,296,5.0,1996-02-29 16:48:44
34955,315,1.0,1996-02-29 16:48:44
35435,441,2.0,1996-03-01 00:00:00
35435,440,3.0,1996-03-01 00:00:00
35435,357,5.0,1996-03-01 00:00:00
40736,416,3.0,1996-03-01 00:00:00
35435,457,5.0,1996-03-01 00:00:00
35435,480,3.0,1996-03-01 00:00:00
35435,498,1.0,1996-03-01 00:00:00
35435,454,4.0,1996-03-01 00:00:00
35435,356,4.0,1996-03-01 00:00:00
40736,412,5.0,1996-03-01 00:00:00
39748,357,5.0,1996-03-01 00:00:00
35435,351,2.0,1996-03-01 00:00:00
35435,364,4.0,1996-03-01 00:00:00
35435,371,4.0,1996-03-01 00:00:00
35435,376,3.0,1996-03-01 00:00:00
35435,349,4.0,1996-03-01 00:00:00
35435,337,4.0,1996-03-01 00:00:00
39748,377,2.0,1996-03-01 00:00:00
39748,376,3.0,1996-03-01 00:00:00
35435,380,4.0,1996-03-01 00:00:00
35435,434,3.0,1996-03-01 00:00:00
39748,371,4.0,1996-03-01 00:00:00
39748,368,4.0,1996-03-01 00:00:00
37801,249,5.0,1996-03-01 00:00:00
37801,235,5.0,1996-03-01 00:00:00
37801,229,5.0,1996-03-01 00:00:00
40736,383,2.0,1996-03-01 00:00:00
36202,261,4.0,1996-03-01 00:00:00
40640,414,2.0,1996-03-01 00:00:00
40736,451,3.0,1996-03-01 00:00:00
39748,233,5.0,1996-03-01 00:00:00
39748,289,3.0,1996-03-01 00:00:00
39748,296,5.0,1996-03-01 00:00:00
39748,300,5.0,1996-03-01 00:00:00
39748,303,4.0,1996-03-01 00:00:00
39748,227,1.0,1996-03-01 00:00:00
39748,315,2.0,1996-03-01 00:00:00
39748,316,2.0,1996-03-01 00:00:00
39748,349,4.0,1996-03-01 00:00:00
39748,350,2.0,1996-03-01 00:00:00
39748,356,3.0,1996-03-01 00:00:00
40736,466,3.0,1996-03-01 00:00:00
40736,469,2.0,1996-03-01 00:00:00
40736,480,3.0,1996-03-01 00:00:00
40736,485,2.0,1996-03-01 00:00:00
40736,506,5.0,1996-03-01 00:00:00
40736,448,2.0,1996-03-01 00:00:00
39748,225,1.0,1996-03-01 00:00:00
40640,377,5.0,1996-03-01 00:00:00
40736,454,5.0,1996-03-01 00:00:00
40736,457,5.0,1996-03-01 00:00:00
35435,300,4.0,1996-03-01 00:00:00
35435,296,5.0,1996-03-01 00:00:00
35435,266,1.0,1996-03-01 00:00:00
35435,261,4.0,1996-03-01 00:00:00
35435,215,5.0,1996-03-01 00:00:00
40640,372,4.0,1996-03-01 00:00:00
40736,541,5.0,1996-03-01 00:00:00
40736,515,4.0,1996-03-01 00:00:00
40736,509,5.0,1996-03-01 00:00:00
40736,508,5.0,1996-03-01 00:00:00
39748,215,5.0,1996-03-01 00:00:00
40640,424,4.0,1996-03-01 00:00:00
40640,419,2.0,1996-03-01 00:00:00
35435,501,4.0,1996-03-01 00:00:00
40640,412,5.0,1996-03-01 00:00:00
40640,410,4.0,1996-03-01 00:00:00
40640,408,3.0,1996-03-01 00:00:00
40736,535,5.0,1996-03-01 00:00:00
35435,509,5.0,1996-03-01 00:00:00
35435,539,3.0,1996-03-01 00:00:00
35435,521,5.0,1996-03-01 00:00:00
34955,509,5.0,1996-03-01 00:00:00
34955,506,5.0,1996-03-01 00:00:00
39444,380,4.0,1996-03-01 00:00:00
39444,377,5.0,1996-03-01 00:00:00
39444,368,2.0,1996-03-01 00:00:00
39444,357,5.0,1996-03-01 00:00:00
39444,356,5.0,1996-03-01 00:00:00
34955,589,5.0,1996-03-01 00:00:00
37153,474,5.0,1996-03-01 00:00:00
39444,351,2.0,1996-03-01 00:00:00
39444,350,5.0,1996-03-01 00:00:00
37153,480,1.0,1996-03-01 00:00:00
39444,349,3.0,1996-03-01 00:00:00
37153,492,4.0,1996-03-01 00:00:00
37153,500,2.0,1996-03-01 00:00:00
37153,517,2.0,1996-03-01 00:00:00
39444,355,2.0,1996-03-01 00:00:00
34955,593,5.0,1996-03-01 00:00:00
40736,546,1.0,1996-03-01 00:00:00
37801,383,2.0,1996-03-01 00:00:00
37153,377,4.0,1996-03-01 00:00:00
37153,441,3.0,1996-03-01 00:00:00
37153,448,2.0,1996-03-01 00:00:00
37153,454,4.0,1996-03-01 00:00:00
37153,457,5.0,1996-03-01 00:00:00
37801,344,5.0,1996-03-01 00:00:00
37801,356,4.0,1996-03-01 00:00:00
37801,358,4.0,1996-03-01 00:00:00
37801,368,4.0,1996-03-01 00:00:00
37801,371,2.0,1996-03-01 00:00:00
37153,471,3.0,1996-03-01 00:00:00
37801,372,1.0,1996-03-01 00:00:00
37801,376,4.0,1996-03-01 00:00:00
37801,380,4.0,1996-03-01 00:00:00
37801,381,4.0,1996-03-01 00:00:00
37153,371,4.0,1996-03-01 00:00:00
37153,535,4.0,1996-03-01 00:00:00
40640,500,2.0,1996-03-01 00:00:00
40640,535,5.0,1996-03-01 00:00:00
40640,541,5.0,1996-03-01 00:00:00
40640,542,2.0,1996-03-01 00:00:00
40640,544,2.0,1996-03-01 00:00:00
40640,551,4.0,1996-03-01 00:00:00
40640,552,3.0,1996-03-01 00:00:00
40640,534,4.0,1996-03-01 00:00:00
40640,553,4.0,1996-03-01 00:00:00
36202,376,4.0,1996-03-01 00:00:00
36202,368,3.0,1996-03-01 00:00:00
36202,357,4.0,1996-03-01 00:00:00
36202,344,4.0,1996-03-01 00:00:00
36202,300,4.0,1996-03-01 00:00:00
40640,555,5.0,1996-03-01 00:00:00
34955,380,4.0,1996-03-01 00:00:00
40640,527,5.0,1996-03-01 00:00:00
40640,501,5.0,1996-03-01 00:00:00
40640,506,4.0,1996-03-01 00:00:00
40640,508,4.0,1996-03-01 00:00:00
40640,509,5.0,1996-03-01 00:00:00
40640,510,4.0,1996-03-01 00:00:00
40640,515,4.0,1996-03-01 00:00:00
40640,517,4.0,1996-03-01 00:00:00
40640,519,2.0,1996-03-01 00:00:00
40640,520,2.0,1996-03-01 00:00:00
40640,521,3.0,1996-03-01 00:00:00
40640,524,2.0,1996-03-01 00:00:00
35435,515,4.0,1996-03-01 00:00:00
37153,357,4.0,1996-03-01 00:00:00
39748,442,1.0,1996-03-01 00:00:00
39748,454,3.0,1996-03-01 00:00:00
39748,471,5.0,1996-03-01 00:00:00
39748,474,4.0,1996-03-01 00:00:00
39748,480,3.0,1996-03-01 00:00:00
37801,252,3.0,1996-03-01 00:00:00
39748,434,2.0,1996-03-01 00:00:00
39748,492,5.0,1996-03-01 00:00:00
39748,508,5.0,1996-03-01 00:00:00
39748,509,5.0,1996-03-01 00:00:00
39748,519,1.0,1996-03-01 00:00:00
39748,527,5.0,1996-03-01 00:00:00
39748,528,1.0,1996-03-01 00:00:00
39748,535,5.0,1996-03-01 00:00:00
39748,541,5.0,1996-03-01 00:00:00
39748,500,3.0,1996-03-01 00:00:00
39748,426,1.0,1996-03-01 00:00:00
40640,470,2.0,1996-03-01 00:00:00
40640,465,2.0,1996-03-01 00:00:00
35435,534,5.0,1996-03-01 00:00:00
35435,535,3.0,1996-03-01 00:00:00
35435,537,4.0,1996-03-01 00:00:00
35435,538,4.0,1996-03-01 00:00:00
40640,429,2.0,1996-03-01 00:00:00
40640,435,2.0,1996-03-01 00:00:00
39748,410,1.0,1996-03-01 00:00:00
40640,442,2.0,1996-03-01 00:00:00
40640,448,3.0,1996-03-01 00:00:00
40640,451,3.0,1996-03-01 00:00:00
40640,454,4.0,1996-03-01 00:00:00
40640,455,4.0,1996-03-01 00:00:00
40640,457,4.0,1996-03-01 00:00:00
40640,459,4.0,1996-03-01 00:00:00
40640,464,3.0,1996-03-01 00:00:00
37153,296,3.0,1996-03-01 00:00:00
40640,472,4.0,1996-03-01 00:00:00
39748,599,5.0,1996-03-01 00:00:00
37801,280,5.0,1996-03-01 00:00:00
40640,479,2.0,1996-03-01 00:00:00
40640,480,5.0,1996-03-01 00:00:00
40640,481,2.0,1996-03-01 00:00:00
40640,483,4.0,1996-03-01 00:00:00
40640,487,2.0,1996-03-01 00:00:00
40640,491,3.0,1996-03-01 00:00:00
40640,492,4.0,1996-03-01 00:00:00
37801,282,4.0,1996-03-01 00:00:00
37801,288,2.0,1996-03-01 00:00:00
37153,252,3.0,1996-03-01 00:00:00
40640,490,4.0,1996-03-01 00:00:00
40736,316,3.0,1996-03-01 00:00:00
39748,589,1.0,1996-03-01 00:00:00
39748,592,4.0,1996-03-01 00:00:00
39748,594,5.0,1996-03-01 00:00:00
39748,596,5.0,1996-03-01 00:00:00
39748,597,5.0,1996-03-01 00:00:00
40640,474,5.0,1996-03-01 00:00:00
40736,380,5.0,1996-03-01 00:00:00
40736,377,4.0,1996-03-01 00:00:00
40736,376,3.0,1996-03-01 00:00:00
40736,368,5.0,1996-03-01 00:00:00
40736,364,4.0,1996-03-01 00:00:00
40736,362,5.0,1996-03-01 00:00:00
40736,357,5.0,1996-03-01 00:00:00
40736,356,5.0,1996-03-01 00:00:00
40736,355,3.0,1996-03-01 00:00:00
40640,471,4.0,1996-03-01 00:00:00
40640,514,4.0,1996-03-01 00:00:00
40640,531,4.0,1996-03-01 00:00:00
40516,478,2.0,1996-03-01 00:00:00
40516,531,4.0,1996-03-01 00:00:00
38430,407,1.0,1996-03-01 00:00:00
38430,382,1.0,1996-03-01 00:00:00
38430,380,2.0,1996-03-01 00:00:00
38430,368,4.0,1996-03-01 00:00:00
40516,527,5.0,1996-03-01 00:00:00
38430,367,1.0,1996-03-01 00:00:00
38430,357,4.0,1996-03-01 00:00:00
38430,355,1.0,1996-03-01 00:00:00
38430,419,1.0,1996-03-01 00:00:00
38430,423,1.0,1996-03-01 00:00:00
38430,435,1.0,1996-03-01 00:00:00
38430,546,1.0,1996-03-01 00:00:00
38430,537,4.0,1996-03-01 00:00:00
38430,522,1.0,1996-03-01 00:00:00
38430,520,4.0,1996-03-01 00:00:00
38430,509,5.0,1996-03-01 00:00:00
38430,506,2.0,1996-03-01 00:00:00
38430,497,4.0,1996-03-01 00:00:00
38430,493,1.0,1996-03-01 00:00:00
38430,492,5.0,1996-03-01 00:00:00
38430,480,3.0,1996-03-01 00:00:00
38430,464,1.0,1996-03-01 00:00:00
38430,457,4.0,1996-03-01 00:00:00
38430,454,2.0,1996-03-01 00:00:00
38430,426,1.0,1996-03-01 00:00:00
40516,524,4.0,1996-03-01 00:00:00
40516,455,4.0,1996-03-01 00:00:00
40516,427,1.0,1996-03-01 00:00:00
40516,457,5.0,1996-03-01 00:00:00
40516,458,3.0,1996-03-01 00:00:00
40516,459,2.0,1996-03-01 00:00:00
40516,463,2.0,1996-03-01 00:00:00
40516,464,4.0,1996-03-01 00:00:00
40516,465,3.0,1996-03-01 00:00:00
40516,466,3.0,1996-03-01 00:00:00
40516,471,4.0,1996-03-01 00:00:00
38430,288,1.0,1996-03-01 00:00:00
38430,256,1.0,1996-03-01 00:00:00
40516,500,4.0,1996-03-01 00:00:00
40516,454,3.0,1996-03-01 00:00:00
40516,451,4.0,1996-03-01 00:00:00
40516,522,4.0,1996-03-01 00:00:00
40516,521,4.0,1996-03-01 00:00:00
40516,520,3.0,1996-03-01 00:00:00
40516,519,1.0,1996-03-01 00:00:00
40516,517,3.0,1996-03-01 00:00:00
40516,515,5.0,1996-03-01 00:00:00
38430,553,2.0,1996-03-01 00:00:00
40516,514,4.0,1996-03-01 00:00:00
40516,510,3.0,1996-03-01 00:00:00
40516,441,4.0,1996-03-01 00:00:00
40516,442,2.0,1996-03-01 00:00:00
40516,509,5.0,1996-03-01 00:00:00
40516,448,5.0,1996-03-01 00:00:00
40516,508,4.0,1996-03-01 00:00:00
38430,296,4.0,1996-03-01 00:00:00
40516,440,4.0,1996-03-01 00:00:00
40516,435,3.0,1996-03-01 00:00:00
40316,497,5.0,1996-03-01 00:00:00
40316,493,5.0,1996-03-01 00:00:00
40316,492,4.0,1996-03-01 00:00:00
40316,480,3.0,1996-03-01 00:00:00
40316,474,5.0,1996-03-01 00:00:00
40516,426,3.0,1996-03-01 00:00:00
40516,424,3.0,1996-03-01 00:00:00
40516,419,3.0,1996-03-01 00:00:00
40516,415,3.0,1996-03-01 00:00:00
40516,414,3.0,1996-03-01 00:00:00
40316,457,5.0,1996-03-01 00:00:00
40316,454,3.0,1996-03-01 00:00:00
40316,441,4.0,1996-03-01 00:00:00
40316,440,4.0,1996-03-01 00:00:00
40316,412,5.0,1996-03-01 00:00:00
40316,506,3.0,1996-03-01 00:00:00
40516,412,5.0,1996-03-01 00:00:00
40316,508,4.0,1996-03-01 00:00:00
40316,527,5.0,1996-03-01 00:00:00
40516,535,5.0,1996-03-01 00:00:00
40516,538,4.0,1996-03-01 00:00:00
40516,539,4.0,1996-03-01 00:00:00
40516,540,1.0,1996-03-01 00:00:00
40516,542,2.0,1996-03-01 00:00:00
40516,544,2.0,1996-03-01 00:00:00
40516,546,1.0,1996-03-01 00:00:00
40516,551,5.0,1996-03-01 00:00:00
40516,552,2.0,1996-03-01 00:00:00
40516,553,3.0,1996-03-01 00:00:00
40516,555,4.0,1996-03-01 00:00:00
40316,551,4.0,1996-03-01 00:00:00
40316,539,4.0,1996-03-01 00:00:00
40316,509,5.0,1996-03-01 00:00:00
40516,410,4.0,1996-03-01 00:00:00
40516,409,3.0,1996-03-01 00:00:00
40516,408,2.0,1996-03-01 00:00:00
40640,371,4.0,1996-03-01 00:00:00
40233,380,4.0,1996-03-01 00:00:00
40233,377,4.0,1996-03-01 00:00:00
40233,367,1.0,1996-03-01 00:00:00
40233,357,5.0,1996-03-01 00:00:00
40233,356,4.0,1996-03-01 00:00:00
40233,353,3.0,1996-03-01 00:00:00
40233,349,4.0,1996-03-01 00:00:00
40233,315,2.0,1996-03-01 00:00:00
40233,296,5.0,1996-03-01 00:00:00
40233,288,4.0,1996-03-01 00:00:00
40516,434,3.0,1996-03-01 00:00:00
40516,431,3.0,1996-03-01 00:00:00
40516,430,2.0,1996-03-01 00:00:00
40516,429,2.0,1996-03-01 00:00:00
40516,372,4.0,1996-03-01 00:00:00
40516,371,4.0,1996-03-01 00:00:00
40516,349,4.0,1996-03-01 00:00:00
40516,347,2.0,1996-03-01 00:00:00
40516,344,1.0,1996-03-01 00:00:00
40516,439,3.0,1996-03-01 00:00:00
40316,357,4.0,1996-03-01 00:00:00
40316,223,5.0,1996-03-01 00:00:00
40516,337,4.0,1996-03-01 00:00:00
40640,344,3.0,1996-03-01 00:00:00
40516,300,5.0,1996-03-01 00:00:00
40640,347,2.0,1996-03-01 00:00:00
40316,356,4.0,1996-03-01 00:00:00
40516,472,4.0,1996-03-01 00:00:00
40516,498,2.0,1996-03-01 00:00:00
40516,492,4.0,1996-03-01 00:00:00
40516,491,3.0,1996-03-01 00:00:00
40516,490,2.0,1996-03-01 00:00:00
40516,489,2.0,1996-03-01 00:00:00
40516,488,3.0,1996-03-01 00:00:00
40516,487,3.0,1996-03-01 00:00:00
40516,486,3.0,1996-03-01 00:00:00
40516,485,2.0,1996-03-01 00:00:00
40516,483,4.0,1996-03-01 00:00:00
40516,474,4.0,1996-03-01 00:00:00
40516,481,3.0,1996-03-01 00:00:00
40516,493,5.0,1996-03-01 00:00:00
40516,497,3.0,1996-03-01 00:00:00
40516,479,3.0,1996-03-01 00:00:00
40516,480,4.0,1996-03-01 00:00:00
34955,227,1.0,1996-03-01 16:35:36
34955,410,3.0,1996-03-01 16:35:36
34955,500,2.0,1996-03-01 16:35:37
34955,485,2.0,1996-03-01 16:35:37
35718,39,4.0,1996-03-01 17:08:57
35718,367,3.0,1996-03-01 17:09:16
38430,344,1.0,1996-03-01 17:53:58
38430,85,4.0,1996-03-01 18:01:05
38430,350,4.0,1996-03-01 18:01:06
40233,316,4.0,1996-03-02 18:04:27
40233,256,4.0,1996-03-02 18:04:27
40233,179,4.0,1996-03-02 18:04:27
40233,225,5.0,1996-03-02 18:04:27
40233,153,5.0,1996-03-02 18:04:27
40233,150,5.0,1996-03-02 18:04:27
40233,186,4.0,1996-03-02 18:04:27
40233,172,4.0,1996-03-02 18:04:27
40233,168,3.0,1996-03-02 18:04:27
40233,161,4.0,1996-03-02 18:04:27
40233,185,4.0,1996-03-02 18:04:28
40233,318,3.0,1996-03-02 18:04:28
40233,204,4.0,1996-03-02 18:04:28
40233,272,5.0,1996-03-02 18:04:28
40233,157,4.0,1996-03-02 18:09:18
40233,319,5.0,1996-03-02 18:09:19
35241,223,5.0,1996-03-02 23:45:42
35241,158,3.0,1996-03-02 23:45:42
35241,296,5.0,1996-03-02 23:45:42
35241,172,2.0,1996-03-02 23:45:42
35241,234,2.0,1996-03-02 23:53:42
35241,327,1.0,1996-03-02 23:53:43
40233,304,4.0,1996-03-03 15:49:10
40233,468,5.0,1996-03-03 15:49:10
40233,338,3.0,1996-03-03 15:49:10
41110,19,2.0,1996-03-04 15:06:27
41110,104,4.0,1996-03-04 15:06:27
41110,10,4.0,1996-03-04 15:06:27
41110,65,1.0,1996-03-04 15:06:27
41110,70,1.0,1996-03-04 15:06:27
41110,62,5.0,1996-03-04 15:06:28
41110,7,5.0,1996-03-04 15:06:28
41110,6,3.0,1996-03-04 15:06:28
41110,2,4.0,1996-03-04 15:06:28
41110,1,5.0,1996-03-04 15:06:28
41110,76,3.0,1996-03-04 15:06:28
41110,26,5.0,1996-03-04 15:06:28
41203,2,4.0,1996-03-05 07:52:23
41203,9,5.0,1996-03-05 07:52:23
41203,10,4.0,1996-03-05 07:52:23
41203,11,4.0,1996-03-05 07:52:23
41203,17,5.0,1996-03-05 07:52:23
41203,21,5.0,1996-03-05 07:52:23
41203,25,5.0,1996-03-05 07:52:23
41203,144,5.0,1996-03-05 07:52:23
41203,85,5.0,1996-03-05 07:52:23
41203,36,5.0,1996-03-05 07:52:23
41203,1,5.0,1996-03-05 07:52:24
41203,5,4.0,1996-03-05 08:14:40
41203,224,5.0,1996-03-05 08:19:45
41203,150,5.0,1996-03-05 08:19:45
41203,223,5.0,1996-03-05 08:19:45
41203,222,5.0,1996-03-05 08:19:45
41203,268,5.0,1996-03-05 08:19:46
41203,236,3.0,1996-03-05 08:19:46
41203,233,5.0,1996-03-05 08:19:46
41203,272,4.0,1996-03-05 08:19:47
41203,50,5.0,1996-03-05 08:19:47
41203,151,5.0,1996-03-05 08:19:47
41203,316,3.0,1996-03-05 08:19:47
41203,147,5.0,1996-03-05 08:19:47
41203,296,5.0,1996-03-05 08:19:47
41203,468,5.0,1996-03-05 08:19:47
41203,314,5.0,1996-03-05 08:19:47
41203,339,5.0,1996-03-05 08:19:48
41203,317,5.0,1996-03-05 08:22:49
41203,292,4.0,1996-03-05 08:22:49
41203,276,4.0,1996-03-05 08:22:49
41203,153,4.0,1996-03-05 08:22:49
41203,161,5.0,1996-03-05 08:22:49
41203,252,5.0,1996-03-05 08:22:49
41203,218,5.0,1996-03-05 08:24:43
37801,215,4.0,1996-03-05 15:08:43
37801,153,4.0,1996-03-05 15:08:43
37801,150,4.0,1996-03-05 15:08:43
37801,22,4.0,1996-03-05 15:08:44
37801,234,3.0,1996-03-05 15:08:44
37801,160,2.0,1996-03-05 15:08:44
37801,237,4.0,1996-03-05 15:08:44
37801,168,4.0,1996-03-05 15:08:44
37801,230,4.0,1996-03-05 15:08:44
37801,218,4.0,1996-03-05 15:08:44
37801,225,3.0,1996-03-05 15:08:44
37801,216,2.0,1996-03-05 15:08:44
37801,272,5.0,1996-03-05 15:08:45
37801,266,3.0,1996-03-05 15:08:45
37801,144,4.0,1996-03-05 15:08:45
37801,281,3.0,1996-03-05 15:08:45
37801,236,4.0,1996-03-05 15:08:45
37801,292,3.0,1996-03-05 15:08:45
37801,278,4.0,1996-03-05 15:08:45
37801,339,2.0,1996-03-05 15:08:46
41402,7,4.0,1996-03-08 13:57:32
41402,1,4.0,1996-03-08 13:57:32
41402,21,4.0,1996-03-08 13:57:32
41402,19,4.0,1996-03-08 13:57:32
41402,16,4.0,1996-03-08 13:57:32
41402,6,4.0,1996-03-08 13:57:32
41402,10,4.0,1996-03-08 13:57:32
41402,110,4.0,1996-03-08 13:57:32
41402,70,5.0,1996-03-08 13:57:32
41402,65,4.0,1996-03-08 13:57:32
41402,88,3.0,1996-03-08 14:02:57
41402,163,5.0,1996-03-08 14:17:36
41402,153,4.0,1996-03-08 14:17:36
41402,150,4.0,1996-03-08 14:17:36
41402,161,4.0,1996-03-08 14:17:36
41402,39,4.0,1996-03-08 14:17:36
41402,215,5.0,1996-03-08 14:17:36
41402,216,5.0,1996-03-08 14:17:36
41402,186,3.0,1996-03-08 14:17:37
41402,196,4.0,1996-03-08 14:17:37
41402,175,4.0,1996-03-08 14:17:37
41402,292,3.0,1996-03-08 14:17:37
41402,172,3.0,1996-03-08 14:17:37
41402,288,5.0,1996-03-08 14:17:37
41402,170,4.0,1996-03-08 14:17:37
41402,235,5.0,1996-03-08 14:17:37
41402,193,3.0,1996-03-08 14:17:37
41402,296,5.0,1996-03-08 14:17:37
41402,44,4.0,1996-03-08 14:17:37
41402,325,3.0,1996-03-08 14:17:37
41402,259,4.0,1996-03-08 14:17:37
41402,316,4.0,1996-03-08 14:17:37
41402,342,4.0,1996-03-08 14:17:37
41402,327,4.0,1996-03-08 14:17:38
41402,208,4.0,1996-03-08 14:17:38
41402,333,4.0,1996-03-08 14:17:38
41402,318,5.0,1996-03-08 14:17:38
41402,185,4.0,1996-03-08 14:17:38
41402,50,5.0,1996-03-08 14:17:38
41402,303,4.0,1996-03-08 14:17:38
41402,312,4.0,1996-03-08 14:17:38
41402,332,3.0,1996-03-08 14:17:38
38206,218,4.0,1996-03-08 21:09:02
38206,150,4.0,1996-03-08 21:09:02
38206,160,3.0,1996-03-08 21:09:02
38206,19,2.0,1996-03-08 21:09:02
38206,222,4.0,1996-03-08 21:09:02
38206,39,4.0,1996-03-08 21:09:02
38206,229,4.0,1996-03-08 21:09:02
38206,235,4.0,1996-03-08 21:09:03
38206,249,4.0,1996-03-08 21:09:03
38206,252,3.0,1996-03-08 21:09:03
38206,233,5.0,1996-03-08 21:09:03
38206,300,4.0,1996-03-08 21:09:04
38206,296,5.0,1996-03-08 21:09:04
38206,282,4.0,1996-03-08 21:09:04
38206,278,3.0,1996-03-08 21:09:04
38206,173,3.0,1996-03-08 21:09:04
38206,261,5.0,1996-03-08 21:09:04
38206,342,3.0,1996-03-08 21:09:04
38206,331,3.0,1996-03-08 21:09:05
38206,468,4.0,1996-03-08 21:09:05
38206,272,5.0,1996-03-08 21:09:05
38206,319,5.0,1996-03-08 21:09:05
38206,339,4.0,1996-03-08 21:09:05
38206,149,3.0,1996-03-08 21:11:46
35139,150,5.0,1996-03-08 22:53:41
35139,218,4.0,1996-03-08 22:53:41
35139,153,4.0,1996-03-08 22:53:41
35139,233,4.0,1996-03-08 22:53:42
35139,236,5.0,1996-03-08 22:53:42
35139,235,5.0,1996-03-08 22:53:42
35139,222,5.0,1996-03-08 22:53:42
35139,186,4.0,1996-03-08 22:53:42
35139,289,4.0,1996-03-08 22:53:42
35139,173,4.0,1996-03-08 22:53:42
35139,163,4.0,1996-03-08 22:53:42
35139,292,4.0,1996-03-08 22:53:42
35139,296,5.0,1996-03-08 22:53:42
35139,300,5.0,1996-03-08 22:53:42
35139,261,5.0,1996-03-08 22:53:42
35139,315,3.0,1996-03-08 22:53:43
35139,272,5.0,1996-03-08 22:53:43
35139,317,5.0,1996-03-08 22:53:43
35139,331,5.0,1996-03-08 22:53:43
35139,338,4.0,1996-03-08 22:53:43
35139,468,5.0,1996-03-08 22:53:43
35139,185,4.0,1996-03-08 22:53:43
35139,151,5.0,1996-03-08 22:53:43
35139,339,4.0,1996-03-08 22:53:43
41500,141,5.0,1996-03-10 05:56:33
41500,17,5.0,1996-03-10 06:02:31
41500,25,4.0,1996-03-10 06:02:31
41500,70,4.0,1996-03-10 06:02:31
41500,95,4.0,1996-03-10 06:02:31
41500,16,3.0,1996-03-10 06:02:31
41500,10,3.0,1996-03-10 06:02:31
41500,45,4.0,1996-03-10 06:02:32
41500,1,5.0,1996-03-10 06:02:32
41500,36,5.0,1996-03-10 06:05:41
40233,203,5.0,1996-03-10 17:59:03
40233,31,4.0,1996-03-10 17:59:03
34955,588,5.0,1996-03-11 10:08:09
41402,300,4.0,1996-03-12 08:57:56
41402,174,2.0,1996-03-12 08:57:56
41402,181,4.0,1996-03-12 08:57:56
41402,225,3.0,1996-03-12 08:57:56
41402,145,4.0,1996-03-12 08:57:56
41402,256,3.0,1996-03-12 08:57:56
41402,315,3.0,1996-03-12 08:57:56
41402,158,3.0,1996-03-12 08:57:56
36398,110,5.0,1996-03-12 09:51:04
36398,100,3.0,1996-03-12 09:51:04
36398,105,5.0,1996-03-12 09:51:04
36398,95,4.0,1996-03-12 09:51:04
36398,92,2.0,1996-03-12 09:51:04
36398,111,5.0,1996-03-12 09:51:04
35718,185,4.0,1996-03-12 15:14:54
35718,296,4.0,1996-03-12 15:14:54
35718,163,2.0,1996-03-12 15:14:54
35718,235,4.0,1996-03-12 15:14:54
35718,208,1.0,1996-03-12 15:14:54
35718,193,4.0,1996-03-12 15:14:54
35718,150,5.0,1996-03-12 15:14:54
42109,6,4.0,1996-03-12 15:15:17
35718,314,5.0,1996-03-12 15:17:22
35718,233,4.0,1996-03-12 15:17:22
35718,203,5.0,1996-03-12 15:17:22
42109,34,5.0,1996-03-12 15:19:50
42109,135,1.0,1996-03-12 15:19:50
42109,16,4.0,1996-03-12 15:19:50
42109,21,4.0,1996-03-12 15:19:50
42109,104,1.0,1996-03-12 15:19:50
42109,95,3.0,1996-03-12 15:19:50
42109,57,4.0,1996-03-12 15:19:50
42109,111,5.0,1996-03-12 15:19:51
42109,11,4.0,1996-03-12 15:19:51
42109,17,1.0,1996-03-12 15:19:51
42109,103,4.0,1996-03-12 15:19:51
42109,52,4.0,1996-03-12 15:19:51
42109,25,5.0,1996-03-12 15:19:51
42109,45,5.0,1996-03-12 15:19:51
42109,36,4.0,1996-03-12 15:22:35
38430,316,3.0,1996-03-12 15:58:26
38430,468,5.0,1996-03-12 15:58:26
38430,300,5.0,1996-03-12 15:58:26
38430,234,1.0,1996-03-12 15:58:26
38430,50,5.0,1996-03-12 15:58:26
38430,222,5.0,1996-03-12 15:58:26
38430,39,4.0,1996-03-12 15:58:26
38430,150,5.0,1996-03-12 15:58:26
38430,151,4.0,1996-03-12 15:58:26
38430,266,5.0,1996-03-12 15:58:26
38430,235,3.0,1996-03-12 16:02:17
51916,94,4.0,1996-03-12 21:08:45
51916,261,5.0,1996-03-12 21:14:50
42402,17,4.0,1996-03-13 19:18:41
42402,111,5.0,1996-03-13 19:18:41
42402,95,4.0,1996-03-13 19:18:41
42402,62,5.0,1996-03-13 19:18:41
42402,11,4.0,1996-03-13 19:18:41
42402,19,2.0,1996-03-13 19:18:41
42402,36,5.0,1996-03-13 19:18:41
42402,161,5.0,1996-03-13 19:26:31
42402,236,4.0,1996-03-13 19:26:31
42402,237,4.0,1996-03-13 19:26:31
42402,222,5.0,1996-03-13 19:26:31
42402,218,5.0,1996-03-13 19:26:31
42402,252,4.0,1996-03-13 19:26:31
42402,235,3.0,1996-03-13 19:26:31
42402,225,5.0,1996-03-13 19:26:31
42402,160,3.0,1996-03-13 19:26:31
42402,31,4.0,1996-03-13 19:26:31
42402,150,5.0,1996-03-13 19:26:31
42402,208,2.0,1996-03-13 19:26:32
42402,280,5.0,1996-03-13 19:26:32
42402,281,4.0,1996-03-13 19:26:32
42402,277,3.0,1996-03-13 19:26:32
42402,272,5.0,1996-03-13 19:26:32
42402,147,4.0,1996-03-13 19:26:32
42402,318,5.0,1996-03-13 19:26:32
42402,316,5.0,1996-03-13 19:26:32
42402,300,5.0,1996-03-13 19:26:32
42402,296,3.0,1996-03-13 19:26:32
42402,292,4.0,1996-03-13 19:26:32
42402,282,5.0,1996-03-13 19:26:32
42402,340,4.0,1996-03-13 19:26:32
42602,10,4.0,1996-03-14 04:02:54
42602,6,5.0,1996-03-14 04:02:54
42602,19,4.0,1996-03-14 04:02:54
42602,111,4.0,1996-03-14 04:02:54
42602,110,5.0,1996-03-14 04:02:54
42602,11,4.0,1996-03-14 04:02:54
42602,158,4.0,1996-03-14 04:20:18
42602,153,4.0,1996-03-14 04:20:18
42602,227,4.0,1996-03-14 04:20:18
42602,149,2.0,1996-03-14 04:20:18
42602,145,5.0,1996-03-14 04:20:18
42602,224,4.0,1996-03-14 04:20:18
42602,249,4.0,1996-03-14 04:20:18
42602,252,4.0,1996-03-14 04:20:18
42602,437,3.0,1996-03-14 04:20:18
42602,229,4.0,1996-03-14 04:20:18
42602,160,3.0,1996-03-14 04:20:18
42602,280,4.0,1996-03-14 04:20:19
42602,276,3.0,1996-03-14 04:20:19
42602,173,3.0,1996-03-14 04:20:19
42602,292,4.0,1996-03-14 04:20:19
42602,288,4.0,1996-03-14 04:20:19
42602,151,4.0,1996-03-14 04:20:19
42602,300,4.0,1996-03-14 04:20:19
42602,50,5.0,1996-03-14 04:20:19
42602,44,3.0,1996-03-14 04:20:19
42602,303,3.0,1996-03-14 04:20:19
42602,315,4.0,1996-03-14 04:20:19
42602,316,4.0,1996-03-14 04:20:19
42602,318,5.0,1996-03-14 04:20:19
42602,339,4.0,1996-03-14 04:20:19
42602,296,5.0,1996-03-14 04:20:19
42602,208,4.0,1996-03-14 04:20:19
42602,319,4.0,1996-03-14 04:20:19
42602,257,2.0,1996-03-14 04:20:19
42602,259,4.0,1996-03-14 04:20:19
42602,266,4.0,1996-03-14 04:20:19
41110,110,5.0,1996-03-14 08:41:01
41110,168,3.0,1996-03-14 09:05:10
41110,31,4.0,1996-03-14 09:05:10
41110,234,2.0,1996-03-14 09:05:10
41110,179,4.0,1996-03-14 09:05:10
41110,227,3.0,1996-03-14 09:05:10
41110,216,4.0,1996-03-14 09:05:10
41110,172,1.0,1996-03-14 09:05:10
41110,161,4.0,1996-03-14 09:05:10
41110,160,3.0,1996-03-14 09:05:10
41110,225,4.0,1996-03-14 09:05:10
41110,39,5.0,1996-03-14 09:05:10
41110,274,2.0,1996-03-14 09:05:10
41110,267,4.0,1996-03-14 09:05:10
41110,266,4.0,1996-03-14 09:05:10
41110,256,4.0,1996-03-14 09:05:10
41110,71,2.0,1996-03-14 09:05:10
41110,252,5.0,1996-03-14 09:05:10
41110,249,4.0,1996-03-14 09:05:10
41110,145,5.0,1996-03-14 09:05:10
41110,150,5.0,1996-03-14 09:05:10
41110,153,5.0,1996-03-14 09:05:10
41110,157,1.0,1996-03-14 09:05:10
41110,158,4.0,1996-03-14 09:05:10
41110,22,3.0,1996-03-14 09:05:10
41110,222,2.0,1996-03-14 09:05:10
41110,340,4.0,1996-03-14 09:05:11
41110,44,2.0,1996-03-14 09:05:11
41110,275,3.0,1996-03-14 09:05:11
41110,276,3.0,1996-03-14 09:05:11
41110,280,5.0,1996-03-14 09:05:11
41110,282,4.0,1996-03-14 09:05:11
41110,288,4.0,1996-03-14 09:05:11
41110,208,4.0,1996-03-14 09:05:11
41110,292,4.0,1996-03-14 09:05:11
41110,203,2.0,1996-03-14 09:05:11
41110,296,3.0,1996-03-14 09:05:11
41110,186,3.0,1996-03-14 09:05:11
41110,185,5.0,1996-03-14 09:05:11
41110,300,4.0,1996-03-14 09:05:11
41110,316,4.0,1996-03-14 09:05:11
41110,339,5.0,1996-03-14 09:05:11
41110,48,3.0,1996-03-14 09:05:11
41110,54,2.0,1996-03-14 09:05:11
41110,318,5.0,1996-03-14 09:05:11
41110,303,3.0,1996-03-14 09:05:11
41110,315,3.0,1996-03-14 09:05:11
41110,317,4.0,1996-03-14 09:05:11
41110,170,4.0,1996-03-14 09:07:19
41110,173,3.0,1996-03-14 09:07:19
41110,437,2.0,1996-03-14 09:07:19
41110,60,3.0,1996-03-14 09:07:20
41110,333,4.0,1996-03-14 09:07:20
41110,174,4.0,1996-03-14 09:07:20
35718,144,4.0,1996-03-14 15:13:41
35718,352,4.0,1996-03-14 15:13:41
38644,261,5.0,1996-03-14 17:26:26
38644,252,4.0,1996-03-14 17:26:26
38644,235,1.0,1996-03-14 17:26:26
38644,236,4.0,1996-03-14 17:26:26
38644,270,4.0,1996-03-14 17:26:26
38644,276,4.0,1996-03-14 17:26:26
38644,186,4.0,1996-03-14 17:26:26
38644,161,5.0,1996-03-14 17:26:26
38644,150,5.0,1996-03-14 17:26:26
38644,144,4.0,1996-03-14 17:26:26
38644,222,4.0,1996-03-14 17:26:26
38644,224,4.0,1996-03-14 17:26:26
38644,218,4.0,1996-03-14 17:26:26
38644,314,5.0,1996-03-14 17:26:26
38644,468,5.0,1996-03-14 17:26:26
38644,272,5.0,1996-03-14 17:26:26
38644,282,4.0,1996-03-14 17:26:26
38644,289,4.0,1996-03-14 17:26:26
38644,292,5.0,1996-03-14 17:26:26
38644,300,4.0,1996-03-14 17:26:26
38644,339,4.0,1996-03-14 17:26:27
35718,48,3.0,1996-03-14 21:10:54
41500,150,4.0,1996-03-16 08:38:49
41500,296,5.0,1996-03-16 08:38:50
41500,319,4.0,1996-03-16 08:38:50
41500,277,3.0,1996-03-16 08:38:50
41500,185,3.0,1996-03-16 08:38:50
41500,203,2.0,1996-03-16 08:38:50
41500,229,4.0,1996-03-16 08:38:50
41500,339,4.0,1996-03-16 08:38:50
41500,50,5.0,1996-03-16 08:38:50
41500,288,4.0,1996-03-16 08:38:50
41500,230,4.0,1996-03-16 08:38:50
41500,318,5.0,1996-03-16 08:38:50
41500,186,4.0,1996-03-16 08:43:16
41500,234,2.0,1996-03-16 08:43:16
41500,276,3.0,1996-03-16 08:43:16
41500,22,4.0,1996-03-16 08:43:16
41500,65,1.0,1996-03-17 06:56:21
41500,88,1.0,1996-03-17 06:56:21
41500,608,5.0,1996-03-17 06:56:21
40233,170,4.0,1996-03-17 16:37:29
40233,252,5.0,1996-03-17 16:37:29
40233,160,4.0,1996-03-17 16:39:53
44056,25,3.0,1996-03-18 06:21:17
44056,34,5.0,1996-03-18 06:21:17
44056,36,3.0,1996-03-18 06:21:17
44056,17,5.0,1996-03-18 06:21:17
44056,7,4.0,1996-03-18 06:21:17
44056,4,3.0,1996-03-18 06:21:17
44056,1,3.0,1996-03-18 06:21:17
44056,62,5.0,1996-03-18 06:21:17
44056,19,1.0,1996-03-18 06:21:17
44056,95,4.0,1996-03-18 06:21:17
44056,101,3.0,1996-03-18 06:21:17
44056,110,5.0,1996-03-18 06:21:17
44056,141,3.0,1996-03-18 06:21:17
44056,608,4.0,1996-03-18 06:21:17
44056,86,4.0,1996-03-18 06:21:17
44056,11,5.0,1996-03-18 06:21:17
44056,10,4.0,1996-03-18 06:34:03
37240,107,3.0,1996-03-18 08:09:31
37240,62,4.0,1996-03-18 08:09:31
37240,609,2.0,1996-03-18 08:09:31
37240,619,1.0,1996-03-18 08:09:31
37240,174,1.0,1996-03-18 08:16:10
37240,153,5.0,1996-03-18 08:16:10
37240,234,3.0,1996-03-18 08:16:10
37240,235,5.0,1996-03-18 08:16:10
37240,249,4.0,1996-03-18 08:16:10
37240,181,1.0,1996-03-18 08:16:11
37240,266,4.0,1996-03-18 08:16:11
37240,300,5.0,1996-03-18 08:16:11
37240,44,1.0,1996-03-18 08:16:11
37240,317,3.0,1996-03-18 08:16:11
37240,468,4.0,1996-03-18 08:16:11
37801,60,4.0,1996-03-18 17:09:14
37801,208,4.0,1996-03-18 17:09:14
37801,319,4.0,1996-03-18 17:09:14
37801,437,2.0,1996-03-18 17:09:14
37801,57,4.0,1996-03-18 17:21:01
41500,153,4.0,1996-03-18 18:36:15
41500,300,5.0,1996-03-18 18:36:15
41500,316,3.0,1996-03-18 18:36:15
44470,21,5.0,1996-03-19 08:21:44
44470,105,5.0,1996-03-19 08:21:44
44470,111,5.0,1996-03-19 08:21:44
44470,468,3.0,1996-03-19 08:25:29
44470,110,4.0,1996-03-19 08:25:29
44470,300,4.0,1996-03-19 08:25:29
44470,296,5.0,1996-03-19 08:25:29
44470,278,4.0,1996-03-19 08:25:29
44470,281,5.0,1996-03-19 08:25:29
44470,224,5.0,1996-03-19 08:25:29
44470,150,5.0,1996-03-19 08:25:29
44470,237,4.0,1996-03-19 08:25:29
44470,17,5.0,1996-03-19 08:28:04
44470,261,4.0,1996-03-19 08:29:47
44470,272,4.0,1996-03-19 08:29:47
42109,608,2.0,1996-03-19 18:57:07
42109,229,5.0,1996-03-19 19:08:22
42109,225,2.0,1996-03-19 19:08:22
42109,222,3.0,1996-03-19 19:08:22
42109,218,3.0,1996-03-19 19:08:22
42109,147,4.0,1996-03-19 19:08:22
42109,150,4.0,1996-03-19 19:08:22
42109,208,4.0,1996-03-19 19:08:22
42109,153,3.0,1996-03-19 19:08:22
42109,230,4.0,1996-03-19 19:08:22
42109,158,3.0,1996-03-19 19:08:22
42109,161,4.0,1996-03-19 19:08:22
42109,185,4.0,1996-03-19 19:08:22
42109,196,3.0,1996-03-19 19:08:22
42109,50,5.0,1996-03-19 19:08:22
42109,233,5.0,1996-03-19 19:08:22
42109,270,3.0,1996-03-19 19:08:22
42109,280,4.0,1996-03-19 19:08:22
42109,281,4.0,1996-03-19 19:08:22
42109,288,5.0,1996-03-19 19:08:22
42109,39,5.0,1996-03-19 19:08:22
42109,292,4.0,1996-03-19 19:08:22
42109,259,4.0,1996-03-19 19:08:22
42109,300,4.0,1996-03-19 19:08:22
42109,296,3.0,1996-03-19 19:08:22
42109,237,4.0,1996-03-19 19:08:22
42109,339,4.0,1996-03-19 19:08:22
42109,335,4.0,1996-03-19 19:08:22
42109,236,4.0,1996-03-19 19:08:22
42109,333,4.0,1996-03-19 19:08:22
42109,319,2.0,1996-03-19 19:08:22
42109,256,3.0,1996-03-19 19:10:27
42109,312,3.0,1996-03-19 19:10:28
44661,21,5.0,1996-03-19 23:35:38
44661,74,4.0,1996-03-19 23:35:38
44661,40,5.0,1996-03-19 23:35:38
44661,7,3.0,1996-03-19 23:35:39
44661,17,5.0,1996-03-19 23:35:39
44661,11,5.0,1996-03-19 23:35:39
44661,1,5.0,1996-03-19 23:35:39
44661,111,5.0,1996-03-19 23:35:39
44661,105,4.0,1996-03-19 23:35:39
44661,150,5.0,1996-03-19 23:47:34
44661,161,4.0,1996-03-19 23:47:34
44661,218,4.0,1996-03-19 23:47:34
44661,235,4.0,1996-03-19 23:47:34
44661,249,4.0,1996-03-19 23:47:34
44661,185,2.0,1996-03-19 23:47:35
44661,339,5.0,1996-03-19 23:47:35
44661,259,5.0,1996-03-19 23:47:35
44661,282,1.0,1996-03-19 23:47:35
44661,289,2.0,1996-03-19 23:47:35
44661,292,4.0,1996-03-19 23:47:35
44661,296,5.0,1996-03-19 23:47:35
44661,316,3.0,1996-03-19 23:47:35
44661,272,5.0,1996-03-19 23:47:35
44661,300,5.0,1996-03-19 23:49:58
41402,173,3.0,1996-03-20 07:21:58
41402,317,3.0,1996-03-20 07:21:58
41402,95,5.0,1996-03-20 07:25:41
44878,16,5.0,1996-03-20 08:11:31
44878,65,5.0,1996-03-20 08:11:31
44878,88,3.0,1996-03-20 08:11:31
44878,95,4.0,1996-03-20 08:11:31
44878,110,5.0,1996-03-20 08:11:31
44878,10,5.0,1996-03-20 08:11:32
44878,104,5.0,1996-03-20 08:11:32
44878,19,5.0,1996-03-20 08:24:07
44878,216,4.0,1996-03-20 08:24:07
44878,161,4.0,1996-03-20 08:24:07
44878,160,3.0,1996-03-20 08:24:07
44878,153,4.0,1996-03-20 08:24:07
44878,150,4.0,1996-03-20 08:24:07
44878,39,2.0,1996-03-20 08:24:07
44878,31,3.0,1996-03-20 08:24:07
44878,170,4.0,1996-03-20 08:24:08
44878,208,4.0,1996-03-20 08:24:08
44878,204,4.0,1996-03-20 08:24:08
44878,203,1.0,1996-03-20 08:24:08
44878,196,3.0,1996-03-20 08:24:08
44878,44,4.0,1996-03-20 08:24:08
44878,54,1.0,1996-03-20 08:24:08
44878,186,2.0,1996-03-20 08:24:08
44878,185,4.0,1996-03-20 08:24:08
44878,172,1.0,1996-03-20 08:24:08
44878,219,2.0,1996-03-20 08:24:08
44878,227,4.0,1996-03-20 08:24:08
44878,241,1.0,1996-03-20 08:24:08
44878,340,3.0,1996-03-20 08:24:08
44878,339,4.0,1996-03-20 08:24:08
44878,338,3.0,1996-03-20 08:24:08
44878,333,4.0,1996-03-20 08:24:08
44878,327,2.0,1996-03-20 08:24:08
44878,318,4.0,1996-03-20 08:24:08
44878,317,1.0,1996-03-20 08:24:08
44878,316,3.0,1996-03-20 08:24:08
44878,315,4.0,1996-03-20 08:24:08
44878,299,1.0,1996-03-20 08:24:08
44878,288,5.0,1996-03-20 08:24:08
44878,276,2.0,1996-03-20 08:24:08
44878,257,2.0,1996-03-20 08:24:08
44878,292,4.0,1996-03-20 08:24:08
44878,168,4.0,1996-03-20 08:24:08
37240,92,4.0,1996-03-20 09:14:08
37240,225,3.0,1996-03-20 09:17:47
37240,208,3.0,1996-03-20 09:17:47
37240,19,2.0,1996-03-20 09:17:47
37240,331,5.0,1996-03-20 09:17:47
37240,327,3.0,1996-03-20 09:17:47
37240,244,1.0,1996-03-20 09:19:06
37240,243,3.0,1996-03-20 09:19:06
45079,11,5.0,1996-03-20 22:17:35
45079,40,5.0,1996-03-20 22:17:35
45079,74,4.0,1996-03-20 22:17:35
45079,105,4.0,1996-03-20 22:17:35
45079,62,5.0,1996-03-20 22:17:35
45079,1,5.0,1996-03-20 22:17:36
45079,7,4.0,1996-03-20 22:17:36
45079,17,5.0,1996-03-20 22:17:36
45079,28,5.0,1996-03-20 22:17:36
45079,218,4.0,1996-03-20 22:22:03
45079,153,4.0,1996-03-20 22:22:03
45079,266,3.0,1996-03-20 22:22:03
45079,252,4.0,1996-03-20 22:22:03
45079,237,4.0,1996-03-20 22:22:03
45079,235,1.0,1996-03-20 22:22:03
45079,224,4.0,1996-03-20 22:22:03
45079,468,5.0,1996-03-20 22:22:03
45079,161,5.0,1996-03-20 22:22:03
45079,150,5.0,1996-03-20 22:22:03
45079,222,5.0,1996-03-20 22:22:03
45079,144,4.0,1996-03-20 22:22:03
45079,186,4.0,1996-03-20 22:22:04
45079,314,5.0,1996-03-20 22:22:04
45079,300,4.0,1996-03-20 22:22:04
45079,316,4.0,1996-03-20 22:22:04
45079,339,4.0,1996-03-20 22:22:04
45079,292,5.0,1996-03-20 22:22:04
45079,270,4.0,1996-03-20 22:22:04
45079,289,4.0,1996-03-20 22:22:04
45079,281,4.0,1996-03-20 22:22:04
45079,261,5.0,1996-03-20 22:22:04
45079,276,4.0,1996-03-20 22:25:24
45079,282,4.0,1996-03-20 22:25:24
35718,110,2.0,1996-03-21 08:14:00
35718,224,5.0,1996-03-21 08:41:19
35718,300,5.0,1996-03-21 08:43:38
35718,288,2.0,1996-03-21 08:43:38
35718,161,4.0,1996-03-21 08:43:38
35718,44,1.0,1996-03-21 08:43:38
35718,468,3.0,1996-03-21 08:44:39
35718,225,4.0,1996-03-21 08:46:25
35718,168,3.0,1996-03-21 08:46:25
45378,110,3.0,1996-03-21 09:44:03
45378,102,2.0,1996-03-21 09:44:03
45378,95,4.0,1996-03-21 09:44:03
45378,141,5.0,1996-03-21 09:44:03
45378,2,5.0,1996-03-21 09:44:03
45378,11,4.0,1996-03-21 09:44:03
45378,17,5.0,1996-03-21 09:44:03
45378,62,5.0,1996-03-21 09:44:03
45378,57,4.0,1996-03-21 09:44:03
45378,5,4.0,1996-03-21 09:44:03
45378,21,4.0,1996-03-21 09:44:03
45378,74,4.0,1996-03-21 09:44:03
45378,7,4.0,1996-03-21 09:44:03
45378,4,5.0,1996-03-21 09:44:04
45378,161,4.0,1996-03-21 09:53:54
45378,158,4.0,1996-03-21 09:53:54
45378,153,4.0,1996-03-21 09:53:54
45378,69,2.0,1996-03-21 09:53:54
45378,19,3.0,1996-03-21 09:53:54
45378,31,4.0,1996-03-21 09:53:54
45378,39,4.0,1996-03-21 09:53:54
45378,48,4.0,1996-03-21 09:53:54
45378,168,5.0,1996-03-21 09:53:54
45378,225,4.0,1996-03-21 09:53:54
45378,185,4.0,1996-03-21 09:53:54
45378,292,4.0,1996-03-21 09:53:54
45378,289,4.0,1996-03-21 09:53:54
45378,282,5.0,1996-03-21 09:53:54
45378,281,4.0,1996-03-21 09:53:54
45378,276,4.0,1996-03-21 09:53:54
45378,275,4.0,1996-03-21 09:53:54
45378,270,3.0,1996-03-21 09:53:54
45378,261,4.0,1996-03-21 09:53:54
45378,256,4.0,1996-03-21 09:53:54
45378,252,4.0,1996-03-21 09:53:54
45378,236,4.0,1996-03-21 09:53:54
45378,234,3.0,1996-03-21 09:53:54
45378,352,4.0,1996-03-21 09:53:54
45378,224,5.0,1996-03-21 09:53:54
45378,468,4.0,1996-03-21 09:53:54
45378,218,4.0,1996-03-21 09:53:54
45378,203,3.0,1996-03-21 09:53:54
45378,186,4.0,1996-03-21 09:53:54
45378,237,4.0,1996-03-21 09:53:54
45378,318,4.0,1996-03-21 09:53:54
45378,339,5.0,1996-03-21 09:53:55
45378,317,4.0,1996-03-21 10:04:52
45378,145,4.0,1996-03-21 10:04:52
45378,180,4.0,1996-03-21 10:04:52
45580,161,5.0,1996-03-21 12:17:43
45580,110,5.0,1996-03-21 12:17:43
45580,222,5.0,1996-03-21 12:17:43
45580,150,5.0,1996-03-21 12:17:43
45580,249,5.0,1996-03-21 12:17:44
45580,468,4.0,1996-03-21 12:17:44
45580,163,5.0,1996-03-21 12:17:44
45580,168,4.0,1996-03-21 12:17:44
45580,172,4.0,1996-03-21 12:17:44
45580,173,5.0,1996-03-21 12:17:44
45580,254,4.0,1996-03-21 12:17:44
45580,266,5.0,1996-03-21 12:17:44
45580,225,4.0,1996-03-21 12:17:44
45580,235,4.0,1996-03-21 12:17:44
45580,236,5.0,1996-03-21 12:17:44
45580,237,4.0,1996-03-21 12:17:44
45580,224,5.0,1996-03-21 12:17:44
45580,282,5.0,1996-03-21 12:17:45
45580,300,4.0,1996-03-21 12:17:45
45580,318,5.0,1996-03-21 12:17:45
45580,339,4.0,1996-03-21 12:17:45
45580,292,4.0,1996-03-21 12:17:45
45580,279,5.0,1996-03-21 12:17:45
45580,270,4.0,1996-03-21 12:17:45
45580,261,5.0,1996-03-21 12:17:45
45580,186,3.0,1996-03-21 12:17:45
45580,151,5.0,1996-03-21 12:17:45
45580,272,5.0,1996-03-21 12:17:45
45580,281,5.0,1996-03-21 12:26:49
45580,48,4.0,1996-03-21 12:26:49
45580,288,1.0,1996-03-21 12:26:49
45580,296,1.0,1996-03-21 12:26:49
41500,494,4.0,1996-03-21 15:16:43
41500,610,5.0,1996-03-21 15:16:43
45698,41,4.0,1996-03-21 19:22:28
45698,36,5.0,1996-03-21 19:22:28
45698,52,5.0,1996-03-21 19:22:28
45698,92,4.0,1996-03-21 19:22:28
45698,10,2.0,1996-03-21 19:22:28
45698,14,4.0,1996-03-21 19:22:28
45698,1,4.0,1996-03-21 19:22:28
45698,7,2.0,1996-03-21 19:22:28
45698,272,5.0,1996-03-21 19:29:43
45698,282,3.0,1996-03-21 19:29:43
45698,266,3.0,1996-03-21 19:29:43
45698,288,4.0,1996-03-21 19:29:43
45698,296,5.0,1996-03-21 19:29:43
45698,300,5.0,1996-03-21 19:29:43
45698,261,5.0,1996-03-21 19:29:43
45698,145,3.0,1996-03-21 19:29:43
45698,224,4.0,1996-03-21 19:29:43
45698,218,2.0,1996-03-21 19:29:43
45698,153,3.0,1996-03-21 19:29:43
45698,48,3.0,1996-03-21 19:29:43
45698,39,5.0,1996-03-21 19:29:43
45797,2,4.0,1996-03-22 12:19:48
45797,11,5.0,1996-03-22 12:19:48
45797,16,5.0,1996-03-22 12:19:48
45797,21,5.0,1996-03-22 12:19:48
45797,215,3.0,1996-03-22 12:29:22
45797,161,4.0,1996-03-22 12:29:22
45797,319,5.0,1996-03-22 12:29:22
45797,318,5.0,1996-03-22 12:29:22
45797,31,5.0,1996-03-22 12:29:22
45797,39,5.0,1996-03-22 12:29:22
45797,317,4.0,1996-03-22 12:29:22
45797,316,3.0,1996-03-22 12:29:22
45797,50,5.0,1996-03-22 12:29:22
45797,153,4.0,1996-03-22 12:29:22
45797,157,4.0,1996-03-22 12:29:22
45797,314,5.0,1996-03-22 12:29:22
45797,296,5.0,1996-03-22 12:29:22
45797,177,5.0,1996-03-22 12:29:22
45797,236,5.0,1996-03-22 12:29:22
45797,179,2.0,1996-03-22 12:29:22
45797,281,5.0,1996-03-22 12:29:22
45797,237,3.0,1996-03-22 12:29:22
45797,249,5.0,1996-03-22 12:29:22
45797,257,5.0,1996-03-22 12:29:22
45797,259,5.0,1996-03-22 12:29:22
45797,288,3.0,1996-03-22 12:29:22
45797,196,2.0,1996-03-22 12:29:22
45797,261,2.0,1996-03-22 12:29:22
45797,266,3.0,1996-03-22 12:29:22
45797,275,1.0,1996-03-22 12:29:22
45797,277,5.0,1996-03-22 12:29:22
45797,186,4.0,1996-03-22 12:29:22
45797,339,5.0,1996-03-22 12:29:22
45896,11,4.0,1996-03-22 13:17:21
45896,40,3.0,1996-03-22 13:17:21
45896,110,5.0,1996-03-22 13:17:21
45896,16,5.0,1996-03-22 13:17:21
45896,21,5.0,1996-03-22 13:17:21
45896,10,2.0,1996-03-22 13:17:21
41500,342,3.0,1996-03-24 06:35:16
41500,102,2.0,1996-03-24 06:36:31
46631,60,5.0,1996-03-24 11:46:55
46631,144,4.0,1996-03-24 11:46:55
46631,172,3.0,1996-03-24 11:46:55
46631,147,3.0,1996-03-24 11:46:55
46631,341,4.0,1996-03-24 11:46:55
46631,327,4.0,1996-03-24 11:46:55
46631,314,5.0,1996-03-24 11:46:55
46631,299,2.0,1996-03-24 11:46:55
46631,150,4.0,1996-03-24 11:46:55
46631,233,5.0,1996-03-24 11:46:55
46631,34,5.0,1996-03-24 11:46:55
46631,272,4.0,1996-03-24 11:46:55
46631,296,5.0,1996-03-24 11:46:55
46631,235,3.0,1996-03-24 11:46:55
40233,50,5.0,1996-03-24 16:59:53
37801,34,5.0,1996-03-25 10:17:08
37801,155,3.0,1996-03-25 10:17:08
46839,218,4.0,1996-03-25 11:33:02
46839,161,4.0,1996-03-25 11:33:02
46839,153,4.0,1996-03-25 11:33:02
46839,145,4.0,1996-03-25 11:33:02
46839,39,5.0,1996-03-25 11:33:02
46839,22,5.0,1996-03-25 11:33:02
46839,31,4.0,1996-03-25 11:33:02
46839,227,3.0,1996-03-25 11:33:03
46839,303,3.0,1996-03-25 11:33:03
46839,300,4.0,1996-03-25 11:33:03
46839,296,5.0,1996-03-25 11:33:03
46839,288,3.0,1996-03-25 11:33:03
46839,236,4.0,1996-03-25 11:33:03
46839,204,4.0,1996-03-25 11:33:03
46839,333,3.0,1996-03-25 11:33:03
46839,185,3.0,1996-03-25 11:33:03
46839,69,3.0,1996-03-25 11:33:03
46839,304,4.0,1996-03-25 11:33:03
46839,94,4.0,1996-03-25 11:36:38
46945,11,4.0,1996-03-25 16:27:24
46945,17,5.0,1996-03-25 16:27:24
46945,1,4.0,1996-03-25 16:27:24
46945,50,5.0,1996-03-25 16:37:33
46945,292,4.0,1996-03-25 16:37:33
46945,317,3.0,1996-03-25 16:37:33
46945,132,3.0,1996-03-25 16:37:33
46945,150,5.0,1996-03-25 16:37:33
46945,186,3.0,1996-03-25 16:37:33
46945,215,1.0,1996-03-25 16:37:33
46945,272,4.0,1996-03-25 16:37:33
46945,222,5.0,1996-03-25 16:37:33
46945,249,4.0,1996-03-25 16:37:33
46945,252,3.0,1996-03-25 16:37:33
46945,271,5.0,1996-03-25 16:37:33
46945,237,4.0,1996-03-25 16:37:33
46945,300,5.0,1996-03-25 16:37:33
46945,282,4.0,1996-03-25 16:39:01
47043,52,5.0,1996-03-26 11:29:57
47043,45,5.0,1996-03-26 11:29:57
47043,1,5.0,1996-03-26 11:29:57
47043,25,5.0,1996-03-26 11:29:57
47043,11,5.0,1996-03-26 11:29:57
47043,7,4.0,1996-03-26 11:29:57
47043,39,5.0,1996-03-26 11:38:56
47043,31,4.0,1996-03-26 11:38:56
47043,225,5.0,1996-03-26 11:38:56
47043,147,5.0,1996-03-26 11:38:56
47043,236,5.0,1996-03-26 11:38:56
47043,237,4.0,1996-03-26 11:38:56
47043,271,4.0,1996-03-26 11:38:56
47043,230,4.0,1996-03-26 11:38:56
47043,352,5.0,1996-03-26 11:38:56
47043,339,4.0,1996-03-26 11:38:56
47043,318,5.0,1996-03-26 11:38:56
47043,317,4.0,1996-03-26 11:38:56
47043,300,5.0,1996-03-26 11:38:56
47043,296,5.0,1996-03-26 11:38:56
47043,282,4.0,1996-03-26 11:38:56
47043,224,3.0,1996-03-26 11:38:56
47043,222,5.0,1996-03-26 11:38:56
47043,218,4.0,1996-03-26 11:38:56
47043,216,2.0,1996-03-26 11:38:56
47043,215,4.0,1996-03-26 11:38:56
47043,185,5.0,1996-03-26 11:38:56
47043,175,5.0,1996-03-26 11:38:56
47043,342,5.0,1996-03-26 11:38:56
47043,261,5.0,1996-03-26 11:38:56
47878,318,5.0,1996-03-26 20:24:07
47878,159,5.0,1996-03-26 20:24:07
47878,292,4.0,1996-03-26 20:24:07
47878,288,4.0,1996-03-26 20:24:07
47878,281,4.0,1996-03-26 20:24:07
47878,22,5.0,1996-03-26 20:24:07
47878,241,5.0,1996-03-26 20:24:07
47878,237,5.0,1996-03-26 20:24:07
47878,233,2.0,1996-03-26 20:24:07
47878,215,5.0,1996-03-26 20:24:07
47878,196,4.0,1996-03-26 20:24:07
47878,185,4.0,1996-03-26 20:24:07
47878,173,3.0,1996-03-26 20:24:07
47878,163,3.0,1996-03-26 20:24:07
47878,160,4.0,1996-03-26 20:24:07
47878,31,5.0,1996-03-26 20:24:07
47878,296,5.0,1996-03-26 20:24:07
47878,276,3.0,1996-03-26 20:24:07
47878,303,5.0,1996-03-26 20:24:07
47878,316,4.0,1996-03-26 20:24:07
47878,208,4.0,1996-03-26 20:24:08
47878,204,4.0,1996-03-26 20:24:08
48175,16,2.0,1996-03-27 00:37:40
48175,11,3.0,1996-03-27 00:37:40
48175,6,4.0,1996-03-27 00:37:40
48175,2,3.0,1996-03-27 00:37:40
48175,21,5.0,1996-03-27 00:37:40
48175,1,5.0,1996-03-27 00:37:40
48175,10,4.0,1996-03-27 00:37:40
48175,70,5.0,1996-03-27 00:37:40
48175,39,4.0,1996-03-27 00:48:23
48175,468,4.0,1996-03-27 00:48:23
48175,23,4.0,1996-03-27 00:48:23
48175,31,4.0,1996-03-27 00:48:23
48175,145,5.0,1996-03-27 00:48:23
48175,132,3.0,1996-03-27 00:48:23
48175,19,4.0,1996-03-27 00:48:23
48175,252,4.0,1996-03-27 00:48:23
48175,227,4.0,1996-03-27 00:48:23
48175,225,4.0,1996-03-27 00:48:23
48175,224,5.0,1996-03-27 00:48:23
48175,168,3.0,1996-03-27 00:48:23
48175,163,5.0,1996-03-27 00:48:23
48175,161,5.0,1996-03-27 00:48:23
48175,160,2.0,1996-03-27 00:48:23
48175,157,3.0,1996-03-27 00:48:23
48175,153,4.0,1996-03-27 00:48:23
48175,22,5.0,1996-03-27 00:48:23
48175,158,4.0,1996-03-27 00:48:23
48175,150,5.0,1996-03-27 00:48:23
48175,276,3.0,1996-03-27 00:48:24
48175,186,4.0,1996-03-27 00:48:24
48175,316,4.0,1996-03-27 00:48:24
48175,196,3.0,1996-03-27 00:48:24
48175,204,3.0,1996-03-27 00:48:24
48175,208,4.0,1996-03-27 00:48:24
48175,257,3.0,1996-03-27 00:48:24
48175,266,4.0,1996-03-27 00:48:24
48175,278,3.0,1996-03-27 00:48:24
48175,342,4.0,1996-03-27 00:48:24
48175,339,4.0,1996-03-27 00:48:24
48175,280,5.0,1996-03-27 00:48:24
48175,288,2.0,1996-03-27 00:48:24
48175,292,5.0,1996-03-27 00:48:24
48175,333,4.0,1996-03-27 00:48:24
48175,296,5.0,1996-03-27 00:48:24
48175,300,4.0,1996-03-27 00:48:24
48175,303,4.0,1996-03-27 00:48:24
48175,315,1.0,1996-03-27 00:48:24
48175,185,4.0,1996-03-27 00:48:24
48175,172,3.0,1996-03-27 00:48:24
48175,50,5.0,1996-03-27 00:48:24
48175,48,4.0,1996-03-27 00:48:24
48175,173,4.0,1996-03-27 00:48:24
48671,2,3.0,1996-03-27 07:23:13
48671,638,3.0,1996-03-27 07:23:13
48671,17,5.0,1996-03-27 07:23:13
48671,16,3.0,1996-03-27 07:23:13
48671,6,2.0,1996-03-27 07:23:13
48671,19,1.0,1996-03-27 07:35:06
48671,342,4.0,1996-03-27 07:35:07
48671,155,1.0,1996-03-27 07:35:07
48671,153,3.0,1996-03-27 07:35:07
48671,160,2.0,1996-03-27 07:35:07
48671,230,5.0,1996-03-27 07:35:07
48671,222,2.0,1996-03-27 07:35:07
48671,225,3.0,1996-03-27 07:35:07
48671,303,2.0,1996-03-27 07:35:07
48671,300,5.0,1996-03-27 07:35:07
48671,296,5.0,1996-03-27 07:35:07
48671,292,4.0,1996-03-27 07:35:07
48671,282,2.0,1996-03-27 07:35:07
48671,249,2.0,1996-03-27 07:35:07
48671,266,4.0,1996-03-27 07:35:07
48671,315,2.0,1996-03-27 07:35:08
48671,319,5.0,1996-03-27 07:35:08
48671,318,5.0,1996-03-27 07:35:08
48671,316,3.0,1996-03-27 07:35:08
48671,50,5.0,1996-03-27 07:35:08
48957,608,5.0,1996-03-27 10:34:58
48957,10,4.0,1996-03-27 10:34:58
48957,1,5.0,1996-03-27 10:34:58
48957,111,5.0,1996-03-27 10:34:58
48957,11,4.0,1996-03-27 10:34:58
48957,70,5.0,1996-03-27 10:34:58
48957,153,3.0,1996-03-27 11:48:42
48957,150,5.0,1996-03-27 11:48:42
48957,163,5.0,1996-03-27 11:48:42
48957,233,4.0,1996-03-27 11:48:42
48957,110,5.0,1996-03-27 11:48:42
48957,235,5.0,1996-03-27 11:48:42
48957,229,5.0,1996-03-27 11:48:42
48957,224,5.0,1996-03-27 11:48:42
48957,216,1.0,1996-03-27 11:48:42
48957,318,5.0,1996-03-27 11:48:43
48957,327,1.0,1996-03-27 11:48:43
48957,266,5.0,1996-03-27 11:48:43
48957,288,5.0,1996-03-27 11:48:43
48957,151,5.0,1996-03-27 11:48:43
48957,186,4.0,1996-03-27 11:48:43
48957,196,3.0,1996-03-27 11:48:43
48957,316,3.0,1996-03-27 11:48:43
48957,300,5.0,1996-03-27 11:48:43
48957,296,5.0,1996-03-27 11:48:43
48957,208,3.0,1996-03-27 11:48:43
49562,1,5.0,1996-03-27 12:25:14
49562,292,4.0,1996-03-27 12:33:51
49562,318,5.0,1996-03-27 12:33:51
49562,339,5.0,1996-03-27 12:33:51
49562,333,4.0,1996-03-27 12:33:51
49562,688,3.0,1996-03-27 12:33:51
49562,158,4.0,1996-03-27 12:33:51
49562,153,4.0,1996-03-27 12:33:51
49562,60,4.0,1996-03-27 12:33:51
49562,54,3.0,1996-03-27 12:33:51
49562,31,4.0,1996-03-27 12:33:51
49562,236,4.0,1996-03-27 12:33:51
49562,296,5.0,1996-03-27 12:33:51
49562,300,5.0,1996-03-27 12:33:51
49562,303,4.0,1996-03-27 12:33:51
49562,288,2.0,1996-03-27 12:33:51
49562,274,4.0,1996-03-27 12:33:51
49562,304,5.0,1996-03-27 12:33:51
49562,317,4.0,1996-03-27 12:33:51
49562,257,5.0,1996-03-27 12:33:51
49562,256,3.0,1996-03-27 12:33:51
49562,252,4.0,1996-03-27 12:33:51
49562,161,5.0,1996-03-27 12:33:51
49562,204,4.0,1996-03-27 12:33:51
49562,172,3.0,1996-03-27 12:33:51
49562,173,3.0,1996-03-27 12:33:51
49562,208,5.0,1996-03-27 12:33:51
49562,186,3.0,1996-03-27 12:33:51
49562,222,3.0,1996-03-27 12:33:51
49668,62,5.0,1996-03-27 13:01:07
49668,113,4.0,1996-03-27 13:01:07
49668,111,4.0,1996-03-27 13:01:07
49668,105,4.0,1996-03-27 13:01:07
49668,34,5.0,1996-03-27 13:23:52
49668,110,5.0,1996-03-27 13:23:52
49668,432,5.0,1996-03-27 13:23:52
49668,19,4.0,1996-03-27 13:23:52
49668,144,4.0,1996-03-27 13:23:52
49668,427,4.0,1996-03-27 13:23:52
49668,150,5.0,1996-03-27 13:23:52
49668,254,3.0,1996-03-27 13:23:53
49668,281,5.0,1996-03-27 13:23:53
49668,160,4.0,1996-03-27 13:23:53
49668,280,5.0,1996-03-27 13:23:53
49668,161,5.0,1996-03-27 13:23:53
49668,168,4.0,1996-03-27 13:23:53
49668,174,3.0,1996-03-27 13:23:53
49668,185,5.0,1996-03-27 13:23:53
49668,279,5.0,1996-03-27 13:23:53
49668,186,4.0,1996-03-27 13:23:53
49668,188,4.0,1996-03-27 13:23:53
49668,282,5.0,1996-03-27 13:23:53
49668,275,4.0,1996-03-27 13:23:53
49668,259,4.0,1996-03-27 13:23:53
49668,257,4.0,1996-03-27 13:23:53
49668,252,3.0,1996-03-27 13:23:53
49668,237,4.0,1996-03-27 13:23:53
49668,223,3.0,1996-03-27 13:23:53
49668,224,5.0,1996-03-27 13:23:53
49668,225,4.0,1996-03-27 13:23:53
49668,227,3.0,1996-03-27 13:23:53
49668,230,4.0,1996-03-27 13:23:53
49668,266,5.0,1996-03-27 13:23:53
49668,233,3.0,1996-03-27 13:23:53
49668,288,3.0,1996-03-27 13:23:53
49668,132,2.0,1996-03-27 13:23:53
49668,590,5.0,1996-03-27 13:23:53
49668,22,5.0,1996-03-27 13:23:53
49668,31,4.0,1996-03-27 13:23:53
49668,468,5.0,1996-03-27 13:23:53
49668,434,3.0,1996-03-27 13:23:53
49668,351,5.0,1996-03-27 13:23:53
49668,349,5.0,1996-03-27 13:23:53
49668,289,4.0,1996-03-27 13:23:53
49668,342,4.0,1996-03-27 13:23:53
49668,236,3.0,1996-03-27 13:23:53
49668,292,5.0,1996-03-27 13:23:53
49668,554,5.0,1996-03-27 13:23:54
49668,296,4.0,1996-03-27 13:23:54
49668,553,4.0,1996-03-27 13:23:54
49668,300,5.0,1996-03-27 13:23:54
49668,318,5.0,1996-03-27 13:23:54
49668,337,5.0,1996-03-27 13:23:54
49668,380,5.0,1996-03-27 13:23:54
49668,316,5.0,1996-03-27 13:23:54
49668,317,4.0,1996-03-27 13:23:54
49668,339,3.0,1996-03-27 13:23:54
49668,338,4.0,1996-03-27 13:23:54
49668,381,4.0,1996-03-27 13:23:54
49668,304,5.0,1996-03-27 13:23:54
49668,315,3.0,1996-03-27 13:23:54
49668,204,4.0,1996-03-27 13:23:54
49668,196,4.0,1996-03-27 13:23:54
49668,193,3.0,1996-03-27 13:23:54
49668,208,4.0,1996-03-27 13:23:54
49668,151,5.0,1996-03-27 13:23:54
49351,39,4.0,1996-03-27 17:52:13
49351,349,4.0,1996-03-27 17:52:13
49351,595,4.0,1996-03-27 17:52:13
49351,592,4.0,1996-03-27 17:52:13
49351,34,5.0,1996-03-27 17:52:13
49351,150,5.0,1996-03-27 17:52:13
49351,153,3.0,1996-03-27 17:52:13
49351,432,3.0,1996-03-27 17:52:13
49351,553,4.0,1996-03-27 17:52:14
49351,203,4.0,1996-03-27 17:52:14
49351,318,5.0,1996-03-27 17:52:14
49351,333,4.0,1996-03-27 17:52:14
49351,234,3.0,1996-03-27 17:52:14
49351,339,4.0,1996-03-27 17:52:14
49351,590,4.0,1996-03-27 17:52:14
49351,48,4.0,1996-03-27 17:52:14
49351,316,4.0,1996-03-27 17:52:14
49351,151,4.0,1996-03-27 17:52:14
49351,300,5.0,1996-03-27 17:52:14
49351,315,3.0,1996-03-27 17:52:14
49351,172,3.0,1996-03-27 17:52:14
49351,225,4.0,1996-03-27 17:52:14
49351,342,2.0,1996-03-27 17:52:14
49351,380,5.0,1996-03-27 17:52:14
49351,296,5.0,1996-03-27 17:52:14
49351,288,4.0,1996-03-27 17:52:14
49351,588,4.0,1996-03-27 17:57:56
49351,23,4.0,1996-03-27 17:57:56
49351,235,5.0,1996-03-27 17:57:56
49351,344,4.0,1996-03-27 17:57:56
49351,434,4.0,1996-03-27 17:57:56
49351,435,3.0,1996-03-27 17:57:56
49351,427,3.0,1996-03-27 17:57:56
49351,416,3.0,1996-03-27 17:57:56
49351,410,4.0,1996-03-27 17:57:56
49351,266,5.0,1996-03-27 17:57:57
49351,275,2.0,1996-03-27 17:57:57
49351,276,3.0,1996-03-27 17:57:57
50755,62,4.0,1996-03-27 18:30:28
50755,1,5.0,1996-03-27 18:30:28
50755,15,3.0,1996-03-27 18:30:28
50755,87,4.0,1996-03-27 18:30:28
50755,151,5.0,1996-03-27 18:48:43
50755,300,4.0,1996-03-27 18:48:43
50755,160,4.0,1996-03-27 18:48:43
50755,150,4.0,1996-03-27 18:50:36
50755,344,4.0,1996-03-27 18:50:36
50755,588,4.0,1996-03-27 18:50:36
50755,261,5.0,1996-03-27 18:50:37
50755,351,4.0,1996-03-27 18:50:37
50755,230,4.0,1996-03-27 18:50:37
50755,234,4.0,1996-03-27 18:50:37
50755,282,5.0,1996-03-27 18:50:37
50755,292,4.0,1996-03-27 18:50:37
50755,296,2.0,1996-03-27 18:50:37
50755,304,4.0,1996-03-27 18:50:37
50755,218,4.0,1996-03-27 18:50:37
50755,161,4.0,1996-03-27 18:50:37
50755,132,4.0,1996-03-27 18:50:37
50755,48,4.0,1996-03-27 18:50:37
50755,432,4.0,1996-03-27 18:50:37
50755,434,4.0,1996-03-27 18:50:37
50755,590,4.0,1996-03-27 18:50:37
50755,595,5.0,1996-03-27 18:50:37
50755,318,4.0,1996-03-27 18:50:38
50755,380,5.0,1996-03-27 18:50:38
50755,317,4.0,1996-03-27 18:50:38
50859,87,5.0,1996-03-27 19:05:37
50859,120,5.0,1996-03-27 19:05:37
50859,95,4.0,1996-03-27 19:05:37
50859,113,4.0,1996-03-27 19:05:37
50859,494,5.0,1996-03-27 19:05:37
50859,76,4.0,1996-03-27 19:05:37
50859,86,5.0,1996-03-27 19:05:37
50859,1,4.0,1996-03-27 19:05:37
50859,2,5.0,1996-03-27 19:05:37
50859,9,3.0,1996-03-27 19:05:37
50859,15,4.0,1996-03-27 19:05:37
50859,10,5.0,1996-03-27 19:05:37
50859,276,5.0,1996-03-27 19:23:03
50859,349,3.0,1996-03-27 19:23:03
50859,169,3.0,1996-03-27 19:23:03
50859,410,3.0,1996-03-27 19:23:03
50859,421,4.0,1996-03-27 19:23:03
50859,282,5.0,1996-03-27 19:23:03
50859,277,2.0,1996-03-27 19:23:03
50859,434,3.0,1996-03-27 19:23:03
50859,168,3.0,1996-03-27 19:23:03
50859,274,4.0,1996-03-27 19:23:03
50859,266,5.0,1996-03-27 19:23:03
50859,185,1.0,1996-03-27 19:23:03
50859,212,4.0,1996-03-27 19:23:03
50859,216,5.0,1996-03-27 19:23:03
50859,435,3.0,1996-03-27 19:23:03
50859,230,5.0,1996-03-27 19:23:03
50859,173,4.0,1996-03-27 19:23:03
50859,592,5.0,1996-03-27 19:23:03
50859,344,5.0,1996-03-27 19:23:03
50859,588,5.0,1996-03-27 19:23:03
50859,590,5.0,1996-03-27 19:23:03
50859,146,5.0,1996-03-27 19:23:03
50859,150,1.0,1996-03-27 19:23:03
50859,595,5.0,1996-03-27 19:23:03
50859,110,5.0,1996-03-27 19:23:03
50859,161,3.0,1996-03-27 19:23:03
50859,160,5.0,1996-03-27 19:23:03
50859,158,4.0,1996-03-27 19:23:03
50859,145,5.0,1996-03-27 19:23:03
50859,60,5.0,1996-03-27 19:23:03
50859,19,3.0,1996-03-27 19:23:03
50859,153,5.0,1996-03-27 19:23:03
50859,31,5.0,1996-03-27 19:23:03
50859,54,5.0,1996-03-27 19:23:03
50859,553,5.0,1996-03-27 19:23:04
50859,318,5.0,1996-03-27 19:23:04
50859,338,4.0,1996-03-27 19:23:04
50859,300,1.0,1996-03-27 19:23:04
50859,304,5.0,1996-03-27 19:23:04
50859,317,5.0,1996-03-27 19:23:04
50859,204,4.0,1996-03-27 19:23:04
50859,340,5.0,1996-03-27 19:23:04
50859,380,4.0,1996-03-27 19:23:04
50859,688,5.0,1996-03-27 19:23:04
50859,208,5.0,1996-03-27 19:23:04
50755,168,5.0,1996-03-27 19:44:20
50755,340,5.0,1996-03-27 19:44:20
50755,266,5.0,1996-03-27 19:45:43
50755,349,4.0,1996-03-27 19:49:29
50755,592,2.0,1996-03-27 19:49:29
50968,111,4.0,1996-03-27 19:56:08
50968,610,4.0,1996-03-27 19:56:08
50968,45,1.0,1996-03-27 19:56:08
50968,1,5.0,1996-03-27 19:56:08
50968,10,5.0,1996-03-27 19:56:08
51058,85,4.0,1996-03-27 20:13:32
51058,52,5.0,1996-03-27 20:13:32
51058,21,5.0,1996-03-27 20:13:32
51058,15,5.0,1996-03-27 20:13:32
51058,111,3.0,1996-03-27 20:13:33
51058,17,4.0,1996-03-27 20:13:33
51058,45,3.0,1996-03-27 20:13:33
50968,31,3.0,1996-03-27 20:14:13
50968,39,4.0,1996-03-27 20:14:13
50968,434,3.0,1996-03-27 20:14:13
50968,590,5.0,1996-03-27 20:14:13
50968,158,5.0,1996-03-27 20:14:13
50968,160,1.0,1996-03-27 20:14:13
50968,692,1.0,1996-03-27 20:14:13
50968,347,5.0,1996-03-27 20:14:13
50968,344,3.0,1996-03-27 20:14:13
50968,592,5.0,1996-03-27 20:14:13
50968,437,4.0,1996-03-27 20:14:13
50968,426,2.0,1996-03-27 20:14:13
50968,161,4.0,1996-03-27 20:14:13
50968,153,4.0,1996-03-27 20:14:13
50968,172,4.0,1996-03-27 20:14:13
50968,234,3.0,1996-03-27 20:14:13
50968,249,4.0,1996-03-27 20:14:13
50968,150,5.0,1996-03-27 20:14:13
50968,196,4.0,1996-03-27 20:14:14
50968,555,4.0,1996-03-27 20:14:14
50968,333,2.0,1996-03-27 20:14:14
50968,338,4.0,1996-03-27 20:14:14
50968,275,2.0,1996-03-27 20:14:14
50968,288,3.0,1996-03-27 20:14:14
50968,315,4.0,1996-03-27 20:14:14
50968,316,1.0,1996-03-27 20:14:14
50968,173,4.0,1996-03-27 20:14:14
50968,193,4.0,1996-03-27 20:14:14
50968,380,4.0,1996-03-27 20:14:14
50968,339,4.0,1996-03-27 20:14:15
51058,153,4.0,1996-03-27 20:22:21
51058,39,5.0,1996-03-27 20:22:21
51058,147,4.0,1996-03-27 20:22:21
51058,150,5.0,1996-03-27 20:22:21
51058,229,5.0,1996-03-27 20:22:21
51058,224,5.0,1996-03-27 20:22:21
51058,344,4.0,1996-03-27 20:22:21
51058,592,4.0,1996-03-27 20:22:21
51058,235,5.0,1996-03-27 20:22:22
51058,203,3.0,1996-03-27 20:22:22
51058,332,2.0,1996-03-27 20:22:22
51058,296,4.0,1996-03-27 20:22:22
51058,303,4.0,1996-03-27 20:22:22
51058,151,4.0,1996-03-27 20:22:22
51058,337,2.0,1996-03-27 20:22:22
51058,314,5.0,1996-03-27 20:22:22
51058,277,5.0,1996-03-27 20:22:22
51058,553,2.0,1996-03-27 20:22:22
51058,317,4.0,1996-03-27 20:22:22
51058,319,2.0,1996-03-27 20:22:22
51058,588,4.0,1996-03-27 20:25:48
51058,590,1.0,1996-03-27 20:25:48
51058,300,4.0,1996-03-27 20:25:49
51058,468,4.0,1996-03-27 20:25:49
51058,316,4.0,1996-03-27 20:27:26
51241,35,4.0,1996-03-27 21:39:03
51241,10,3.0,1996-03-27 21:39:03
51241,1,3.0,1996-03-27 21:39:03
51544,105,3.0,1996-03-28 04:23:14
51544,1,5.0,1996-03-28 04:23:14
51643,344,3.0,1996-03-28 04:46:35
51643,347,4.0,1996-03-28 04:46:36
51643,590,5.0,1996-03-28 04:46:36
51643,225,4.0,1996-03-28 04:46:36
51643,252,3.0,1996-03-28 04:46:36
51643,150,5.0,1996-03-28 04:46:36
51643,110,5.0,1996-03-28 04:46:36
51643,595,4.0,1996-03-28 04:46:36
51643,349,4.0,1996-03-28 04:46:36
51643,592,5.0,1996-03-28 04:46:36
51643,434,4.0,1996-03-28 04:46:36
51643,432,2.0,1996-03-28 04:46:36
51643,431,4.0,1996-03-28 04:46:36
51643,427,3.0,1996-03-28 04:46:36
51643,410,3.0,1996-03-28 04:46:36
51643,553,4.0,1996-03-28 04:46:37
51643,300,4.0,1996-03-28 04:46:37
51643,318,5.0,1996-03-28 04:46:37
51643,316,4.0,1996-03-28 04:46:37
51643,339,4.0,1996-03-28 04:46:37
51643,380,5.0,1996-03-28 04:46:37
51643,331,4.0,1996-03-28 04:46:37
51643,208,5.0,1996-03-28 04:46:37
51643,256,3.0,1996-03-28 04:46:37
51643,270,2.0,1996-03-28 04:46:37
51643,282,4.0,1996-03-28 04:46:37
51643,288,5.0,1996-03-28 04:46:37
51643,292,4.0,1996-03-28 04:46:37
51643,261,4.0,1996-03-28 04:46:37
51643,296,5.0,1996-03-28 04:46:37
51734,35,4.0,1996-03-28 06:13:12
51734,21,5.0,1996-03-28 06:13:12
51734,95,3.0,1996-03-28 06:13:12
51734,100,3.0,1996-03-28 06:13:12
51734,105,4.0,1996-03-28 06:13:12
51734,36,5.0,1996-03-28 06:13:12
51734,16,5.0,1996-03-28 06:13:12
51734,11,4.0,1996-03-28 06:13:12
51734,10,1.0,1996-03-28 06:13:12
51734,141,5.0,1996-03-28 06:13:12
51734,25,5.0,1996-03-28 06:13:13
51734,26,4.0,1996-03-28 06:13:13
51734,111,5.0,1996-03-28 06:13:13
51734,14,5.0,1996-03-28 06:13:13
51734,62,3.0,1996-03-28 06:13:13
51734,41,5.0,1996-03-28 06:13:13
51734,43,4.0,1996-03-28 06:13:13
51734,17,5.0,1996-03-28 06:13:13
51936,224,4.0,1996-03-28 06:31:26
51936,235,2.0,1996-03-28 06:31:26
51936,71,5.0,1996-03-28 06:31:26
51936,110,5.0,1996-03-28 06:31:26
51936,150,5.0,1996-03-28 06:31:26
51936,153,3.0,1996-03-28 06:31:26
51936,160,5.0,1996-03-28 06:31:26
51936,54,3.0,1996-03-28 06:31:26
51936,161,5.0,1996-03-28 06:31:26
51936,169,4.0,1996-03-28 06:31:26
51936,421,2.0,1996-03-28 06:31:26
51936,420,5.0,1996-03-28 06:31:26
51936,416,4.0,1996-03-28 06:31:26
51936,410,4.0,1996-03-28 06:31:26
51936,227,5.0,1996-03-28 06:31:26
51936,431,4.0,1996-03-28 06:31:26
51936,219,5.0,1996-03-28 06:31:26
51936,237,4.0,1996-03-28 06:31:26
51936,595,4.0,1996-03-28 06:31:26
51936,39,5.0,1996-03-28 06:31:26
51936,34,5.0,1996-03-28 06:31:26
51936,31,5.0,1996-03-28 06:31:26
51936,592,3.0,1996-03-28 06:31:26
51936,23,4.0,1996-03-28 06:31:26
51936,590,5.0,1996-03-28 06:31:26
51936,588,5.0,1996-03-28 06:31:26
51936,351,5.0,1996-03-28 06:31:26
51936,434,5.0,1996-03-28 06:31:26
51936,432,5.0,1996-03-28 06:31:26
51936,344,5.0,1996-03-28 06:31:26
51936,347,5.0,1996-03-28 06:31:26
51936,282,5.0,1996-03-28 06:31:27
51936,278,5.0,1996-03-28 06:31:27
51936,381,5.0,1996-03-28 06:31:27
51936,380,5.0,1996-03-28 06:31:27
51936,288,5.0,1996-03-28 06:31:27
51936,296,5.0,1996-03-28 06:31:27
51936,266,5.0,1996-03-28 06:31:27
51936,292,5.0,1996-03-28 06:31:27
51936,553,5.0,1996-03-28 06:31:27
51936,259,3.0,1996-03-28 06:31:27
51936,256,4.0,1996-03-28 06:31:27
51936,44,5.0,1996-03-28 06:31:27
51936,315,5.0,1996-03-28 06:31:27
51936,316,5.0,1996-03-28 06:31:27
51936,48,4.0,1996-03-28 06:31:27
51936,339,5.0,1996-03-28 06:31:27
51936,50,5.0,1996-03-28 06:31:27
51936,132,5.0,1996-03-28 06:31:27
51936,173,4.0,1996-03-28 06:31:27
51936,175,4.0,1996-03-28 06:31:27
51936,172,5.0,1996-03-28 06:31:27
51936,252,4.0,1996-03-28 06:31:27
51936,236,4.0,1996-03-28 06:31:27
51936,300,4.0,1996-03-28 06:31:27
51936,208,5.0,1996-03-28 06:31:27
51936,196,5.0,1996-03-28 06:31:27
51936,185,5.0,1996-03-28 06:31:27
51936,193,5.0,1996-03-28 06:31:27
51936,28,5.0,1996-03-28 06:44:45
35718,34,4.0,1996-03-28 08:05:01
35718,687,3.0,1996-03-28 08:05:01
52148,17,5.0,1996-03-28 08:55:52
52148,105,4.0,1996-03-28 08:55:52
52148,233,5.0,1996-03-28 09:03:48
52148,282,4.0,1996-03-28 09:03:48
52148,266,4.0,1996-03-28 09:03:48
52148,272,5.0,1996-03-28 09:03:48
52148,278,4.0,1996-03-28 09:03:48
52148,224,5.0,1996-03-28 09:03:48
52148,296,5.0,1996-03-28 09:03:48
52148,337,4.0,1996-03-28 09:03:48
52148,468,4.0,1996-03-28 09:03:48
52148,215,5.0,1996-03-28 09:03:48
52148,50,4.0,1996-03-28 09:03:48
52148,149,4.0,1996-03-28 09:03:48
52148,153,4.0,1996-03-28 09:03:48
52536,344,5.0,1996-03-28 10:29:39
52536,317,4.0,1996-03-28 10:29:39
52536,272,4.0,1996-03-28 10:29:39
52536,300,4.0,1996-03-28 10:29:39
52536,296,5.0,1996-03-28 10:29:39
52536,292,3.0,1996-03-28 10:29:39
52536,288,4.0,1996-03-28 10:29:39
52536,280,4.0,1996-03-28 10:29:39
52536,278,4.0,1996-03-28 10:29:39
52536,237,3.0,1996-03-28 10:29:39
52536,236,3.0,1996-03-28 10:29:39
52536,592,4.0,1996-03-28 10:29:39
52536,153,4.0,1996-03-28 10:29:39
52536,150,4.0,1996-03-28 10:29:39
52536,144,3.0,1996-03-28 10:29:39
52536,110,5.0,1996-03-28 10:29:39
52536,431,4.0,1996-03-28 10:29:39
52536,34,4.0,1996-03-28 10:29:39
52536,216,4.0,1996-03-28 10:29:39
52536,225,3.0,1996-03-28 10:29:39
52536,434,4.0,1996-03-28 10:29:39
52536,223,4.0,1996-03-28 10:29:39
52536,553,4.0,1996-03-28 10:29:40
52536,380,4.0,1996-03-28 10:29:40
52536,50,5.0,1996-03-28 10:29:40
52536,25,5.0,1996-03-28 10:37:36
52536,10,4.0,1996-03-28 10:37:36
52536,17,5.0,1996-03-28 10:37:36
52536,21,5.0,1996-03-28 10:37:36
52536,36,5.0,1996-03-28 10:37:36
52927,11,5.0,1996-03-28 11:19:25
52927,74,5.0,1996-03-28 11:19:25
52927,105,5.0,1996-03-28 11:19:25
52927,1,4.0,1996-03-28 11:19:25
52927,10,4.0,1996-03-28 11:19:25
53139,50,5.0,1996-03-28 11:33:38
53332,610,5.0,1996-03-28 13:11:44
53332,224,5.0,1996-03-28 13:22:20
53332,208,4.0,1996-03-28 13:22:20
53332,161,4.0,1996-03-28 13:22:20
53332,160,1.0,1996-03-28 13:22:20
53332,153,4.0,1996-03-28 13:22:20
53332,19,3.0,1996-03-28 13:22:20
53332,34,5.0,1996-03-28 13:22:20
53332,235,4.0,1996-03-28 13:22:20
53332,592,4.0,1996-03-28 13:22:20
53332,296,5.0,1996-03-28 13:22:20
53332,327,4.0,1996-03-28 13:22:20
53332,344,4.0,1996-03-28 13:22:20
53332,380,4.0,1996-03-28 13:22:20
53332,410,4.0,1996-03-28 13:22:20
53332,416,4.0,1996-03-28 13:22:20
53332,434,4.0,1996-03-28 13:22:20
53332,590,5.0,1996-03-28 13:22:20
53332,151,4.0,1996-03-28 13:22:20
53332,150,5.0,1996-03-28 13:22:20
53730,21,5.0,1996-03-28 13:51:06
53730,16,5.0,1996-03-28 13:51:06
53730,100,5.0,1996-03-28 13:51:06
53730,107,5.0,1996-03-28 13:51:06
53730,25,4.0,1996-03-28 13:51:06
53639,234,3.0,1996-03-28 13:51:35
53639,235,4.0,1996-03-28 13:51:35
53639,252,4.0,1996-03-28 13:51:35
53639,256,4.0,1996-03-28 13:51:35
53639,276,4.0,1996-03-28 13:51:35
53639,173,2.0,1996-03-28 13:51:35
53639,172,1.0,1996-03-28 13:51:35
53639,595,4.0,1996-03-28 13:51:35
53639,592,4.0,1996-03-28 13:51:35
53639,590,5.0,1996-03-28 13:51:35
53639,225,4.0,1996-03-28 13:51:35
53639,161,5.0,1996-03-28 13:51:35
53639,588,4.0,1996-03-28 13:51:35
53639,435,3.0,1996-03-28 13:51:35
53639,344,2.0,1996-03-28 13:51:35
53639,349,3.0,1996-03-28 13:51:35
53639,432,4.0,1996-03-28 13:51:35
53639,39,4.0,1996-03-28 13:51:35
53639,437,4.0,1996-03-28 13:51:35
53639,150,5.0,1996-03-28 13:51:35
53639,153,4.0,1996-03-28 13:51:35
53639,158,4.0,1996-03-28 13:51:35
53639,159,3.0,1996-03-28 13:51:35
53639,434,4.0,1996-03-28 13:51:35
53639,185,4.0,1996-03-28 13:51:36
53639,318,5.0,1996-03-28 13:51:36
53639,193,1.0,1996-03-28 13:51:36
53639,315,2.0,1996-03-28 13:51:36
53639,300,4.0,1996-03-28 13:51:36
53639,316,3.0,1996-03-28 13:51:36
53639,204,3.0,1996-03-28 13:51:36
53639,337,3.0,1996-03-28 13:51:36
53639,296,5.0,1996-03-28 13:51:36
53639,380,3.0,1996-03-28 13:51:36
53639,208,3.0,1996-03-28 13:51:36
53639,280,4.0,1996-03-28 13:51:36
53639,277,3.0,1996-03-28 13:51:36
53639,288,4.0,1996-03-28 13:51:36
53639,339,4.0,1996-03-28 13:51:37
53824,52,4.0,1996-03-28 13:58:28
53824,35,5.0,1996-03-28 13:58:28
53824,28,5.0,1996-03-28 13:58:28
53824,17,5.0,1996-03-28 13:58:28
53824,11,3.0,1996-03-28 13:58:28
53824,10,3.0,1996-03-28 13:58:28
53824,36,5.0,1996-03-28 13:58:28
53730,338,1.0,1996-03-28 14:00:36
53730,44,3.0,1996-03-28 14:00:36
53730,315,2.0,1996-03-28 14:00:36
53730,303,4.0,1996-03-28 14:00:36
53730,266,5.0,1996-03-28 14:00:36
53730,225,4.0,1996-03-28 14:00:36
53730,208,5.0,1996-03-28 14:00:36
53730,196,4.0,1996-03-28 14:00:36
53730,173,1.0,1996-03-28 14:00:36
53730,160,3.0,1996-03-28 14:00:36
53730,153,5.0,1996-03-28 14:00:36
53730,151,5.0,1996-03-28 14:00:36
53730,150,5.0,1996-03-28 14:00:36
53730,110,5.0,1996-03-28 14:00:36
53730,39,4.0,1996-03-28 14:00:36
53730,316,4.0,1996-03-28 14:00:36
53730,50,5.0,1996-03-28 14:00:36
53730,60,5.0,1996-03-28 14:00:36
53923,52,5.0,1996-03-28 14:02:13
53923,10,4.0,1996-03-28 14:02:13
53923,17,5.0,1996-03-28 14:02:13
53923,21,5.0,1996-03-28 14:02:13
53923,28,5.0,1996-03-28 14:02:13
53923,595,5.0,1996-03-28 14:17:39
53923,468,5.0,1996-03-28 14:17:39
53923,314,5.0,1996-03-28 14:17:39
53923,296,5.0,1996-03-28 14:17:39
53923,60,4.0,1996-03-28 14:17:39
53923,144,5.0,1996-03-28 14:17:39
53923,235,5.0,1996-03-28 14:17:39
53923,153,5.0,1996-03-28 14:17:39
53923,215,5.0,1996-03-28 14:17:39
53923,272,4.0,1996-03-28 14:17:39
54019,34,4.0,1996-03-28 15:05:39
54019,343,4.0,1996-03-28 15:05:39
54019,153,5.0,1996-03-28 15:05:39
54019,595,5.0,1996-03-28 15:05:39
54019,588,5.0,1996-03-28 15:05:39
54019,344,5.0,1996-03-28 15:05:39
54019,54,4.0,1996-03-28 15:05:39
54019,69,5.0,1996-03-28 15:05:40
54019,468,1.0,1996-03-28 15:05:40
54019,434,4.0,1996-03-28 15:05:40
54019,219,5.0,1996-03-28 15:05:40
54019,222,3.0,1996-03-28 15:05:40
54019,225,4.0,1996-03-28 15:05:40
54019,236,4.0,1996-03-28 15:05:40
54019,237,5.0,1996-03-28 15:05:40
54019,351,5.0,1996-03-28 15:05:40
54019,168,5.0,1996-03-28 15:05:40
54019,44,2.0,1996-03-28 15:05:41
54019,240,5.0,1996-03-28 15:05:41
54019,175,3.0,1996-03-28 15:05:41
54019,179,3.0,1996-03-28 15:05:41
54019,277,4.0,1996-03-28 15:05:41
54019,276,3.0,1996-03-28 15:05:41
54019,274,4.0,1996-03-28 15:05:41
54019,270,5.0,1996-03-28 15:05:41
54019,289,4.0,1996-03-28 15:05:41
54019,200,5.0,1996-03-28 15:05:42
54019,292,5.0,1996-03-28 15:05:42
54019,48,5.0,1996-03-28 15:05:42
54019,339,5.0,1996-03-28 15:05:42
54019,380,4.0,1996-03-28 15:05:42
54019,381,5.0,1996-03-28 15:05:42
54019,296,1.0,1996-03-28 15:05:42
54019,303,5.0,1996-03-28 15:05:42
54019,317,3.0,1996-03-28 15:05:42
54019,333,4.0,1996-03-28 15:05:42
54019,88,4.0,1996-03-28 15:22:09
54019,120,5.0,1996-03-28 15:22:09
54019,74,5.0,1996-03-28 15:22:09
54019,141,4.0,1996-03-28 15:22:09
54224,150,3.0,1996-03-28 15:31:32
54224,147,5.0,1996-03-28 15:31:32
54224,22,5.0,1996-03-28 15:31:32
54224,222,5.0,1996-03-28 15:31:32
54224,218,4.0,1996-03-28 15:31:32
54224,416,3.0,1996-03-28 15:31:32
54224,351,4.0,1996-03-28 15:31:32
54224,160,4.0,1996-03-28 15:31:32
54224,280,5.0,1996-03-28 15:31:33
54224,272,4.0,1996-03-28 15:31:33
54224,590,4.0,1996-03-28 15:31:33
54224,271,4.0,1996-03-28 15:31:33
54224,219,5.0,1996-03-28 15:31:33
54224,261,2.0,1996-03-28 15:31:33
54224,252,4.0,1996-03-28 15:31:33
54224,236,4.0,1996-03-28 15:31:33
54224,229,4.0,1996-03-28 15:31:33
54224,230,4.0,1996-03-28 15:31:33
54224,282,4.0,1996-03-28 15:31:34
54224,208,1.0,1996-03-28 15:31:34
54224,279,5.0,1996-03-28 15:31:34
54224,193,1.0,1996-03-28 15:31:34
54224,296,5.0,1996-03-28 15:31:34
54224,288,4.0,1996-03-28 15:31:34
54224,318,5.0,1996-03-28 15:31:34
54224,337,5.0,1996-03-28 15:31:34
54224,314,5.0,1996-03-28 15:31:34
54224,10,4.0,1996-03-28 15:35:22
54224,141,4.0,1996-03-28 15:35:22
54224,113,4.0,1996-03-28 15:35:22
54224,57,4.0,1996-03-28 15:35:22
54224,36,5.0,1996-03-28 15:35:22
54224,17,5.0,1996-03-28 15:35:22
54224,21,4.0,1996-03-28 15:35:22
54224,35,4.0,1996-03-28 15:35:22
54224,16,3.0,1996-03-28 15:35:22
54328,1,5.0,1996-03-28 15:44:49
54328,65,1.0,1996-03-28 15:44:49
54522,34,5.0,1996-03-28 17:01:10
54522,150,5.0,1996-03-28 17:01:10
54522,151,5.0,1996-03-28 17:01:10
54522,153,2.0,1996-03-28 17:01:10
54522,161,5.0,1996-03-28 17:01:10
54522,172,4.0,1996-03-28 17:01:10
54522,349,4.0,1996-03-28 17:01:10
54522,256,3.0,1996-03-28 17:01:10
54522,468,4.0,1996-03-28 17:01:10
54522,434,4.0,1996-03-28 17:01:10
54522,410,4.0,1996-03-28 17:01:10
54522,380,5.0,1996-03-28 17:01:10
54522,173,4.0,1996-03-28 17:01:10
54522,316,3.0,1996-03-28 17:01:10
54522,300,5.0,1996-03-28 17:01:10
54522,272,5.0,1996-03-28 17:01:10
54522,588,4.0,1996-03-28 17:01:10
54522,590,5.0,1996-03-28 17:01:10
54522,592,4.0,1996-03-28 17:01:10
54522,595,5.0,1996-03-28 17:01:10
54522,688,3.0,1996-03-28 17:01:10
54636,36,5.0,1996-03-28 17:18:31
54636,2,4.0,1996-03-28 17:18:31
54636,10,4.0,1996-03-28 17:18:31
54636,16,5.0,1996-03-28 17:18:31
54831,9,4.0,1996-03-28 17:23:14
54831,6,5.0,1996-03-28 17:23:14
54831,5,5.0,1996-03-28 17:23:14
54831,11,4.0,1996-03-28 17:23:14
54831,21,5.0,1996-03-28 17:23:14
54831,10,5.0,1996-03-28 17:23:14
54831,105,5.0,1996-03-28 17:25:09
54737,229,2.0,1996-03-28 17:25:55
54737,230,3.0,1996-03-28 17:25:55
54737,222,4.0,1996-03-28 17:25:55
54737,39,5.0,1996-03-28 17:25:55
54737,144,4.0,1996-03-28 17:25:55
54737,349,4.0,1996-03-28 17:25:55
54737,432,4.0,1996-03-28 17:25:55
54737,437,4.0,1996-03-28 17:25:55
54737,595,4.0,1996-03-28 17:25:55
54737,235,4.0,1996-03-28 17:25:55
54737,215,5.0,1996-03-28 17:25:55
54737,218,5.0,1996-03-28 17:25:55
54737,344,4.0,1996-03-28 17:25:55
54737,590,4.0,1996-03-28 17:25:55
54737,224,5.0,1996-03-28 17:25:55
54737,186,3.0,1996-03-28 17:25:56
54737,132,1.0,1996-03-28 17:25:56
54737,50,5.0,1996-03-28 17:25:56
54737,380,3.0,1996-03-28 17:25:56
54737,289,5.0,1996-03-28 17:25:56
54737,292,5.0,1996-03-28 17:25:56
54737,339,5.0,1996-03-28 17:25:56
54737,281,5.0,1996-03-28 17:25:56
54737,279,4.0,1996-03-28 17:25:56
54737,278,5.0,1996-03-28 17:25:56
54737,277,4.0,1996-03-28 17:25:56
54737,270,4.0,1996-03-28 17:25:56
54737,261,4.0,1996-03-28 17:25:56
54737,257,4.0,1996-03-28 17:25:56
54737,252,5.0,1996-03-28 17:25:56
54737,236,4.0,1996-03-28 17:25:56
54737,381,5.0,1996-03-28 17:25:56
54737,333,5.0,1996-03-28 17:25:56
54636,588,4.0,1996-03-28 17:52:52
54636,435,4.0,1996-03-28 17:52:52
54636,434,4.0,1996-03-28 17:52:52
54636,431,5.0,1996-03-28 17:52:52
54636,410,4.0,1996-03-28 17:52:52
54636,349,4.0,1996-03-28 17:52:52
54636,110,5.0,1996-03-28 17:52:52
54636,592,4.0,1996-03-28 17:52:52
54636,161,4.0,1996-03-28 17:52:52
54636,158,4.0,1996-03-28 17:52:52
54636,153,4.0,1996-03-28 17:52:52
54636,595,4.0,1996-03-28 17:52:52
54636,150,5.0,1996-03-28 17:52:52
54636,590,5.0,1996-03-28 17:52:53
54636,468,4.0,1996-03-28 17:52:53
54636,44,3.0,1996-03-28 17:52:53
54636,339,4.0,1996-03-28 17:52:53
54636,336,5.0,1996-03-28 17:52:53
54636,318,5.0,1996-03-28 17:52:53
54636,317,4.0,1996-03-28 17:52:53
54636,316,4.0,1996-03-28 17:52:53
54636,380,5.0,1996-03-28 17:52:53
54636,303,3.0,1996-03-28 17:52:53
54636,315,4.0,1996-03-28 17:52:53
54636,132,5.0,1996-03-28 17:52:53
54636,173,3.0,1996-03-28 17:52:53
54636,185,3.0,1996-03-28 17:52:53
54636,196,3.0,1996-03-28 17:52:53
54636,204,4.0,1996-03-28 17:52:53
54636,208,4.0,1996-03-28 17:52:53
54636,151,5.0,1996-03-28 17:52:53
54636,234,4.0,1996-03-28 17:52:53
54636,266,5.0,1996-03-28 17:52:53
54636,281,5.0,1996-03-28 17:52:53
54636,296,5.0,1996-03-28 17:52:53
54636,229,4.0,1996-03-28 17:52:53
55043,153,4.0,1996-03-28 17:58:51
55043,158,4.0,1996-03-28 17:58:51
55043,161,4.0,1996-03-28 17:58:51
55043,351,4.0,1996-03-28 17:58:51
55043,349,3.0,1996-03-28 17:58:51
55043,225,3.0,1996-03-28 17:58:51
55043,218,4.0,1996-03-28 17:58:51
55043,224,2.0,1996-03-28 17:58:51
55043,230,4.0,1996-03-28 17:58:51
55043,236,4.0,1996-03-28 17:58:51
55043,237,4.0,1996-03-28 17:58:51
55043,145,1.0,1996-03-28 17:58:51
55043,344,2.0,1996-03-28 17:58:51
55043,110,5.0,1996-03-28 17:58:51
55043,34,5.0,1996-03-28 17:58:51
55043,410,3.0,1996-03-28 17:58:51
55043,692,4.0,1996-03-28 17:58:51
55043,595,5.0,1996-03-28 17:58:51
55043,592,4.0,1996-03-28 17:58:51
55043,590,5.0,1996-03-28 17:58:51
55043,69,2.0,1996-03-28 17:58:51
55043,468,3.0,1996-03-28 17:58:51
55043,588,5.0,1996-03-28 17:58:51
55043,432,3.0,1996-03-28 17:58:51
55043,19,1.0,1996-03-28 17:58:51
55043,39,1.0,1996-03-28 17:58:51
55043,420,3.0,1996-03-28 17:58:51
55043,435,1.0,1996-03-28 17:58:51
55043,380,3.0,1996-03-28 17:58:52
55043,381,4.0,1996-03-28 17:58:52
55043,339,4.0,1996-03-28 17:58:52
55043,296,2.0,1996-03-28 17:58:52
55043,317,3.0,1996-03-28 17:58:52
55043,288,2.0,1996-03-28 17:58:52
55043,261,4.0,1996-03-28 17:58:52
55043,267,3.0,1996-03-28 17:58:52
55043,44,3.0,1996-03-28 17:58:52
55043,60,5.0,1996-03-28 17:58:52
55043,151,4.0,1996-03-28 17:58:52
55043,186,4.0,1996-03-28 17:58:52
55043,203,4.0,1996-03-28 17:58:52
55043,282,5.0,1996-03-28 17:58:52
55043,208,4.0,1996-03-28 17:58:52
55043,252,4.0,1996-03-28 17:58:52
55043,204,4.0,1996-03-28 17:58:52
55244,36,3.0,1996-03-28 18:15:11
55244,10,3.0,1996-03-28 18:15:11
55244,1,5.0,1996-03-28 18:15:11
55244,105,4.0,1996-03-28 18:15:11
55244,25,4.0,1996-03-28 18:15:11
35241,292,5.0,1996-03-28 18:19:03
55244,150,5.0,1996-03-28 18:23:18
55244,153,4.0,1996-03-28 18:23:18
55244,592,4.0,1996-03-28 18:23:18
55244,590,5.0,1996-03-28 18:23:19
55244,160,1.0,1996-03-28 18:23:19
55244,434,3.0,1996-03-28 18:23:19
55244,380,4.0,1996-03-28 18:23:19
55244,349,4.0,1996-03-28 18:23:19
55244,316,3.0,1996-03-28 18:23:19
55244,595,5.0,1996-03-28 18:23:19
55244,296,3.0,1996-03-28 18:23:19
55244,277,5.0,1996-03-28 18:23:19
55244,249,5.0,1996-03-28 18:23:19
55244,225,3.0,1996-03-28 18:23:19
55244,173,1.0,1996-03-28 18:23:19
55244,172,2.0,1996-03-28 18:23:19
55244,292,4.0,1996-03-28 18:23:19
55244,110,4.0,1996-03-28 18:23:19
55244,161,4.0,1996-03-28 18:23:19
55244,164,5.0,1996-03-28 18:26:28
55244,588,5.0,1996-03-28 18:26:28
55244,122,5.0,1996-03-28 18:29:50
55244,198,5.0,1996-03-28 18:29:51
55356,19,1.0,1996-03-28 19:46:33
55356,344,5.0,1996-03-28 19:46:33
55356,153,4.0,1996-03-28 19:46:33
55356,150,5.0,1996-03-28 19:46:33
55356,592,3.0,1996-03-28 19:46:33
55356,145,5.0,1996-03-28 19:46:33
55356,34,5.0,1996-03-28 19:46:33
55356,588,5.0,1996-03-28 19:46:33
55356,595,5.0,1996-03-28 19:46:33
55356,417,4.0,1996-03-28 19:46:33
55356,416,1.0,1996-03-28 19:46:33
55356,413,5.0,1996-03-28 19:46:33
55356,215,4.0,1996-03-28 19:46:33
55356,410,3.0,1996-03-28 19:46:33
55356,168,3.0,1996-03-28 19:46:34
55356,161,4.0,1996-03-28 19:46:34
55356,160,1.0,1996-03-28 19:46:34
55356,158,3.0,1996-03-28 19:46:34
55356,155,2.0,1996-03-28 19:46:34
55356,236,5.0,1996-03-28 19:46:34
55356,252,1.0,1996-03-28 19:46:34
55356,249,5.0,1996-03-28 19:46:34
55356,241,5.0,1996-03-28 19:46:34
55356,169,4.0,1996-03-28 19:46:34
55356,234,5.0,1996-03-28 19:46:34
55356,240,5.0,1996-03-28 19:46:34
55356,235,5.0,1996-03-28 19:46:34
55356,237,4.0,1996-03-28 19:46:34
55356,420,1.0,1996-03-28 19:46:34
55356,590,5.0,1996-03-28 19:46:34
55356,431,5.0,1996-03-28 19:46:34
55356,225,5.0,1996-03-28 19:46:34
55356,31,5.0,1996-03-28 19:46:34
55356,22,4.0,1996-03-28 19:46:34
55356,224,5.0,1996-03-28 19:46:34
55356,434,4.0,1996-03-28 19:46:34
55356,435,1.0,1996-03-28 19:46:34
55356,110,5.0,1996-03-28 19:46:34
55356,39,5.0,1996-03-28 19:46:34
55356,351,4.0,1996-03-28 19:46:34
55356,222,5.0,1996-03-28 19:46:34
55356,218,3.0,1996-03-28 19:46:34
55356,427,2.0,1996-03-28 19:46:34
55356,211,4.0,1996-03-28 19:46:34
55356,349,4.0,1996-03-28 19:46:34
55356,230,5.0,1996-03-28 19:46:34
55356,278,4.0,1996-03-28 19:46:35
55356,272,5.0,1996-03-28 19:46:35
55356,282,5.0,1996-03-28 19:46:35
55356,288,5.0,1996-03-28 19:46:35
55356,342,5.0,1996-03-28 19:46:35
55356,299,5.0,1996-03-28 19:46:35
55356,292,4.0,1996-03-28 19:46:35
55356,289,5.0,1996-03-28 19:46:35
55356,280,5.0,1996-03-28 19:46:35
55356,266,5.0,1996-03-28 19:46:35
55356,296,5.0,1996-03-28 19:46:35
55356,259,3.0,1996-03-28 19:46:35
55356,261,4.0,1996-03-28 19:46:35
55356,186,3.0,1996-03-28 19:46:35
55356,182,4.0,1996-03-28 19:46:35
55356,174,3.0,1996-03-28 19:46:35
55356,173,3.0,1996-03-28 19:46:35
55356,172,4.0,1996-03-28 19:46:35
55356,185,5.0,1996-03-28 19:46:35
55356,257,4.0,1996-03-28 19:46:35
55356,60,5.0,1996-03-28 19:46:35
55356,256,4.0,1996-03-28 19:46:35
55356,50,5.0,1996-03-28 19:46:36
55356,381,5.0,1996-03-28 19:46:36
55356,380,5.0,1996-03-28 19:46:36
55356,208,5.0,1996-03-28 19:46:36
55356,204,1.0,1996-03-28 19:46:36
55356,193,1.0,1996-03-28 19:46:36
55356,339,5.0,1996-03-28 19:46:36
55356,203,4.0,1996-03-28 19:46:36
55356,337,5.0,1996-03-28 19:46:36
55356,555,5.0,1996-03-28 19:46:36
55356,300,4.0,1996-03-28 19:46:36
55356,338,4.0,1996-03-28 19:46:36
55356,315,1.0,1996-03-28 19:46:36
55356,327,1.0,1996-03-28 19:46:36
55356,316,5.0,1996-03-28 19:46:36
55356,318,5.0,1996-03-28 19:46:36
55448,344,4.0,1996-03-28 19:47:10
55448,153,5.0,1996-03-28 19:47:10
55448,150,4.0,1996-03-28 19:47:10
55448,145,3.0,1996-03-28 19:47:10
55448,39,5.0,1996-03-28 19:47:10
55448,216,4.0,1996-03-28 19:47:10
55448,218,4.0,1996-03-28 19:47:10
55448,222,1.0,1996-03-28 19:47:10
55448,31,3.0,1996-03-28 19:47:10
55448,349,3.0,1996-03-28 19:47:10
55448,347,2.0,1996-03-28 19:47:10
55448,157,4.0,1996-03-28 19:47:10
55448,432,3.0,1996-03-28 19:47:10
55448,410,4.0,1996-03-28 19:47:10
55448,215,4.0,1996-03-28 19:47:10
55448,595,5.0,1996-03-28 19:47:10
55448,592,5.0,1996-03-28 19:47:10
55448,158,2.0,1996-03-28 19:47:10
55448,588,3.0,1996-03-28 19:47:10
55448,163,2.0,1996-03-28 19:47:10
55448,160,5.0,1996-03-28 19:47:10
55448,437,3.0,1996-03-28 19:47:10
55448,590,3.0,1996-03-28 19:47:10
55448,434,4.0,1996-03-28 19:47:10
55448,413,3.0,1996-03-28 19:47:10
55448,431,4.0,1996-03-28 19:47:10
55448,427,3.0,1996-03-28 19:47:10
55448,426,2.0,1996-03-28 19:47:10
55448,420,3.0,1996-03-28 19:47:10
55448,417,4.0,1996-03-28 19:47:10
55448,435,3.0,1996-03-28 19:47:10
55448,300,4.0,1996-03-28 19:47:11
55448,296,5.0,1996-03-28 19:47:11
55448,292,3.0,1996-03-28 19:47:11
55448,275,4.0,1996-03-28 19:47:11
55448,289,4.0,1996-03-28 19:47:11
55448,288,5.0,1996-03-28 19:47:11
55448,274,1.0,1996-03-28 19:47:11
55448,257,4.0,1996-03-28 19:47:11
55448,44,5.0,1996-03-28 19:47:11
55448,252,4.0,1996-03-28 19:47:11
55448,193,1.0,1996-03-28 19:47:11
55448,186,2.0,1996-03-28 19:47:11
55448,185,5.0,1996-03-28 19:47:11
55448,177,5.0,1996-03-28 19:47:11
55448,174,2.0,1996-03-28 19:47:11
55448,173,2.0,1996-03-28 19:47:11
55448,172,4.0,1996-03-28 19:47:11
55448,688,4.0,1996-03-28 19:47:11
55448,60,4.0,1996-03-28 19:47:11
55448,151,2.0,1996-03-28 19:47:11
55448,48,1.0,1996-03-28 19:47:11
55448,317,2.0,1996-03-28 19:47:11
55448,319,4.0,1996-03-28 19:47:11
55448,249,3.0,1996-03-28 19:47:11
55448,236,5.0,1996-03-28 19:47:11
55448,325,3.0,1996-03-28 19:47:11
55448,234,3.0,1996-03-28 19:47:11
55448,225,3.0,1996-03-28 19:47:11
55448,224,4.0,1996-03-28 19:47:11
55448,235,4.0,1996-03-28 19:47:11
55448,267,4.0,1996-03-28 19:47:11
55448,50,5.0,1996-03-28 19:47:12
55448,196,2.0,1996-03-28 19:47:12
55448,316,3.0,1996-03-28 19:47:12
55448,313,3.0,1996-03-28 19:47:12
55448,315,1.0,1996-03-28 19:47:12
55448,327,4.0,1996-03-28 19:47:12
55448,333,4.0,1996-03-28 19:47:12
55448,337,1.0,1996-03-28 19:47:12
55448,338,5.0,1996-03-28 19:47:12
55448,339,4.0,1996-03-28 19:47:12
55448,312,4.0,1996-03-28 19:47:12
55448,555,4.0,1996-03-28 19:47:12
55448,553,4.0,1996-03-28 19:47:12
55448,380,4.0,1996-03-28 19:51:26
55356,227,5.0,1996-03-28 19:52:28
55356,340,4.0,1996-03-28 19:52:28
55557,150,5.0,1996-03-28 19:53:49
55557,344,3.0,1996-03-28 19:53:49
55557,216,1.0,1996-03-28 19:53:49
55557,218,4.0,1996-03-28 19:53:49
55557,296,4.0,1996-03-28 19:53:50
55557,351,4.0,1996-03-28 19:53:50
55557,590,5.0,1996-03-28 19:53:50
55557,431,4.0,1996-03-28 19:53:50
55557,161,5.0,1996-03-28 19:53:50
55557,224,5.0,1996-03-28 19:53:50
55557,225,4.0,1996-03-28 19:53:50
55557,230,5.0,1996-03-28 19:53:50
55557,235,4.0,1996-03-28 19:53:50
55557,339,5.0,1996-03-28 19:53:50
55557,236,4.0,1996-03-28 19:53:50
55557,252,2.0,1996-03-28 19:53:50
55557,256,4.0,1996-03-28 19:53:50
55557,318,5.0,1996-03-28 19:53:50
55557,271,5.0,1996-03-28 19:53:50
55557,282,5.0,1996-03-28 19:53:50
55557,300,4.0,1996-03-28 19:53:50
55557,267,5.0,1996-03-28 19:53:50
55557,380,3.0,1996-03-28 19:53:50
55557,381,5.0,1996-03-28 19:53:50
55750,590,4.0,1996-03-28 20:26:10
55750,145,4.0,1996-03-28 20:26:10
55750,150,5.0,1996-03-28 20:26:10
55750,153,4.0,1996-03-28 20:26:10
55750,161,5.0,1996-03-28 20:26:10
55750,163,4.0,1996-03-28 20:26:10
55750,216,4.0,1996-03-28 20:26:10
55750,223,4.0,1996-03-28 20:26:10
55750,224,5.0,1996-03-28 20:26:10
55750,225,3.0,1996-03-28 20:26:10
55750,252,4.0,1996-03-28 20:26:10
55750,257,4.0,1996-03-28 20:26:10
55750,259,4.0,1996-03-28 20:26:10
55750,270,4.0,1996-03-28 20:26:10
55750,276,4.0,1996-03-28 20:26:10
55750,280,5.0,1996-03-28 20:26:10
55750,288,5.0,1996-03-28 20:26:10
55750,344,3.0,1996-03-28 20:26:10
55750,349,5.0,1996-03-28 20:26:10
55750,410,4.0,1996-03-28 20:26:10
55750,427,4.0,1996-03-28 20:26:10
55750,431,5.0,1996-03-28 20:26:10
55750,588,5.0,1996-03-28 20:26:10
55750,592,4.0,1996-03-28 20:26:10
55750,413,3.0,1996-03-28 20:26:10
55750,31,4.0,1996-03-28 20:26:10
55750,296,5.0,1996-03-28 20:26:11
55750,50,5.0,1996-03-28 20:26:11
55750,193,1.0,1996-03-28 20:26:11
55750,281,5.0,1996-03-28 20:26:11
55750,292,5.0,1996-03-28 20:26:11
55750,555,5.0,1996-03-28 20:26:11
55750,300,5.0,1996-03-28 20:26:11
55750,339,4.0,1996-03-28 20:26:11
55750,380,5.0,1996-03-28 20:26:11
55750,554,3.0,1996-03-28 20:26:11
56156,21,5.0,1996-03-28 21:08:44
56156,25,5.0,1996-03-28 21:08:44
56156,1,5.0,1996-03-28 21:08:44
56156,494,3.0,1996-03-28 21:08:44
56156,2,2.0,1996-03-28 21:08:44
56156,16,5.0,1996-03-28 21:08:44
56156,65,4.0,1996-03-28 21:08:44
56156,70,5.0,1996-03-28 21:08:44
56156,95,4.0,1996-03-28 21:08:44
56156,14,4.0,1996-03-28 21:08:44
56156,36,5.0,1996-03-28 21:08:44
56156,62,5.0,1996-03-28 21:08:44
56156,52,5.0,1996-03-28 21:08:44
56156,45,4.0,1996-03-28 21:08:44
56156,10,5.0,1996-03-28 21:08:44
56156,111,5.0,1996-03-28 21:08:44
55931,216,3.0,1996-03-28 21:11:52
55931,347,5.0,1996-03-28 21:11:52
55931,349,5.0,1996-03-28 21:11:52
55931,416,4.0,1996-03-28 21:11:52
55931,431,3.0,1996-03-28 21:11:52
55931,153,4.0,1996-03-28 21:11:52
55931,150,5.0,1996-03-28 21:11:52
55931,592,5.0,1996-03-28 21:11:52
55931,266,5.0,1996-03-28 21:11:53
55931,288,2.0,1996-03-28 21:11:53
55931,296,4.0,1996-03-28 21:11:53
55931,315,4.0,1996-03-28 21:11:53
55931,316,3.0,1996-03-28 21:11:53
55931,337,3.0,1996-03-28 21:11:53
55931,380,5.0,1996-03-28 21:11:53
55931,435,3.0,1996-03-28 21:11:53
55931,553,4.0,1996-03-28 21:11:53
55931,590,4.0,1996-03-28 21:11:53
55931,300,4.0,1996-03-28 21:11:53
55931,225,4.0,1996-03-28 21:11:53
55931,249,4.0,1996-03-28 21:11:53
55931,241,4.0,1996-03-28 21:11:53
55931,234,3.0,1996-03-28 21:11:53
55931,196,5.0,1996-03-28 21:11:53
55931,188,4.0,1996-03-28 21:11:53
56156,145,3.0,1996-03-28 21:22:19
56156,150,5.0,1996-03-28 21:22:19
56156,153,3.0,1996-03-28 21:22:19
56156,216,5.0,1996-03-28 21:22:19
56156,34,5.0,1996-03-28 21:22:19
56156,384,4.0,1996-03-28 21:22:19
56156,417,5.0,1996-03-28 21:22:19
56156,413,5.0,1996-03-28 21:22:19
56156,416,1.0,1996-03-28 21:22:19
56156,420,4.0,1996-03-28 21:22:19
56156,588,5.0,1996-03-28 21:22:19
56156,592,5.0,1996-03-28 21:22:19
56156,19,1.0,1996-03-28 21:22:19
56156,410,4.0,1996-03-28 21:22:19
56156,147,5.0,1996-03-28 21:22:19
56156,344,4.0,1996-03-28 21:22:19
56156,435,3.0,1996-03-28 21:22:20
56156,426,3.0,1996-03-28 21:22:20
56156,427,4.0,1996-03-28 21:22:20
56156,431,4.0,1996-03-28 21:22:20
56156,432,3.0,1996-03-28 21:22:20
56156,434,4.0,1996-03-28 21:22:20
56156,22,3.0,1996-03-28 21:22:20
56156,590,5.0,1996-03-28 21:22:20
56156,39,5.0,1996-03-28 21:22:20
56156,110,5.0,1996-03-28 21:22:20
56156,159,5.0,1996-03-28 21:22:20
56156,157,5.0,1996-03-28 21:22:20
56156,349,4.0,1996-03-28 21:22:20
56156,223,5.0,1996-03-28 21:22:20
56156,229,5.0,1996-03-28 21:22:20
56156,161,5.0,1996-03-28 21:22:20
56156,160,3.0,1996-03-28 21:22:20
56156,225,4.0,1996-03-28 21:22:21
56156,227,3.0,1996-03-28 21:22:21
56156,233,3.0,1996-03-28 21:22:21
56156,173,2.0,1996-03-28 21:22:21
56156,240,3.0,1996-03-28 21:22:21
56156,251,3.0,1996-03-28 21:22:21
56156,256,2.0,1996-03-28 21:22:21
56156,259,3.0,1996-03-28 21:22:21
56156,172,2.0,1996-03-28 21:22:21
56156,174,4.0,1996-03-28 21:22:21
56156,234,3.0,1996-03-28 21:22:21
56156,235,5.0,1996-03-28 21:22:21
56156,188,5.0,1996-03-28 21:22:22
56156,179,3.0,1996-03-28 21:22:22
56156,151,5.0,1996-03-28 21:22:22
56156,177,3.0,1996-03-28 21:22:22
56156,185,4.0,1996-03-28 21:22:22
56156,180,3.0,1996-03-28 21:22:22
56156,268,3.0,1996-03-28 21:22:22
56156,280,4.0,1996-03-28 21:22:22
56156,288,4.0,1996-03-28 21:22:22
56156,296,5.0,1996-03-28 21:22:22
56156,318,5.0,1996-03-28 21:22:22
56156,319,5.0,1996-03-28 21:22:22
56156,300,5.0,1996-03-28 21:22:22
56156,303,5.0,1996-03-28 21:22:22
56156,267,1.0,1996-03-28 21:22:22
56156,555,5.0,1996-03-28 21:22:23
56156,554,3.0,1996-03-28 21:22:23
56156,327,4.0,1996-03-28 21:22:23
56156,553,4.0,1996-03-28 21:22:23
56156,333,3.0,1996-03-28 21:22:23
56156,312,1.0,1996-03-28 21:22:23
56156,315,3.0,1996-03-28 21:22:23
56156,204,3.0,1996-03-28 21:22:23
56156,380,4.0,1996-03-28 21:22:23
56156,196,4.0,1996-03-28 21:22:23
56156,208,4.0,1996-03-28 21:22:24
56156,337,5.0,1996-03-28 21:22:24
56156,340,3.0,1996-03-28 21:22:24
56156,50,5.0,1996-03-28 21:22:24
56037,420,2.0,1996-03-28 21:22:42
56037,413,3.0,1996-03-28 21:22:42
56037,410,2.0,1996-03-28 21:22:42
56037,592,3.0,1996-03-28 21:22:42
56037,437,3.0,1996-03-28 21:22:42
56037,435,3.0,1996-03-28 21:22:42
56037,432,4.0,1996-03-28 21:22:42
56037,352,3.0,1996-03-28 21:22:42
56037,595,5.0,1996-03-28 21:22:42
56037,351,4.0,1996-03-28 21:22:42
56037,431,5.0,1996-03-28 21:22:42
56037,427,4.0,1996-03-28 21:22:42
56037,39,5.0,1996-03-28 21:22:42
56037,153,3.0,1996-03-28 21:22:42
56037,216,3.0,1996-03-28 21:22:42
56037,225,4.0,1996-03-28 21:22:42
56037,349,5.0,1996-03-28 21:22:42
56037,234,3.0,1996-03-28 21:22:42
56037,344,4.0,1996-03-28 21:22:42
56037,259,5.0,1996-03-28 21:22:43
56037,380,5.0,1996-03-28 21:22:43
56037,339,5.0,1996-03-28 21:22:43
56037,337,5.0,1996-03-28 21:22:43
56037,274,4.0,1996-03-28 21:22:43
56037,315,3.0,1996-03-28 21:22:43
56037,204,5.0,1996-03-28 21:22:43
56037,288,5.0,1996-03-28 21:22:43
56037,276,4.0,1996-03-28 21:22:43
56037,252,4.0,1996-03-28 21:22:43
56037,256,4.0,1996-03-28 21:22:43
56037,296,5.0,1996-03-28 21:22:43
56037,317,4.0,1996-03-28 21:22:43
56156,292,4.0,1996-03-28 21:27:16
56156,437,3.0,1996-03-28 21:27:16
56156,236,2.0,1996-03-28 21:27:16
56156,316,4.0,1996-03-28 21:27:16
56156,339,4.0,1996-03-28 21:27:16
56156,338,3.0,1996-03-28 21:27:16
56156,198,5.0,1996-03-28 21:27:16
56156,351,4.0,1996-03-28 21:29:27
56156,257,3.0,1996-03-28 21:29:27
56265,588,5.0,1996-03-28 21:43:41
56265,316,4.0,1996-03-28 21:43:42
56265,181,2.0,1996-03-28 21:43:42
56265,227,5.0,1996-03-28 21:43:42
56265,434,4.0,1996-03-28 21:43:42
56265,39,3.0,1996-03-28 21:43:42
56265,380,5.0,1996-03-28 21:43:42
56265,277,5.0,1996-03-28 21:43:42
56265,276,4.0,1996-03-28 21:43:42
56265,252,4.0,1996-03-28 21:43:42
56265,420,5.0,1996-03-28 21:43:42
56364,225,4.0,1996-03-28 22:02:53
56364,227,4.0,1996-03-28 22:02:53
56364,278,5.0,1996-03-28 22:02:53
56364,276,3.0,1996-03-28 22:02:53
56364,186,2.0,1996-03-28 22:02:53
56364,281,5.0,1996-03-28 22:02:53
56364,289,4.0,1996-03-28 22:02:53
56364,296,4.0,1996-03-28 22:02:53
56364,234,1.0,1996-03-28 22:02:53
56364,252,4.0,1996-03-28 22:02:53
56364,181,3.0,1996-03-28 22:02:53
56364,218,5.0,1996-03-28 22:02:53
56364,691,4.0,1996-03-28 22:02:53
56364,595,5.0,1996-03-28 22:02:53
56364,592,4.0,1996-03-28 22:02:53
56364,590,4.0,1996-03-28 22:02:53
56364,588,4.0,1996-03-28 22:02:53
56364,434,1.0,1996-03-28 22:02:53
56364,432,4.0,1996-03-28 22:02:53
56364,23,4.0,1996-03-28 22:02:53
56364,39,5.0,1996-03-28 22:02:53
56364,48,4.0,1996-03-28 22:02:53
56364,410,3.0,1996-03-28 22:02:53
56364,150,5.0,1996-03-28 22:02:53
56364,153,3.0,1996-03-28 22:02:53
56364,349,4.0,1996-03-28 22:02:53
56364,420,2.0,1996-03-28 22:02:53
56364,161,4.0,1996-03-28 22:02:53
56364,343,4.0,1996-03-28 22:02:53
56364,317,5.0,1996-03-28 22:02:54
56364,380,5.0,1996-03-28 22:02:54
56364,339,5.0,1996-03-28 22:02:54
56364,318,5.0,1996-03-28 22:02:54
56364,300,4.0,1996-03-28 22:02:54
56265,234,1.0,1996-03-28 22:12:54
56265,244,1.0,1996-03-28 22:12:54
56265,381,2.0,1996-03-28 22:12:54
56265,186,4.0,1996-03-28 22:12:54
56265,318,3.0,1996-03-28 22:12:54
56265,288,1.0,1996-03-28 22:12:54
56265,432,2.0,1996-03-28 22:12:54
56265,339,4.0,1996-03-28 22:12:54
56265,691,4.0,1996-03-28 22:12:54
56265,595,4.0,1996-03-28 22:12:54
56265,317,4.0,1996-03-28 22:15:19
56265,23,4.0,1996-03-28 22:15:19
56265,256,3.0,1996-03-28 22:15:19
56265,410,2.0,1996-03-28 22:15:19
56265,344,2.0,1996-03-28 22:16:47
56265,158,4.0,1996-03-28 22:19:56
56265,161,4.0,1996-03-28 22:19:56
56265,592,4.0,1996-03-28 22:22:34
56265,590,1.0,1996-03-28 22:22:34
56265,153,2.0,1996-03-28 22:22:34
56265,150,4.0,1996-03-28 22:22:34
56570,145,3.0,1996-03-28 22:58:30
56570,150,5.0,1996-03-28 22:58:30
56570,39,5.0,1996-03-28 22:58:30
56570,553,4.0,1996-03-28 22:58:30
56570,153,4.0,1996-03-28 22:58:30
56570,432,4.0,1996-03-28 22:58:30
56570,31,4.0,1996-03-28 22:58:30
56570,158,5.0,1996-03-28 22:58:30
56570,434,4.0,1996-03-28 22:58:30
56570,230,3.0,1996-03-28 22:58:30
56570,315,4.0,1996-03-28 22:58:30
56570,296,1.0,1996-03-28 22:58:30
56570,289,3.0,1996-03-28 22:58:30
56570,282,3.0,1996-03-28 22:58:30
56570,277,4.0,1996-03-28 22:58:30
56570,274,5.0,1996-03-28 22:58:30
56570,267,3.0,1996-03-28 22:58:30
56570,266,5.0,1996-03-28 22:58:30
56570,160,5.0,1996-03-28 22:58:30
56570,256,5.0,1996-03-28 22:58:30
56570,237,4.0,1996-03-28 22:58:30
56570,595,5.0,1996-03-28 22:58:30
56570,592,5.0,1996-03-28 22:58:30
56570,590,5.0,1996-03-28 22:58:30
56570,588,5.0,1996-03-28 22:58:30
56570,225,4.0,1996-03-28 22:58:30
56570,317,5.0,1996-03-28 22:58:30
56570,204,4.0,1996-03-28 22:58:30
56570,186,4.0,1996-03-28 22:58:30
56570,349,5.0,1996-03-28 22:58:30
56570,185,5.0,1996-03-28 22:58:30
56570,380,5.0,1996-03-28 22:58:30
56570,173,4.0,1996-03-28 22:58:30
56570,416,3.0,1996-03-28 22:58:30
56570,318,5.0,1996-03-28 22:58:30
56570,169,5.0,1996-03-28 22:58:30
56570,208,5.0,1996-03-28 22:58:31
56570,339,5.0,1996-03-28 22:58:31
56843,150,5.0,1996-03-29 00:45:23
56843,592,5.0,1996-03-29 00:45:23
56843,588,4.0,1996-03-29 00:45:23
56843,155,5.0,1996-03-29 00:45:23
56843,344,3.0,1996-03-29 00:45:23
56843,349,5.0,1996-03-29 00:45:23
56843,437,3.0,1996-03-29 00:45:23
56843,434,4.0,1996-03-29 00:45:23
56843,432,5.0,1996-03-29 00:45:23
56843,595,4.0,1996-03-29 00:45:23
56843,22,4.0,1996-03-29 00:45:23
56843,153,4.0,1996-03-29 00:45:23
56843,413,4.0,1996-03-29 00:45:23
56843,216,4.0,1996-03-29 00:45:23
56843,161,4.0,1996-03-29 00:45:23
56843,159,3.0,1996-03-29 00:45:23
56843,420,4.0,1996-03-29 00:45:23
56843,289,5.0,1996-03-29 00:45:24
56843,173,2.0,1996-03-29 00:45:24
56843,296,5.0,1996-03-29 00:45:24
56843,315,3.0,1996-03-29 00:45:24
56843,316,2.0,1996-03-29 00:45:24
56843,333,4.0,1996-03-29 00:45:24
56843,318,5.0,1996-03-29 00:45:24
56843,174,3.0,1996-03-29 00:45:24
56843,338,4.0,1996-03-29 00:45:24
56843,168,5.0,1996-03-29 00:45:24
56843,317,3.0,1996-03-29 00:45:24
56843,177,5.0,1996-03-29 00:45:24
56843,204,4.0,1996-03-29 00:45:24
56843,276,4.0,1996-03-29 00:45:24
56843,225,5.0,1996-03-29 00:45:24
56843,196,4.0,1996-03-29 00:45:24
56843,235,5.0,1996-03-29 00:45:24
56843,151,5.0,1996-03-29 00:45:24
56843,186,4.0,1996-03-29 00:45:24
56843,236,4.0,1996-03-29 00:45:24
56843,179,5.0,1996-03-29 00:45:24
56843,50,5.0,1996-03-29 00:45:24
56843,267,4.0,1996-03-29 00:45:24
56843,272,5.0,1996-03-29 00:45:24
56843,237,3.0,1996-03-29 00:45:24
56843,185,3.0,1996-03-29 00:45:24
56843,288,2.0,1996-03-29 00:45:24
56843,257,5.0,1996-03-29 00:45:24
56843,692,5.0,1996-03-29 00:45:24
56843,553,5.0,1996-03-29 00:45:24
56843,554,3.0,1996-03-29 00:45:24
56843,380,5.0,1996-03-29 00:45:24
56843,555,5.0,1996-03-29 00:45:24
56843,590,4.0,1996-03-29 00:45:24
56843,48,3.0,1996-03-29 00:45:24
56843,31,3.0,1996-03-29 00:45:24
56843,339,4.0,1996-03-29 00:45:25
56843,208,3.0,1996-03-29 00:45:25
51544,434,3.0,1996-03-29 01:54:29
51544,427,2.0,1996-03-29 01:54:29
51544,342,2.0,1996-03-29 01:54:29
51544,161,4.0,1996-03-29 01:54:29
51544,590,3.0,1996-03-29 01:54:29
51544,236,3.0,1996-03-29 01:54:29
51544,288,1.0,1996-03-29 01:54:29
51544,296,5.0,1996-03-29 01:54:29
51544,150,3.0,1996-03-29 01:54:29
51544,339,4.0,1996-03-29 01:54:29
57230,1,4.0,1996-03-29 03:38:51
57230,111,3.0,1996-03-29 03:38:51
57230,6,3.0,1996-03-29 03:38:51
57230,10,4.0,1996-03-29 03:38:51
57230,16,3.0,1996-03-29 03:38:51
57230,17,5.0,1996-03-29 03:38:51
57131,17,5.0,1996-03-29 03:42:05
57131,10,3.0,1996-03-29 03:42:05
57131,7,3.0,1996-03-29 03:42:05
57131,43,4.0,1996-03-29 03:42:05
57131,28,5.0,1996-03-29 03:42:05
57230,592,4.0,1996-03-29 03:46:10
57230,595,4.0,1996-03-29 03:46:10
57230,172,3.0,1996-03-29 03:46:10
57230,71,4.0,1996-03-29 03:46:10
57230,590,4.0,1996-03-29 03:46:10
57230,110,5.0,1996-03-29 03:46:10
57230,31,4.0,1996-03-29 03:46:10
57230,434,3.0,1996-03-29 03:46:10
57230,168,3.0,1996-03-29 03:46:10
57230,431,3.0,1996-03-29 03:46:10
57230,420,3.0,1996-03-29 03:46:10
57230,153,3.0,1996-03-29 03:46:10
57230,349,3.0,1996-03-29 03:46:10
57230,344,1.0,1996-03-29 03:46:10
57230,160,3.0,1996-03-29 03:46:10
57230,163,5.0,1996-03-29 03:46:10
57230,227,3.0,1996-03-29 03:46:10
57230,173,3.0,1996-03-29 03:46:10
57230,588,3.0,1996-03-29 03:46:10
57230,224,5.0,1996-03-29 03:46:10
57230,555,4.0,1996-03-29 03:46:11
57230,316,3.0,1996-03-29 03:46:11
57230,296,5.0,1996-03-29 03:46:11
57230,50,5.0,1996-03-29 03:46:11
57230,185,3.0,1996-03-29 03:46:11
57230,292,3.0,1996-03-29 03:46:11
57230,380,4.0,1996-03-29 03:46:11
57230,105,4.0,1996-03-29 03:51:07
57131,316,2.0,1996-03-29 03:52:42
57131,150,5.0,1996-03-29 03:52:42
57131,595,5.0,1996-03-29 03:52:42
57131,34,5.0,1996-03-29 03:52:42
57131,588,5.0,1996-03-29 03:52:42
57131,468,4.0,1996-03-29 03:52:42
57131,318,5.0,1996-03-29 03:52:42
57131,342,4.0,1996-03-29 03:52:42
57131,237,4.0,1996-03-29 03:52:42
57131,252,5.0,1996-03-29 03:52:42
57131,339,4.0,1996-03-29 03:52:42
57131,272,5.0,1996-03-29 03:52:42
57131,236,4.0,1996-03-29 03:52:42
57131,261,4.0,1996-03-29 03:52:42
57230,208,3.0,1996-03-29 04:19:54
250,170,4.0,1996-03-29 06:16:57
250,150,5.0,1996-03-29 06:16:57
250,317,3.0,1996-03-29 06:16:57
250,235,3.0,1996-03-29 06:16:57
250,261,4.0,1996-03-29 06:16:57
250,299,4.0,1996-03-29 06:16:57
250,303,4.0,1996-03-29 06:16:57
250,692,1.0,1996-03-29 06:16:57
250,592,3.0,1996-03-29 06:16:57
250,590,3.0,1996-03-29 06:16:57
250,468,4.0,1996-03-29 06:16:57
250,421,4.0,1996-03-29 06:16:57
250,416,5.0,1996-03-29 06:16:57
250,318,5.0,1996-03-29 06:16:57
250,110,5.0,1996-03-29 06:16:57
250,34,5.0,1996-03-29 06:16:57
250,151,5.0,1996-03-29 06:16:57
250,333,4.0,1996-03-29 06:16:58
250,208,3.0,1996-03-29 06:16:58
250,316,3.0,1996-03-29 06:16:58
453,105,5.0,1996-03-29 06:24:24
453,10,4.0,1996-03-29 06:24:24
453,6,4.0,1996-03-29 06:24:25
453,45,3.0,1996-03-29 06:24:25
453,17,5.0,1996-03-29 06:24:25
453,349,4.0,1996-03-29 06:31:05
453,588,4.0,1996-03-29 06:31:05
453,434,3.0,1996-03-29 06:31:05
453,420,4.0,1996-03-29 06:31:05
453,208,3.0,1996-03-29 06:31:05
453,292,4.0,1996-03-29 06:31:05
453,296,4.0,1996-03-29 06:31:05
453,592,3.0,1996-03-29 06:31:05
453,595,4.0,1996-03-29 06:31:05
453,342,4.0,1996-03-29 06:31:05
453,380,5.0,1996-03-29 06:31:05
453,590,5.0,1996-03-29 06:31:05
453,48,4.0,1996-03-29 06:31:05
150,111,4.0,1996-03-29 06:33:04
150,17,5.0,1996-03-29 06:33:04
150,52,5.0,1996-03-29 06:33:04
150,105,5.0,1996-03-29 06:33:04
848,25,4.0,1996-03-29 07:25:37
848,111,4.0,1996-03-29 07:25:37
848,10,4.0,1996-03-29 07:25:37
848,35,5.0,1996-03-29 07:25:37
848,31,5.0,1996-03-29 07:49:00
848,225,4.0,1996-03-29 07:49:00
848,344,2.0,1996-03-29 07:49:00
848,347,5.0,1996-03-29 07:49:00
848,420,3.0,1996-03-29 07:49:00
848,590,5.0,1996-03-29 07:49:00
848,71,4.0,1996-03-29 07:49:00
848,427,5.0,1996-03-29 07:49:00
848,185,4.0,1996-03-29 07:49:01
848,193,5.0,1996-03-29 07:49:01
848,175,5.0,1996-03-29 07:49:01
848,237,5.0,1996-03-29 07:49:01
848,296,5.0,1996-03-29 07:49:01
848,300,5.0,1996-03-29 07:49:01
848,331,5.0,1996-03-29 07:49:01
848,381,5.0,1996-03-29 07:49:01
1113,435,4.0,1996-03-29 08:11:10
1113,344,3.0,1996-03-29 08:11:10
1113,349,5.0,1996-03-29 08:11:10
1113,410,4.0,1996-03-29 08:11:10
1113,413,4.0,1996-03-29 08:11:10
1113,592,5.0,1996-03-29 08:11:10
1113,590,5.0,1996-03-29 08:11:10
1113,39,4.0,1996-03-29 08:11:10
1113,110,5.0,1996-03-29 08:11:10
1113,227,3.0,1996-03-29 08:11:10
1113,216,4.0,1996-03-29 08:11:10
1113,161,5.0,1996-03-29 08:11:10
1113,158,5.0,1996-03-29 08:11:10
1113,153,5.0,1996-03-29 08:11:10
1113,150,5.0,1996-03-29 08:11:10
1113,172,3.0,1996-03-29 08:11:11
1113,553,5.0,1996-03-29 08:11:11
1113,151,5.0,1996-03-29 08:11:11
1113,380,5.0,1996-03-29 08:11:11
1113,339,3.0,1996-03-29 08:11:11
1113,337,5.0,1996-03-29 08:11:11
1113,333,5.0,1996-03-29 08:11:11
1113,318,5.0,1996-03-29 08:11:11
1113,316,4.0,1996-03-29 08:11:11
1113,300,4.0,1996-03-29 08:11:11
1113,296,5.0,1996-03-29 08:11:11
1113,288,2.0,1996-03-29 08:11:11
1113,276,3.0,1996-03-29 08:11:11
1113,259,3.0,1996-03-29 08:11:11
1113,252,4.0,1996-03-29 08:11:11
1113,257,3.0,1996-03-29 08:11:11
1113,234,2.0,1996-03-29 08:11:11
1113,208,4.0,1996-03-29 08:11:11
1113,185,4.0,1996-03-29 08:11:11
1113,174,3.0,1996-03-29 08:11:11
1113,173,2.0,1996-03-29 08:11:11
1290,688,4.0,1996-03-29 08:32:07
1290,595,3.0,1996-03-29 08:32:07
1290,590,4.0,1996-03-29 08:32:07
1290,588,4.0,1996-03-29 08:32:07
1290,468,4.0,1996-03-29 08:32:07
1290,435,2.0,1996-03-29 08:32:07
1290,432,3.0,1996-03-29 08:32:07
1290,420,3.0,1996-03-29 08:32:07
1290,410,3.0,1996-03-29 08:32:07
1290,349,5.0,1996-03-29 08:32:07
1290,344,3.0,1996-03-29 08:32:07
1290,315,5.0,1996-03-29 08:32:07
1290,314,2.0,1996-03-29 08:32:07
1290,313,4.0,1996-03-29 08:32:07
1290,277,5.0,1996-03-29 08:32:07
1290,276,4.0,1996-03-29 08:32:07
1290,60,4.0,1996-03-29 08:32:07
1290,146,5.0,1996-03-29 08:32:07
1290,150,5.0,1996-03-29 08:32:07
1290,158,4.0,1996-03-29 08:32:07
1290,161,5.0,1996-03-29 08:32:07
1290,48,3.0,1996-03-29 08:32:07
1290,222,4.0,1996-03-29 08:32:07
1290,204,4.0,1996-03-29 08:32:07
1290,34,3.0,1996-03-29 08:32:07
1591,150,5.0,1996-03-29 09:11:26
1591,145,4.0,1996-03-29 09:11:26
1591,416,4.0,1996-03-29 09:11:26
1591,588,4.0,1996-03-29 09:11:26
1591,153,4.0,1996-03-29 09:11:26
1591,553,5.0,1996-03-29 09:11:27
1591,169,5.0,1996-03-29 09:11:27
1591,225,4.0,1996-03-29 09:11:27
1591,240,4.0,1996-03-29 09:11:27
1591,266,5.0,1996-03-29 09:11:27
1591,315,5.0,1996-03-29 09:11:27
1591,296,2.0,1996-03-29 09:11:27
1591,432,5.0,1996-03-29 09:11:27
1591,420,3.0,1996-03-29 09:11:27
1591,380,5.0,1996-03-29 09:11:27
1591,316,4.0,1996-03-29 09:11:27
1591,317,5.0,1996-03-29 09:11:27
1591,349,5.0,1996-03-29 09:11:27
1591,277,5.0,1996-03-29 09:11:27
1591,161,5.0,1996-03-29 09:11:27
1591,434,5.0,1996-03-29 09:11:27
1591,158,4.0,1996-03-29 09:11:27
1591,160,4.0,1996-03-29 09:11:27
1591,590,5.0,1996-03-29 09:11:27
54737,11,2.0,1996-03-29 09:51:26
54737,17,5.0,1996-03-29 09:51:26
54737,21,5.0,1996-03-29 09:51:26
54737,105,1.0,1996-03-29 09:51:26
54737,74,5.0,1996-03-29 09:51:26
54737,7,4.0,1996-03-29 09:51:26
54737,52,5.0,1996-03-29 09:51:26
54737,342,4.0,1996-03-29 09:59:23
54737,555,3.0,1996-03-29 09:59:23
54737,151,2.0,1996-03-29 09:59:23
54737,60,5.0,1996-03-29 09:59:23
54737,168,4.0,1996-03-29 09:59:23
2019,225,3.0,1996-03-29 10:36:37
2019,230,5.0,1996-03-29 10:36:37
2019,161,4.0,1996-03-29 10:36:37
2019,218,5.0,1996-03-29 10:36:37
2019,185,3.0,1996-03-29 10:36:37
2019,171,5.0,1996-03-29 10:36:37
2019,150,4.0,1996-03-29 10:36:37
2019,22,4.0,1996-03-29 10:36:37
2019,31,3.0,1996-03-29 10:36:37
2019,222,4.0,1996-03-29 10:36:37
2019,300,4.0,1996-03-29 10:36:37
2019,314,5.0,1996-03-29 10:36:37
2019,318,5.0,1996-03-29 10:36:37
2019,261,4.0,1996-03-29 10:36:37
2019,349,3.0,1996-03-29 10:36:37
2019,431,4.0,1996-03-29 10:36:37
2019,434,4.0,1996-03-29 10:36:37
2019,237,1.0,1996-03-29 10:36:37
2019,590,4.0,1996-03-29 10:36:37
2019,39,4.0,1996-03-29 10:36:37
2019,208,3.0,1996-03-29 10:36:38
2019,50,4.0,1996-03-29 10:36:38
2113,69,5.0,1996-03-29 10:40:43
2113,23,4.0,1996-03-29 10:40:43
2113,595,3.0,1996-03-29 10:40:43
2113,150,5.0,1996-03-29 10:40:43
2113,153,4.0,1996-03-29 10:40:43
2113,145,5.0,1996-03-29 10:40:43
2113,151,5.0,1996-03-29 10:40:43
2113,592,4.0,1996-03-29 10:40:43
2113,161,4.0,1996-03-29 10:40:43
2113,588,4.0,1996-03-29 10:40:43
2113,434,4.0,1996-03-29 10:40:43
2113,349,3.0,1996-03-29 10:40:43
2113,344,4.0,1996-03-29 10:40:43
2113,318,5.0,1996-03-29 10:40:43
2113,317,5.0,1996-03-29 10:40:43
2113,160,4.0,1996-03-29 10:40:43
2113,292,4.0,1996-03-29 10:40:43
2113,288,5.0,1996-03-29 10:40:43
2113,296,4.0,1996-03-29 10:40:43
2113,172,4.0,1996-03-29 10:40:43
2113,185,5.0,1996-03-29 10:40:43
2113,193,3.0,1996-03-29 10:40:43
2113,257,4.0,1996-03-29 10:40:43
2113,267,5.0,1996-03-29 10:40:43
2113,227,5.0,1996-03-29 10:40:43
2113,196,4.0,1996-03-29 10:40:44
2113,327,3.0,1996-03-29 10:40:44
2113,316,5.0,1996-03-29 10:40:44
2113,315,4.0,1996-03-29 10:40:44
2113,380,5.0,1996-03-29 10:40:44
2113,553,3.0,1996-03-29 10:40:44
2113,555,5.0,1996-03-29 10:40:44
2113,204,5.0,1996-03-29 10:40:44
2302,344,3.0,1996-03-29 10:57:10
2302,339,5.0,1996-03-29 10:57:10
2302,289,5.0,1996-03-29 10:57:10
2302,300,3.0,1996-03-29 10:57:10
2302,296,2.0,1996-03-29 10:57:10
2302,331,1.0,1996-03-29 10:57:10
2302,277,3.0,1996-03-29 10:57:10
2302,234,4.0,1996-03-29 10:57:10
2302,225,4.0,1996-03-29 10:57:10
2302,592,4.0,1996-03-29 10:57:10
2302,204,3.0,1996-03-29 10:57:10
2302,177,4.0,1996-03-29 10:57:10
2302,590,5.0,1996-03-29 10:57:10
2302,316,5.0,1996-03-29 10:57:10
2302,588,5.0,1996-03-29 10:57:10
2302,161,4.0,1996-03-29 10:57:10
2302,349,4.0,1996-03-29 10:57:10
2302,435,3.0,1996-03-29 10:57:10
2302,381,4.0,1996-03-29 10:57:10
2302,410,3.0,1996-03-29 10:57:10
2302,380,5.0,1996-03-29 10:57:10
2302,150,5.0,1996-03-29 10:57:10
2302,153,2.0,1996-03-29 10:57:10
2302,434,5.0,1996-03-29 10:57:10
2302,432,4.0,1996-03-29 10:57:10
2302,315,4.0,1996-03-29 10:57:10
2506,11,4.0,1996-03-29 11:10:13
2506,16,4.0,1996-03-29 11:10:13
2506,105,4.0,1996-03-29 11:10:13
2506,35,5.0,1996-03-29 11:10:13
2506,36,5.0,1996-03-29 11:10:13
2506,141,3.0,1996-03-29 11:10:13
2506,62,4.0,1996-03-29 11:10:14
2506,1,5.0,1996-03-29 11:10:14
2506,150,5.0,1996-03-29 11:16:50
2506,592,3.0,1996-03-29 11:16:50
2506,281,5.0,1996-03-29 11:16:51
2506,296,3.0,1996-03-29 11:16:51
2506,300,5.0,1996-03-29 11:16:51
2506,318,5.0,1996-03-29 11:16:51
2506,144,5.0,1996-03-29 11:16:51
2506,339,3.0,1996-03-29 11:16:51
2506,468,3.0,1996-03-29 11:16:51
2506,431,3.0,1996-03-29 11:16:51
2506,337,4.0,1996-03-29 11:16:51
2506,349,4.0,1996-03-29 11:16:51
2506,161,3.0,1996-03-29 11:16:51
2506,222,4.0,1996-03-29 11:16:51
1803,592,4.0,1996-03-29 11:35:31
1803,222,3.0,1996-03-29 11:35:31
1803,110,5.0,1996-03-29 11:35:31
1803,318,4.0,1996-03-29 11:35:32
1803,331,4.0,1996-03-29 11:35:32
1803,22,4.0,1996-03-29 11:35:32
1803,39,5.0,1996-03-29 11:35:32
1803,339,4.0,1996-03-29 11:35:32
1803,300,4.0,1996-03-29 11:35:32
1803,296,5.0,1996-03-29 11:35:32
1803,223,4.0,1996-03-29 11:35:32
1803,590,5.0,1996-03-29 11:35:32
1803,380,4.0,1996-03-29 11:35:32
1803,349,4.0,1996-03-29 11:35:32
1803,342,4.0,1996-03-29 11:35:32
1803,289,4.0,1996-03-29 11:35:32
1803,381,4.0,1996-03-29 11:35:32
1803,281,4.0,1996-03-29 11:35:32
1803,236,4.0,1996-03-29 11:35:32
1803,288,4.0,1996-03-29 11:35:32
1803,237,3.0,1996-03-29 11:35:32
3023,28,4.0,1996-03-29 12:08:08
3023,1,5.0,1996-03-29 12:08:08
3023,10,4.0,1996-03-29 12:08:08
3023,14,3.0,1996-03-29 12:08:08
3023,17,5.0,1996-03-29 12:08:08
3023,638,5.0,1996-03-29 12:08:08
3023,592,4.0,1996-03-29 12:16:20
3023,590,4.0,1996-03-29 12:16:20
3023,153,5.0,1996-03-29 12:16:20
3023,236,5.0,1996-03-29 12:16:20
3023,150,5.0,1996-03-29 12:16:20
3023,168,4.0,1996-03-29 12:16:20
3023,588,4.0,1996-03-29 12:16:20
3023,225,4.0,1996-03-29 12:16:20
3023,349,5.0,1996-03-29 12:16:20
3023,272,4.0,1996-03-29 12:16:21
3023,342,4.0,1996-03-29 12:16:21
3023,261,4.0,1996-03-29 12:16:21
3023,208,4.0,1996-03-29 12:16:21
3023,249,4.0,1996-03-29 12:16:21
3023,380,4.0,1996-03-29 12:16:21
3023,151,3.0,1996-03-29 12:16:21
3023,316,4.0,1996-03-29 12:16:21
3023,277,5.0,1996-03-29 12:16:21
3023,381,4.0,1996-03-29 12:16:21
3023,318,5.0,1996-03-29 12:16:21
3127,36,5.0,1996-03-29 12:17:23
3127,5,5.0,1996-03-29 12:17:23
3127,17,5.0,1996-03-29 12:17:23
3127,21,4.0,1996-03-29 12:17:23
3127,25,4.0,1996-03-29 12:17:23
3127,62,4.0,1996-03-29 12:17:23
3127,1,5.0,1996-03-29 12:17:23
3127,10,3.0,1996-03-29 12:17:23
3127,261,5.0,1996-03-29 12:24:52
3127,595,5.0,1996-03-29 12:24:52
3127,266,3.0,1996-03-29 12:24:52
3127,236,4.0,1996-03-29 12:24:52
3127,235,5.0,1996-03-29 12:24:52
3127,230,4.0,1996-03-29 12:24:52
3127,186,3.0,1996-03-29 12:24:52
3127,161,5.0,1996-03-29 12:24:52
3127,160,3.0,1996-03-29 12:24:52
3127,153,3.0,1996-03-29 12:24:52
3127,150,5.0,1996-03-29 12:24:52
3127,147,4.0,1996-03-29 12:24:52
3127,39,4.0,1996-03-29 12:24:52
3127,34,5.0,1996-03-29 12:24:52
3127,274,3.0,1996-03-29 12:24:52
3127,280,4.0,1996-03-29 12:24:52
3127,144,5.0,1996-03-29 12:24:52
3127,282,4.0,1996-03-29 12:24:52
3127,592,3.0,1996-03-29 12:24:52
3127,590,5.0,1996-03-29 12:24:52
3127,588,5.0,1996-03-29 12:24:52
3127,434,5.0,1996-03-29 12:24:52
3127,431,4.0,1996-03-29 12:24:52
3127,281,5.0,1996-03-29 12:24:52
3127,288,1.0,1996-03-29 12:24:52
3127,340,4.0,1996-03-29 12:24:53
3127,296,5.0,1996-03-29 12:24:53
3127,316,1.0,1996-03-29 12:24:53
3127,151,5.0,1996-03-29 12:24:53
3127,381,4.0,1996-03-29 12:24:53
3127,339,5.0,1996-03-29 12:24:53
3127,208,5.0,1996-03-29 12:24:53
3127,318,5.0,1996-03-29 12:24:53
3127,317,4.0,1996-03-29 12:24:53
3127,337,5.0,1996-03-29 12:24:53
53923,277,5.0,1996-03-29 12:53:35
53923,300,4.0,1996-03-29 12:53:35
53923,417,4.0,1996-03-29 12:53:35
53923,151,5.0,1996-03-29 12:53:35
53923,588,4.0,1996-03-29 12:53:35
53923,208,4.0,1996-03-29 12:53:35
53923,168,3.0,1996-03-29 12:53:35
53923,237,3.0,1996-03-29 12:53:35
37801,410,4.0,1996-03-29 14:30:29
37801,555,5.0,1996-03-29 14:30:30
37801,595,5.0,1996-03-29 14:30:30
37801,590,3.0,1996-03-29 14:30:30
37801,431,4.0,1996-03-29 14:30:30
37801,553,5.0,1996-03-29 14:30:30
37801,434,3.0,1996-03-29 14:30:30
37801,427,5.0,1996-03-29 14:30:30
37801,337,4.0,1996-03-29 14:30:30
37801,417,3.0,1996-03-29 14:30:30
37801,413,2.0,1996-03-29 14:30:30
37801,223,5.0,1996-03-29 14:30:30
37801,349,4.0,1996-03-29 14:30:30
37801,317,3.0,1996-03-29 14:34:15
37801,588,5.0,1996-03-29 14:34:15
37801,277,5.0,1996-03-29 14:35:28
3430,111,5.0,1996-03-29 14:46:25
3430,25,5.0,1996-03-29 14:46:25
3430,52,4.0,1996-03-29 14:46:25
3430,94,4.0,1996-03-29 14:46:25
3430,608,4.0,1996-03-29 14:46:25
3430,610,4.0,1996-03-29 14:46:25
3430,50,4.0,1996-03-29 14:52:56
3430,380,3.0,1996-03-29 14:52:56
3430,185,3.0,1996-03-29 14:52:56
3430,161,4.0,1996-03-29 14:52:56
3430,172,4.0,1996-03-29 14:52:56
3430,150,4.0,1996-03-29 14:52:56
3430,288,4.0,1996-03-29 14:52:56
3430,257,3.0,1996-03-29 14:52:56
3430,349,4.0,1996-03-29 14:52:56
3430,342,3.0,1996-03-29 14:52:56
3430,339,3.0,1996-03-29 14:52:56
3430,318,5.0,1996-03-29 14:52:56
3430,196,3.0,1996-03-29 14:52:56
3430,296,5.0,1996-03-29 14:52:56
3430,277,4.0,1996-03-29 14:52:56
3430,316,3.0,1996-03-29 15:04:22
3430,54,4.0,1996-03-29 15:04:22
3430,160,4.0,1996-03-29 15:04:22
3430,292,4.0,1996-03-29 15:04:22
3430,344,5.0,1996-03-29 15:04:22
3430,225,3.0,1996-03-29 15:04:22
3430,224,4.0,1996-03-29 15:04:22
3430,315,3.0,1996-03-29 15:04:22
3430,144,5.0,1996-03-29 15:04:22
3430,216,3.0,1996-03-29 15:04:22
3536,31,5.0,1996-03-29 15:05:47
3536,225,4.0,1996-03-29 15:05:47
3536,186,4.0,1996-03-29 15:05:47
3536,175,5.0,1996-03-29 15:05:47
3536,174,4.0,1996-03-29 15:05:47
3536,161,5.0,1996-03-29 15:05:47
3536,153,4.0,1996-03-29 15:05:47
3536,39,5.0,1996-03-29 15:05:47
3536,222,5.0,1996-03-29 15:05:47
3536,233,4.0,1996-03-29 15:05:47
3536,299,5.0,1996-03-29 15:05:47
3536,317,4.0,1996-03-29 15:05:47
3536,344,5.0,1996-03-29 15:05:47
3536,236,4.0,1996-03-29 15:05:47
3536,281,5.0,1996-03-29 15:05:47
3536,431,4.0,1996-03-29 15:05:47
3536,588,5.0,1996-03-29 15:05:47
3536,296,5.0,1996-03-29 15:05:47
3536,318,5.0,1996-03-29 15:05:47
3536,590,5.0,1996-03-29 15:05:47
3536,595,4.0,1996-03-29 15:05:47
3536,592,4.0,1996-03-29 15:05:47
3536,339,4.0,1996-03-29 15:05:48
3536,50,3.0,1996-03-29 15:05:48
54224,235,3.0,1996-03-29 15:11:12
54224,266,1.0,1996-03-29 15:11:12
54224,234,3.0,1996-03-29 15:11:12
54224,203,4.0,1996-03-29 15:11:12
54224,292,4.0,1996-03-29 15:11:12
54224,50,4.0,1996-03-29 15:11:12
54224,39,3.0,1996-03-29 15:11:12
54224,344,1.0,1996-03-29 15:11:12
54224,19,1.0,1996-03-29 15:11:12
54224,144,5.0,1996-03-29 15:11:12
3536,266,4.0,1996-03-29 15:15:25
3536,257,4.0,1996-03-29 15:15:25
3536,34,5.0,1996-03-29 15:15:25
3536,57,4.0,1996-03-29 15:15:25
3536,168,3.0,1996-03-29 15:15:25
3536,159,5.0,1996-03-29 15:15:25
3845,25,1.0,1996-03-29 15:23:27
3845,17,5.0,1996-03-29 15:23:27
3845,1,5.0,1996-03-29 15:23:27
3845,63,5.0,1996-03-29 15:24:56
3737,218,4.0,1996-03-29 15:25:22
3737,225,4.0,1996-03-29 15:25:22
3737,432,3.0,1996-03-29 15:25:22
3737,227,3.0,1996-03-29 15:25:22
3737,420,2.0,1996-03-29 15:25:22
3737,351,5.0,1996-03-29 15:25:22
3737,234,3.0,1996-03-29 15:25:22
3737,236,4.0,1996-03-29 15:25:22
3737,256,4.0,1996-03-29 15:25:22
3737,266,4.0,1996-03-29 15:25:22
3737,276,4.0,1996-03-29 15:25:22
3737,278,4.0,1996-03-29 15:25:22
3737,282,5.0,1996-03-29 15:25:22
3737,289,5.0,1996-03-29 15:25:22
3737,349,4.0,1996-03-29 15:25:22
3737,252,5.0,1996-03-29 15:25:22
3737,468,4.0,1996-03-29 15:25:22
3737,150,5.0,1996-03-29 15:25:22
3737,151,5.0,1996-03-29 15:25:22
3737,153,3.0,1996-03-29 15:25:22
3737,161,5.0,1996-03-29 15:25:22
3737,22,4.0,1996-03-29 15:25:22
3737,48,4.0,1996-03-29 15:25:22
3737,434,4.0,1996-03-29 15:25:22
3737,185,5.0,1996-03-29 15:25:22
3737,592,4.0,1996-03-29 15:25:22
3737,590,5.0,1996-03-29 15:25:22
3737,588,5.0,1996-03-29 15:25:22
3737,595,5.0,1996-03-29 15:25:22
3737,168,4.0,1996-03-29 15:25:22
3737,380,5.0,1996-03-29 15:25:23
3737,339,5.0,1996-03-29 15:25:23
3737,316,5.0,1996-03-29 15:25:23
3737,553,5.0,1996-03-29 15:25:23
3737,208,3.0,1996-03-29 15:25:23
3737,204,4.0,1996-03-29 15:25:23
3737,315,4.0,1996-03-29 15:25:23
3737,317,5.0,1996-03-29 15:28:45
3737,281,4.0,1996-03-29 15:28:45
3737,164,3.0,1996-03-29 15:28:45
3737,222,5.0,1996-03-29 15:28:45
3737,292,5.0,1996-03-29 15:28:45
3938,5,4.0,1996-03-29 15:43:02
3938,10,5.0,1996-03-29 15:43:02
3938,95,5.0,1996-03-29 15:43:02
3938,608,5.0,1996-03-29 15:43:02
3536,349,5.0,1996-03-29 15:46:33
3536,342,4.0,1996-03-29 15:50:21
3536,22,5.0,1996-03-29 15:50:21
3536,150,5.0,1996-03-29 15:50:21
3536,193,2.0,1996-03-29 15:50:21
3536,208,3.0,1996-03-29 15:50:21
3938,344,3.0,1996-03-29 15:54:35
3938,150,4.0,1996-03-29 15:54:35
3938,153,4.0,1996-03-29 15:54:35
3938,160,4.0,1996-03-29 15:54:35
3938,592,4.0,1996-03-29 15:54:35
3938,34,5.0,1996-03-29 15:54:35
3938,410,3.0,1996-03-29 15:54:35
3938,420,3.0,1996-03-29 15:54:35
3938,432,3.0,1996-03-29 15:54:35
3938,434,3.0,1996-03-29 15:54:35
3938,227,4.0,1996-03-29 15:54:36
3938,230,5.0,1996-03-29 15:54:36
3938,173,2.0,1996-03-29 15:54:36
3938,235,2.0,1996-03-29 15:54:36
3938,236,3.0,1996-03-29 15:54:36
3938,161,3.0,1996-03-29 15:54:36
3938,252,3.0,1996-03-29 15:54:36
3938,44,3.0,1996-03-29 15:54:36
3938,208,1.0,1996-03-29 15:54:36
3938,300,2.0,1996-03-29 15:54:36
3938,316,4.0,1996-03-29 15:54:36
3938,296,3.0,1996-03-29 15:54:36
3938,437,4.0,1996-03-29 15:57:26
3938,380,5.0,1996-03-29 15:57:26
3938,225,4.0,1996-03-29 15:57:26
4031,5,5.0,1996-03-29 16:45:24
4031,2,5.0,1996-03-29 16:45:24
4031,95,5.0,1996-03-29 16:45:24
4031,609,4.0,1996-03-29 16:45:24
4031,709,4.0,1996-03-29 16:45:24
4031,38,4.0,1996-03-29 16:45:24
4031,588,5.0,1996-03-29 17:04:19
4031,592,4.0,1996-03-29 17:04:19
4031,595,5.0,1996-03-29 17:04:19
4031,343,3.0,1996-03-29 17:04:19
4031,344,3.0,1996-03-29 17:04:19
4031,351,4.0,1996-03-29 17:04:19
4031,416,3.0,1996-03-29 17:04:19
4031,421,4.0,1996-03-29 17:04:19
4031,427,1.0,1996-03-29 17:04:19
4031,435,1.0,1996-03-29 17:04:19
4031,434,5.0,1996-03-29 17:04:19
4031,432,4.0,1996-03-29 17:04:19
4031,256,4.0,1996-03-29 17:04:19
4031,19,3.0,1996-03-29 17:04:19
4031,153,5.0,1996-03-29 17:04:19
4031,160,4.0,1996-03-29 17:04:19
4031,161,2.0,1996-03-29 17:04:19
4031,168,5.0,1996-03-29 17:04:19
4031,169,4.0,1996-03-29 17:04:19
4031,266,5.0,1996-03-29 17:04:19
4031,173,4.0,1996-03-29 17:04:19
4031,174,4.0,1996-03-29 17:04:19
4031,60,3.0,1996-03-29 17:04:19
4031,39,3.0,1996-03-29 17:04:19
4031,54,3.0,1996-03-29 17:04:19
4031,146,1.0,1996-03-29 17:04:19
4031,145,3.0,1996-03-29 17:04:19
4031,216,2.0,1996-03-29 17:04:19
4031,227,4.0,1996-03-29 17:04:19
4031,230,3.0,1996-03-29 17:04:19
4031,234,3.0,1996-03-29 17:04:19
4031,252,3.0,1996-03-29 17:04:19
4031,212,3.0,1996-03-29 17:04:19
4031,48,3.0,1996-03-29 17:04:20
4031,339,5.0,1996-03-29 17:04:20
4031,196,3.0,1996-03-29 17:04:20
4031,203,5.0,1996-03-29 17:04:20
4031,208,5.0,1996-03-29 17:04:20
4031,185,4.0,1996-03-29 17:04:20
4031,186,4.0,1996-03-29 17:04:20
4031,340,4.0,1996-03-29 17:04:20
4031,380,5.0,1996-03-29 17:04:20
4031,381,4.0,1996-03-29 17:04:20
4031,267,5.0,1996-03-29 17:04:20
4031,280,5.0,1996-03-29 17:04:20
4031,282,3.0,1996-03-29 17:04:20
4031,553,3.0,1996-03-29 17:04:20
4031,274,4.0,1996-03-29 17:04:20
4031,277,4.0,1996-03-29 17:04:20
4031,289,4.0,1996-03-29 17:04:20
4031,315,5.0,1996-03-29 17:04:20
4031,316,5.0,1996-03-29 17:04:20
4031,317,4.0,1996-03-29 17:04:20
4031,333,2.0,1996-03-29 17:04:20
4031,337,3.0,1996-03-29 17:04:20
4031,288,3.0,1996-03-29 17:04:20
4031,261,5.0,1996-03-29 17:26:37
4031,158,5.0,1996-03-29 17:26:37
54328,413,3.0,1996-03-29 17:44:41
54328,145,1.0,1996-03-29 17:44:41
54328,344,4.0,1996-03-29 17:44:41
54328,223,5.0,1996-03-29 17:44:42
54328,50,5.0,1996-03-29 17:44:42
54328,44,3.0,1996-03-29 17:44:42
54328,337,4.0,1996-03-29 17:44:42
54328,39,4.0,1996-03-29 17:44:42
54328,31,3.0,1996-03-29 17:44:42
54328,168,2.0,1996-03-29 17:44:42
54328,208,4.0,1996-03-29 17:44:42
54328,153,4.0,1996-03-29 17:44:42
54328,318,5.0,1996-03-29 17:44:42
54328,316,4.0,1996-03-29 17:44:42
54328,296,4.0,1996-03-29 17:44:42
54328,288,3.0,1996-03-29 17:44:42
54328,272,4.0,1996-03-29 17:44:42
54328,252,2.0,1996-03-29 17:44:42
54328,175,5.0,1996-03-29 17:44:42
54328,186,4.0,1996-03-29 17:44:42
54328,333,3.0,1996-03-29 17:44:42
54328,437,1.0,1996-03-29 17:44:42
54328,157,4.0,1996-03-29 17:47:55
54328,198,4.0,1996-03-29 17:51:51
4319,22,4.0,1996-03-29 18:36:55
4319,227,3.0,1996-03-29 18:36:55
4319,225,4.0,1996-03-29 18:36:55
4319,222,4.0,1996-03-29 18:36:55
4319,218,4.0,1996-03-29 18:36:55
4319,349,3.0,1996-03-29 18:36:55
4319,351,4.0,1996-03-29 18:36:55
4319,161,5.0,1996-03-29 18:36:55
4319,420,2.0,1996-03-29 18:36:55
4319,343,3.0,1996-03-29 18:36:55
4319,432,3.0,1996-03-29 18:36:55
4319,150,5.0,1996-03-29 18:36:55
4319,434,4.0,1996-03-29 18:36:55
4319,468,3.0,1996-03-29 18:36:55
4319,595,5.0,1996-03-29 18:36:55
4319,592,5.0,1996-03-29 18:36:55
4319,590,5.0,1996-03-29 18:36:55
4319,421,4.0,1996-03-29 18:36:55
4319,588,5.0,1996-03-29 18:36:55
4319,151,4.0,1996-03-29 18:36:56
4319,252,5.0,1996-03-29 18:36:56
4319,237,4.0,1996-03-29 18:36:56
4319,236,4.0,1996-03-29 18:36:56
4319,234,2.0,1996-03-29 18:36:56
4319,204,4.0,1996-03-29 18:36:56
4319,186,4.0,1996-03-29 18:36:56
4319,185,5.0,1996-03-29 18:36:56
4319,169,3.0,1996-03-29 18:36:56
4319,60,4.0,1996-03-29 18:36:56
4319,256,4.0,1996-03-29 18:36:56
4319,168,5.0,1996-03-29 18:36:56
4319,208,3.0,1996-03-29 18:36:56
4319,257,4.0,1996-03-29 18:36:56
4319,279,3.0,1996-03-29 18:36:56
4319,266,4.0,1996-03-29 18:36:56
4319,553,3.0,1996-03-29 18:36:56
4319,381,4.0,1996-03-29 18:36:56
4319,380,5.0,1996-03-29 18:36:56
4319,339,5.0,1996-03-29 18:36:56
4319,317,5.0,1996-03-29 18:36:56
4319,316,3.0,1996-03-29 18:36:56
4319,261,5.0,1996-03-29 18:36:56
4319,300,4.0,1996-03-29 18:36:56
4319,315,4.0,1996-03-29 18:36:56
4319,292,5.0,1996-03-29 18:36:56
4319,289,5.0,1996-03-29 18:36:56
4319,282,4.0,1996-03-29 18:36:56
4319,281,4.0,1996-03-29 18:36:56
4319,48,4.0,1996-03-29 18:36:56
4319,276,3.0,1996-03-29 18:36:56
4319,274,4.0,1996-03-29 18:36:56
4319,270,5.0,1996-03-29 18:36:56
4319,164,3.0,1996-03-29 18:39:22
4505,10,4.0,1996-03-29 18:46:43
4505,52,2.0,1996-03-29 18:50:54
4505,193,3.0,1996-03-29 19:01:05
4505,185,5.0,1996-03-29 19:01:05
4505,173,4.0,1996-03-29 19:01:05
4505,153,4.0,1996-03-29 19:01:05
4505,434,4.0,1996-03-29 19:01:05
4505,432,3.0,1996-03-29 19:01:05
4505,349,4.0,1996-03-29 19:01:05
4505,339,3.0,1996-03-29 19:01:05
4505,338,3.0,1996-03-29 19:01:05
4505,435,1.0,1996-03-29 19:01:05
4505,325,1.0,1996-03-29 19:01:05
4505,227,3.0,1996-03-29 19:01:05
4505,208,2.0,1996-03-29 19:01:05
4505,204,4.0,1996-03-29 19:01:05
4505,196,5.0,1996-03-29 19:01:05
4505,158,3.0,1996-03-29 19:01:05
4505,296,2.0,1996-03-29 19:01:05
4505,553,5.0,1996-03-29 19:01:05
4505,151,3.0,1996-03-29 19:01:05
4505,590,2.0,1996-03-29 19:01:05
4505,172,3.0,1996-03-29 19:01:05
4505,170,3.0,1996-03-29 19:01:05
4505,163,2.0,1996-03-29 19:01:05
4505,150,5.0,1996-03-29 19:01:05
4505,110,5.0,1996-03-29 19:01:05
4505,39,2.0,1996-03-29 19:01:05
4505,34,4.0,1996-03-29 19:01:05
4505,592,5.0,1996-03-29 19:01:05
5071,62,4.0,1996-03-29 21:09:43
5071,1,5.0,1996-03-29 21:09:43
5071,111,5.0,1996-03-29 21:12:39
5071,155,5.0,1996-03-29 21:23:27
5071,153,3.0,1996-03-29 21:23:27
5071,150,5.0,1996-03-29 21:23:27
5071,19,3.0,1996-03-29 21:23:27
5071,344,4.0,1996-03-29 21:23:27
5071,588,3.0,1996-03-29 21:23:27
5071,592,4.0,1996-03-29 21:23:27
5071,590,5.0,1996-03-29 21:23:28
5071,349,5.0,1996-03-29 21:23:28
5071,318,5.0,1996-03-29 21:23:28
5071,432,4.0,1996-03-29 21:23:28
5071,317,4.0,1996-03-29 21:23:28
5071,296,5.0,1996-03-29 21:23:28
5071,160,2.0,1996-03-29 21:23:28
5071,50,5.0,1996-03-29 21:23:28
5071,48,4.0,1996-03-29 21:23:28
5071,31,5.0,1996-03-29 21:23:28
5071,208,3.0,1996-03-29 21:23:28
5071,185,4.0,1996-03-29 21:23:28
5071,173,3.0,1996-03-29 21:23:28
5071,435,3.0,1996-03-29 21:23:28
5071,292,4.0,1996-03-29 21:23:28
5071,161,5.0,1996-03-29 21:23:28
5676,11,5.0,1996-03-30 00:07:27
5676,17,5.0,1996-03-30 00:07:27
5676,28,4.0,1996-03-30 00:07:27
5676,105,5.0,1996-03-30 00:07:27
5676,144,5.0,1996-03-30 00:24:30
5676,147,4.0,1996-03-30 00:24:30
5676,432,4.0,1996-03-30 00:24:30
5676,421,4.0,1996-03-30 00:24:30
5676,410,3.0,1996-03-30 00:24:30
5676,237,4.0,1996-03-30 00:24:30
5676,150,5.0,1996-03-30 00:24:30
5676,158,4.0,1996-03-30 00:24:30
5676,155,5.0,1996-03-30 00:24:30
5676,159,5.0,1996-03-30 00:24:30
5676,351,5.0,1996-03-30 00:24:30
5676,344,4.0,1996-03-30 00:24:30
5676,224,4.0,1996-03-30 00:24:30
5676,153,4.0,1996-03-30 00:24:30
5676,146,5.0,1996-03-30 00:24:30
5676,215,5.0,1996-03-30 00:24:30
5676,110,4.0,1996-03-30 00:24:30
5676,434,2.0,1996-03-30 00:24:30
5676,595,5.0,1996-03-30 00:24:30
5676,39,4.0,1996-03-30 00:24:30
5676,592,5.0,1996-03-30 00:24:30
5676,31,3.0,1996-03-30 00:24:30
5676,34,4.0,1996-03-30 00:24:30
5676,590,5.0,1996-03-30 00:24:30
5676,588,4.0,1996-03-30 00:24:30
5676,218,5.0,1996-03-30 00:24:30
5676,252,4.0,1996-03-30 00:24:31
5676,236,2.0,1996-03-30 00:24:31
5676,380,4.0,1996-03-30 00:24:31
5676,381,5.0,1996-03-30 00:24:31
5676,555,5.0,1996-03-30 00:24:31
5676,553,5.0,1996-03-30 00:24:31
5676,249,5.0,1996-03-30 00:24:31
5676,278,4.0,1996-03-30 00:24:31
5676,186,4.0,1996-03-30 00:24:31
5676,276,4.0,1996-03-30 00:24:31
5676,274,3.0,1996-03-30 00:24:31
5676,266,5.0,1996-03-30 00:24:31
5676,261,5.0,1996-03-30 00:24:31
5676,256,3.0,1996-03-30 00:24:31
5676,289,5.0,1996-03-30 00:24:31
5676,208,2.0,1996-03-30 00:24:31
5676,48,4.0,1996-03-30 00:24:31
5676,50,5.0,1996-03-30 00:24:31
5676,179,2.0,1996-03-30 00:24:31
5676,296,5.0,1996-03-30 00:24:31
5676,339,5.0,1996-03-30 00:24:31
5676,337,5.0,1996-03-30 00:24:31
5676,280,5.0,1996-03-30 00:24:31
5676,318,5.0,1996-03-30 00:24:31
5676,317,4.0,1996-03-30 00:24:31
5764,16,3.0,1996-03-30 01:25:17
5764,17,5.0,1996-03-30 01:25:18
5764,1,5.0,1996-03-30 01:25:18
5764,638,4.0,1996-03-30 01:25:18
5764,6,4.0,1996-03-30 01:28:02
5764,34,4.0,1996-03-30 01:36:23
5764,434,3.0,1996-03-30 01:36:23
5764,592,4.0,1996-03-30 01:36:23
5764,222,4.0,1996-03-30 01:36:23
5764,223,1.0,1996-03-30 01:36:23
5764,344,2.0,1996-03-30 01:36:23
5764,225,3.0,1996-03-30 01:36:23
5764,110,5.0,1996-03-30 01:36:23
5764,590,3.0,1996-03-30 01:36:23
5764,381,3.0,1996-03-30 01:36:24
5764,555,5.0,1996-03-30 01:36:24
5764,50,5.0,1996-03-30 01:36:24
5764,224,4.0,1996-03-30 01:36:24
5764,261,3.0,1996-03-30 01:36:24
5764,289,3.0,1996-03-30 01:36:24
5764,296,5.0,1996-03-30 01:36:24
5764,300,4.0,1996-03-30 01:36:24
5764,318,5.0,1996-03-30 01:36:24
5764,339,4.0,1996-03-30 01:36:24
5764,342,4.0,1996-03-30 01:36:24
5764,380,4.0,1996-03-30 01:36:24
5764,319,5.0,1996-03-30 01:36:24
6078,150,4.0,1996-03-30 05:23:51
6078,153,5.0,1996-03-30 05:23:51
6078,410,5.0,1996-03-30 05:23:51
6078,34,5.0,1996-03-30 05:23:51
6078,588,5.0,1996-03-30 05:23:51
6078,595,5.0,1996-03-30 05:23:51
6078,380,4.0,1996-03-30 05:23:52
6078,227,5.0,1996-03-30 05:23:52
6078,590,4.0,1996-03-30 05:23:52
6078,434,4.0,1996-03-30 05:23:52
6078,110,5.0,1996-03-30 05:23:52
6078,300,4.0,1996-03-30 05:23:52
6078,208,4.0,1996-03-30 05:23:52
6078,222,4.0,1996-03-30 05:23:52
6078,5,5.0,1996-03-30 05:27:17
6078,17,5.0,1996-03-30 05:27:17
6078,2,4.0,1996-03-30 05:27:17
6181,1,5.0,1996-03-30 05:40:28
6181,16,4.0,1996-03-30 05:40:28
6181,21,4.0,1996-03-30 05:40:28
6181,10,3.0,1996-03-30 05:40:28
6181,610,4.0,1996-03-30 05:40:28
6181,111,5.0,1996-03-30 05:40:28
6181,223,5.0,1996-03-30 05:48:04
6181,417,2.0,1996-03-30 05:48:04
6181,592,5.0,1996-03-30 05:48:04
6181,110,3.0,1996-03-30 05:48:04
6181,39,3.0,1996-03-30 05:48:04
6181,595,4.0,1996-03-30 05:48:04
6181,588,4.0,1996-03-30 05:48:04
6181,173,1.0,1996-03-30 05:48:05
6181,172,1.0,1996-03-30 05:48:05
6181,296,5.0,1996-03-30 05:48:05
6181,272,5.0,1996-03-30 05:48:05
6181,673,5.0,1996-03-30 05:48:05
6478,111,5.0,1996-03-30 06:23:17
6478,105,4.0,1996-03-30 06:23:17
6478,62,5.0,1996-03-30 06:23:17
6478,28,5.0,1996-03-30 06:30:15
6478,43,4.0,1996-03-30 06:30:15
6478,92,4.0,1996-03-30 06:30:15
6478,17,5.0,1996-03-30 06:30:15
6478,14,5.0,1996-03-30 06:30:15
6478,11,4.0,1996-03-30 06:30:15
6478,1,4.0,1996-03-30 06:30:15
6478,36,5.0,1996-03-30 06:30:15
6478,613,4.0,1996-03-30 06:30:15
6679,11,4.0,1996-03-30 07:02:46
6679,10,4.0,1996-03-30 07:02:46
6679,16,5.0,1996-03-30 07:02:46
6679,21,3.0,1996-03-30 07:02:46
6679,95,5.0,1996-03-30 07:02:46
6679,410,3.0,1996-03-30 07:12:01
6679,344,4.0,1996-03-30 07:12:01
6679,23,3.0,1996-03-30 07:12:01
6679,145,3.0,1996-03-30 07:12:01
6679,153,2.0,1996-03-30 07:12:01
6679,150,5.0,1996-03-30 07:12:01
6679,413,3.0,1996-03-30 07:12:01
6679,592,1.0,1996-03-30 07:12:01
6679,161,5.0,1996-03-30 07:12:02
6679,186,3.0,1996-03-30 07:12:02
6679,158,4.0,1996-03-30 07:12:02
6679,204,3.0,1996-03-30 07:12:02
6679,208,4.0,1996-03-30 07:12:02
6679,225,4.0,1996-03-30 07:12:02
6679,185,4.0,1996-03-30 07:12:02
6679,288,3.0,1996-03-30 07:12:02
6679,292,4.0,1996-03-30 07:12:02
6679,256,3.0,1996-03-30 07:12:02
6679,317,3.0,1996-03-30 07:12:02
6679,349,5.0,1996-03-30 07:12:02
6679,31,3.0,1996-03-30 07:12:02
6679,380,4.0,1996-03-30 07:12:02
6679,420,4.0,1996-03-30 07:12:02
6679,434,3.0,1996-03-30 07:12:02
6679,553,4.0,1996-03-30 07:12:02
6679,590,5.0,1996-03-30 07:12:02
6679,315,4.0,1996-03-30 07:12:02
6679,303,3.0,1996-03-30 07:12:02
6679,300,4.0,1996-03-30 07:12:02
6679,296,5.0,1996-03-30 07:12:02
6679,555,5.0,1996-03-30 07:12:02
6679,227,4.0,1996-03-30 07:12:02
6762,588,5.0,1996-03-30 08:00:17
6762,410,2.0,1996-03-30 08:00:17
6762,344,4.0,1996-03-30 08:00:17
6762,150,5.0,1996-03-30 08:00:17
6762,380,4.0,1996-03-30 08:00:18
6762,237,3.0,1996-03-30 08:00:18
6762,296,4.0,1996-03-30 08:00:18
6762,316,3.0,1996-03-30 08:00:18
6762,349,4.0,1996-03-30 08:00:18
6762,163,3.0,1996-03-30 08:00:18
6762,381,4.0,1996-03-30 08:00:18
6762,157,3.0,1996-03-30 08:00:18
6762,421,4.0,1996-03-30 08:00:18
6762,432,3.0,1996-03-30 08:00:18
6762,434,4.0,1996-03-30 08:00:18
6762,435,3.0,1996-03-30 08:00:18
6762,235,4.0,1996-03-30 08:00:18
6762,590,5.0,1996-03-30 08:00:18
6762,153,3.0,1996-03-30 08:00:18
6762,145,3.0,1996-03-30 08:00:18
6762,592,4.0,1996-03-30 08:00:18
6762,595,5.0,1996-03-30 08:00:18
6762,553,3.0,1996-03-30 08:00:18
7058,151,3.0,1996-03-30 09:37:16
7058,153,3.0,1996-03-30 09:37:16
7058,160,3.0,1996-03-30 09:37:16
7058,161,4.0,1996-03-30 09:37:16
7058,185,3.0,1996-03-30 09:37:16
7058,218,4.0,1996-03-30 09:37:16
7058,236,3.0,1996-03-30 09:37:16
7058,277,5.0,1996-03-30 09:37:16
7058,592,3.0,1996-03-30 09:37:16
7058,590,4.0,1996-03-30 09:37:16
7058,468,3.0,1996-03-30 09:37:16
7058,344,2.0,1996-03-30 09:37:16
7058,339,4.0,1996-03-30 09:37:16
7058,252,4.0,1996-03-30 09:37:16
7058,318,4.0,1996-03-30 09:37:16
7058,300,3.0,1996-03-30 09:37:16
7058,288,2.0,1996-03-30 09:37:16
7058,266,2.0,1996-03-30 09:37:16
7058,282,4.0,1996-03-30 09:37:16
7058,276,3.0,1996-03-30 09:37:16
7058,150,5.0,1996-03-30 09:37:16
7321,74,3.0,1996-03-30 10:40:31
7321,11,4.0,1996-03-30 10:40:31
7321,94,4.0,1996-03-30 10:40:31
7321,141,5.0,1996-03-30 10:40:31
7321,79,4.0,1996-03-30 10:40:32
7321,36,5.0,1996-03-30 10:40:32
7321,38,2.0,1996-03-30 10:40:32
7321,41,4.0,1996-03-30 10:40:32
7321,52,4.0,1996-03-30 10:40:32
7321,61,2.0,1996-03-30 10:40:32
7321,62,5.0,1996-03-30 10:40:32
7321,640,4.0,1996-03-30 10:40:32
7321,63,3.0,1996-03-30 10:40:32
7321,70,5.0,1996-03-30 10:40:32
7321,608,5.0,1996-03-30 10:40:32
7321,494,4.0,1996-03-30 10:40:32
7321,35,5.0,1996-03-30 10:40:32
7321,619,2.0,1996-03-30 10:40:32
7321,120,2.0,1996-03-30 10:40:32
7321,118,4.0,1996-03-30 10:40:32
7321,105,5.0,1996-03-30 10:40:32
7321,104,3.0,1996-03-30 10:40:32
7321,102,1.0,1996-03-30 10:40:32
7321,100,4.0,1996-03-30 10:40:32
7321,95,5.0,1996-03-30 10:40:32
7321,76,2.0,1996-03-30 10:40:32
7321,135,4.0,1996-03-30 10:40:32
7321,611,2.0,1996-03-30 10:40:32
7321,28,4.0,1996-03-30 10:40:32
7321,26,5.0,1996-03-30 10:40:32
7321,25,5.0,1996-03-30 10:40:32
7321,21,4.0,1996-03-30 10:40:32
7321,17,5.0,1996-03-30 10:40:32
7321,2,4.0,1996-03-30 10:40:32
7321,16,4.0,1996-03-30 10:40:32
7321,15,2.0,1996-03-30 10:40:32
7321,14,4.0,1996-03-30 10:40:32
7321,10,5.0,1996-03-30 10:40:32
7321,6,4.0,1996-03-30 10:40:32
7321,5,4.0,1996-03-30 10:40:32
7321,81,4.0,1996-03-30 10:40:33
7321,1,5.0,1996-03-30 10:40:33
7321,4,3.0,1996-03-30 10:40:33
7321,9,3.0,1996-03-30 10:40:33
7321,656,5.0,1996-03-30 10:44:30
7321,218,4.0,1996-03-30 10:49:04
7321,420,1.0,1996-03-30 10:49:04
7321,417,4.0,1996-03-30 10:49:04
7321,110,5.0,1996-03-30 10:49:04
7321,343,3.0,1996-03-30 10:49:04
7321,144,3.0,1996-03-30 10:49:04
7321,145,3.0,1996-03-30 10:49:04
7321,146,4.0,1996-03-30 10:49:04
7321,147,3.0,1996-03-30 10:49:04
7321,150,5.0,1996-03-30 10:49:04
7321,155,3.0,1996-03-30 10:49:04
7321,211,4.0,1996-03-30 10:49:04
7321,212,2.0,1996-03-30 10:49:04
7321,216,2.0,1996-03-30 10:49:04
7321,413,3.0,1996-03-30 10:49:04
7321,421,5.0,1996-03-30 10:49:04
7321,410,5.0,1996-03-30 10:49:04
7321,344,4.0,1996-03-30 10:49:04
7321,153,4.0,1996-03-30 10:49:04
7321,588,5.0,1996-03-30 10:49:04
7321,215,5.0,1996-03-30 10:49:04
7321,595,5.0,1996-03-30 10:49:04
7321,34,5.0,1996-03-30 10:49:04
7321,23,3.0,1996-03-30 10:49:04
7321,19,3.0,1996-03-30 10:49:04
7321,54,3.0,1996-03-30 10:49:04
7321,700,4.0,1996-03-30 10:49:04
7321,592,5.0,1996-03-30 10:49:04
7516,39,3.0,1996-03-30 11:39:18
7516,31,5.0,1996-03-30 11:39:18
7516,153,4.0,1996-03-30 11:39:18
7516,160,4.0,1996-03-30 11:39:18
7516,161,4.0,1996-03-30 11:39:18
7516,168,4.0,1996-03-30 11:39:18
7516,236,4.0,1996-03-30 11:39:18
7516,237,4.0,1996-03-30 11:39:18
7516,150,5.0,1996-03-30 11:39:18
7516,110,4.0,1996-03-30 11:39:18
7516,343,3.0,1996-03-30 11:39:18
7516,595,4.0,1996-03-30 11:39:18
7516,592,4.0,1996-03-30 11:39:18
7516,590,5.0,1996-03-30 11:39:18
7516,351,4.0,1996-03-30 11:39:18
7516,588,4.0,1996-03-30 11:39:18
7516,434,4.0,1996-03-30 11:39:18
7516,338,5.0,1996-03-30 11:39:19
7516,553,3.0,1996-03-30 11:39:19
7516,173,3.0,1996-03-30 11:39:19
7516,193,2.0,1996-03-30 11:39:19
7516,203,4.0,1996-03-30 11:39:19
7516,208,4.0,1996-03-30 11:39:19
7516,380,4.0,1996-03-30 11:39:19
7516,256,4.0,1996-03-30 11:39:19
7516,274,3.0,1996-03-30 11:39:19
7516,277,4.0,1996-03-30 11:39:19
7516,339,4.0,1996-03-30 11:39:19
7516,288,2.0,1996-03-30 11:39:19
7516,185,5.0,1996-03-30 11:39:19
7516,50,5.0,1996-03-30 11:39:19
7516,266,4.0,1996-03-30 11:46:30
7516,225,5.0,1996-03-30 11:46:30
7516,204,4.0,1996-03-30 11:46:30
7516,381,4.0,1996-03-30 11:46:30
7516,296,3.0,1996-03-30 11:46:30
7516,315,4.0,1996-03-30 11:46:30
7516,317,5.0,1996-03-30 11:46:30
7620,344,3.0,1996-03-30 12:01:57
7620,337,2.0,1996-03-30 12:01:57
7620,410,2.0,1996-03-30 12:01:57
7620,316,4.0,1996-03-30 12:01:57
7620,227,4.0,1996-03-30 12:01:57
7620,225,5.0,1996-03-30 12:01:57
7620,203,3.0,1996-03-30 12:01:57
7620,256,4.0,1996-03-30 12:01:57
7620,349,5.0,1996-03-30 12:01:57
7620,218,1.0,1996-03-30 12:01:57
7620,208,4.0,1996-03-30 12:01:57
7620,234,3.0,1996-03-30 12:01:57
7620,145,4.0,1996-03-30 12:01:57
7620,150,5.0,1996-03-30 12:01:57
7620,252,3.0,1996-03-30 12:01:57
7620,380,5.0,1996-03-30 12:01:57
7620,435,4.0,1996-03-30 12:01:57
7620,434,4.0,1996-03-30 12:01:57
7620,160,4.0,1996-03-30 12:01:57
7620,185,4.0,1996-03-30 12:01:57
7620,432,4.0,1996-03-30 12:01:57
7620,592,3.0,1996-03-30 12:01:57
7730,494,3.0,1996-03-30 12:47:34
7730,631,4.0,1996-03-30 12:47:34
7730,1,5.0,1996-03-30 12:47:34
7730,95,5.0,1996-03-30 12:47:34
7730,107,3.0,1996-03-30 12:47:34
7730,2,3.0,1996-03-30 12:47:34
7730,640,3.0,1996-03-30 12:47:34
7730,609,3.0,1996-03-30 12:47:34
7730,103,5.0,1996-03-30 12:47:34
7730,16,4.0,1996-03-30 12:55:11
7730,6,5.0,1996-03-30 12:55:11
7730,420,1.0,1996-03-30 13:28:45
7730,413,1.0,1996-03-30 13:28:45
7730,431,5.0,1996-03-30 13:28:45
7730,344,4.0,1996-03-30 13:28:45
7730,432,4.0,1996-03-30 13:28:45
7730,590,4.0,1996-03-30 13:28:45
7730,592,5.0,1996-03-30 13:28:45
7730,595,3.0,1996-03-30 13:28:45
7730,434,3.0,1996-03-30 13:28:45
7730,435,1.0,1996-03-30 13:28:45
7730,588,3.0,1996-03-30 13:28:45
7730,427,5.0,1996-03-30 13:28:45
7730,349,4.0,1996-03-30 13:28:45
7730,225,3.0,1996-03-30 13:28:45
7730,153,5.0,1996-03-30 13:28:45
7730,150,3.0,1996-03-30 13:28:45
7730,216,1.0,1996-03-30 13:28:45
7730,227,2.0,1996-03-30 13:28:45
7730,249,5.0,1996-03-30 13:28:45
7730,251,4.0,1996-03-30 13:28:45
7730,161,5.0,1996-03-30 13:28:45
7730,110,5.0,1996-03-30 13:28:45
7730,60,3.0,1996-03-30 13:28:45
7730,168,3.0,1996-03-30 13:28:45
7730,39,1.0,1996-03-30 13:28:45
7730,31,4.0,1996-03-30 13:28:45
7730,23,3.0,1996-03-30 13:28:45
7730,19,4.0,1996-03-30 13:28:45
7730,145,5.0,1996-03-30 13:28:45
7730,553,3.0,1996-03-30 13:28:46
7730,173,2.0,1996-03-30 13:28:46
7730,185,3.0,1996-03-30 13:28:46
7730,48,3.0,1996-03-30 13:28:46
7730,257,5.0,1996-03-30 13:28:46
7730,555,5.0,1996-03-30 13:28:46
7730,193,1.0,1996-03-30 13:28:46
7730,196,2.0,1996-03-30 13:28:46
7730,280,5.0,1996-03-30 13:28:46
7730,303,3.0,1996-03-30 13:28:46
7730,315,3.0,1996-03-30 13:28:46
7730,316,4.0,1996-03-30 13:28:46
7730,317,4.0,1996-03-30 13:28:46
7730,318,5.0,1996-03-30 13:28:46
7730,296,5.0,1996-03-30 13:28:46
7730,339,1.0,1996-03-30 13:28:46
7730,208,2.0,1996-03-30 13:28:46
7730,204,4.0,1996-03-30 13:28:46
7730,380,5.0,1996-03-30 13:28:46
7730,381,2.0,1996-03-30 13:28:46
7730,288,4.0,1996-03-30 13:28:46
7730,292,3.0,1996-03-30 13:28:46
7730,338,2.0,1996-03-30 13:28:46
7730,300,3.0,1996-03-30 13:28:46
7912,413,1.0,1996-03-30 13:39:53
7912,344,4.0,1996-03-30 13:39:53
7912,19,5.0,1996-03-30 13:39:53
7912,168,4.0,1996-03-30 13:39:54
7912,588,5.0,1996-03-30 13:39:54
7912,254,1.0,1996-03-30 13:39:54
7912,590,3.0,1996-03-30 13:39:54
7912,216,4.0,1996-03-30 13:39:54
7912,69,5.0,1996-03-30 13:39:54
7912,224,4.0,1996-03-30 13:39:54
7912,592,4.0,1996-03-30 13:39:54
7912,595,5.0,1996-03-30 13:39:54
7912,225,3.0,1996-03-30 13:39:54
7912,163,4.0,1996-03-30 13:39:54
7912,161,4.0,1996-03-30 13:39:54
7912,157,1.0,1996-03-30 13:39:54
7912,153,4.0,1996-03-30 13:39:54
7912,150,4.0,1996-03-30 13:39:54
7912,145,5.0,1996-03-30 13:39:54
7912,437,3.0,1996-03-30 13:39:54
7912,237,2.0,1996-03-30 13:39:54
7912,227,4.0,1996-03-30 13:39:54
7912,110,5.0,1996-03-30 13:39:54
7912,31,5.0,1996-03-30 13:39:54
7912,417,1.0,1996-03-30 13:39:54
7912,39,2.0,1996-03-30 13:39:54
7912,349,5.0,1996-03-30 13:39:54
7912,351,2.0,1996-03-30 13:39:54
7912,22,3.0,1996-03-30 13:39:54
7912,420,5.0,1996-03-30 13:39:54
7912,435,1.0,1996-03-30 13:39:54
7912,432,4.0,1996-03-30 13:39:54
7912,23,3.0,1996-03-30 13:39:54
7912,173,2.0,1996-03-30 13:39:54
7912,174,4.0,1996-03-30 13:39:54
7912,434,3.0,1996-03-30 13:39:54
7912,380,2.0,1996-03-30 13:39:55
7912,177,1.0,1996-03-30 13:39:55
7912,292,3.0,1996-03-30 13:39:55
7912,181,1.0,1996-03-30 13:39:55
7912,185,3.0,1996-03-30 13:39:55
7912,340,4.0,1996-03-30 13:39:55
7912,186,4.0,1996-03-30 13:39:55
7912,204,4.0,1996-03-30 13:39:55
7912,44,1.0,1996-03-30 13:39:55
7912,151,3.0,1996-03-30 13:39:55
7912,338,1.0,1996-03-30 13:39:55
7912,337,4.0,1996-03-30 13:39:55
7912,333,4.0,1996-03-30 13:39:55
7912,289,3.0,1996-03-30 13:39:55
7912,288,1.0,1996-03-30 13:39:55
7912,281,4.0,1996-03-30 13:39:55
7912,278,4.0,1996-03-30 13:39:55
7912,276,2.0,1996-03-30 13:39:55
7912,267,1.0,1996-03-30 13:39:55
7912,315,3.0,1996-03-30 13:39:55
7912,303,2.0,1996-03-30 13:39:55
7912,553,5.0,1996-03-30 13:39:55
7912,266,4.0,1996-03-30 13:39:55
7912,259,4.0,1996-03-30 13:39:55
7912,257,4.0,1996-03-30 13:39:55
7912,196,3.0,1996-03-30 13:39:55
7912,317,5.0,1996-03-30 13:39:55
7912,318,5.0,1996-03-30 13:39:55
7912,325,3.0,1996-03-30 13:39:55
7912,316,4.0,1996-03-30 13:39:55
7912,296,1.0,1996-03-30 13:39:55
7912,208,2.0,1996-03-30 13:39:55
8210,94,4.0,1996-03-30 14:41:36
8210,16,5.0,1996-03-30 14:41:36
8210,41,5.0,1996-03-30 14:41:37
8210,25,5.0,1996-03-30 14:41:37
8210,10,3.0,1996-03-30 14:41:37
8210,6,4.0,1996-03-30 14:41:37
8210,21,5.0,1996-03-30 14:41:37
8210,105,3.0,1996-03-30 14:44:18
8210,592,5.0,1996-03-30 15:00:48
8210,590,4.0,1996-03-30 15:00:48
8210,588,4.0,1996-03-30 15:00:48
8210,344,5.0,1996-03-30 15:00:48
8210,434,3.0,1996-03-30 15:00:48
8210,432,2.0,1996-03-30 15:00:48
8210,427,2.0,1996-03-30 15:00:48
8210,420,3.0,1996-03-30 15:00:48
8210,417,5.0,1996-03-30 15:00:48
8210,349,3.0,1996-03-30 15:00:48
8210,595,4.0,1996-03-30 15:00:48
8210,435,3.0,1996-03-30 15:00:48
8210,34,4.0,1996-03-30 15:00:48
8210,39,5.0,1996-03-30 15:00:48
8210,150,4.0,1996-03-30 15:00:48
8210,153,3.0,1996-03-30 15:00:48
8210,222,4.0,1996-03-30 15:00:48
8210,316,4.0,1996-03-30 15:00:49
8210,318,5.0,1996-03-30 15:00:49
8210,233,5.0,1996-03-30 15:00:49
8210,339,4.0,1996-03-30 15:00:49
8210,224,5.0,1996-03-30 15:00:49
8210,380,4.0,1996-03-30 15:00:49
8210,296,5.0,1996-03-30 15:00:49
8210,163,4.0,1996-03-30 15:00:49
8210,555,5.0,1996-03-30 15:00:49
8210,50,5.0,1996-03-30 15:00:49
8210,185,3.0,1996-03-30 15:00:49
8210,282,3.0,1996-03-30 15:00:49
8210,332,4.0,1996-03-30 15:00:49
8210,254,1.0,1996-03-30 15:00:49
8210,266,1.0,1996-03-30 15:00:49
8210,277,4.0,1996-03-30 15:00:49
8210,300,5.0,1996-03-30 15:04:25
8309,595,4.0,1996-03-30 15:28:00
8309,339,4.0,1996-03-30 15:28:00
8309,344,4.0,1996-03-30 15:28:00
8309,150,4.0,1996-03-30 15:28:00
8309,153,4.0,1996-03-30 15:28:00
8309,225,4.0,1996-03-30 15:28:00
8309,277,4.0,1996-03-30 15:28:00
8309,292,5.0,1996-03-30 15:28:00
8309,592,4.0,1996-03-30 15:28:00
8309,590,5.0,1996-03-30 15:28:00
8309,434,3.0,1996-03-30 15:28:00
8309,288,3.0,1996-03-30 15:28:00
8309,431,5.0,1996-03-30 15:28:00
8309,588,3.0,1996-03-30 15:28:00
8309,380,4.0,1996-03-30 15:28:00
8309,317,4.0,1996-03-30 15:28:00
8309,315,3.0,1996-03-30 15:28:00
8309,296,4.0,1996-03-30 15:28:00
8309,410,3.0,1996-03-30 15:28:00
8309,318,5.0,1996-03-30 15:31:43
8407,410,4.0,1996-03-30 15:44:15
8407,588,5.0,1996-03-30 15:44:15
8407,344,4.0,1996-03-30 15:44:15
8407,416,4.0,1996-03-30 15:44:15
8407,413,1.0,1996-03-30 15:44:15
8407,337,4.0,1996-03-30 15:44:16
8407,234,4.0,1996-03-30 15:44:16
8407,252,4.0,1996-03-30 15:44:16
8407,227,5.0,1996-03-30 15:44:16
8407,592,5.0,1996-03-30 15:44:16
8407,590,5.0,1996-03-30 15:44:16
8407,225,5.0,1996-03-30 15:44:16
8407,553,3.0,1996-03-30 15:44:16
8407,216,3.0,1996-03-30 15:44:16
8407,437,4.0,1996-03-30 15:44:16
8407,435,4.0,1996-03-30 15:44:16
8407,434,4.0,1996-03-30 15:44:16
8407,432,5.0,1996-03-30 15:44:16
8407,420,4.0,1996-03-30 15:44:16
8407,380,5.0,1996-03-30 15:44:16
8407,349,5.0,1996-03-30 15:44:16
8407,39,4.0,1996-03-30 15:44:16
8407,153,5.0,1996-03-30 15:44:16
8407,158,4.0,1996-03-30 15:44:16
8407,160,4.0,1996-03-30 15:44:16
8407,173,3.0,1996-03-30 15:44:16
8407,185,5.0,1996-03-30 15:44:16
8407,261,5.0,1996-03-30 15:44:16
8407,196,1.0,1996-03-30 15:44:16
8407,595,5.0,1996-03-30 15:44:16
8407,276,5.0,1996-03-30 15:44:16
8407,318,5.0,1996-03-30 15:44:16
8407,317,5.0,1996-03-30 15:44:16
8407,316,5.0,1996-03-30 15:44:16
8407,208,4.0,1996-03-30 15:44:16
8407,296,4.0,1996-03-30 15:44:16
8407,292,5.0,1996-03-30 15:44:16
8407,288,4.0,1996-03-30 15:44:16
8407,300,4.0,1996-03-30 15:44:16
8500,257,3.0,1996-03-30 16:06:51
8500,282,5.0,1996-03-30 16:06:51
8500,252,3.0,1996-03-30 16:06:51
8500,237,5.0,1996-03-30 16:06:51
8500,236,4.0,1996-03-30 16:06:51
8500,208,1.0,1996-03-30 16:06:51
8500,160,2.0,1996-03-30 16:06:51
8500,151,4.0,1996-03-30 16:06:51
8500,60,3.0,1996-03-30 16:06:51
8500,19,2.0,1996-03-30 16:06:51
8500,288,2.0,1996-03-30 16:06:51
8500,292,4.0,1996-03-30 16:06:51
8500,186,3.0,1996-03-30 16:06:51
8500,150,5.0,1996-03-30 16:06:51
8500,277,2.0,1996-03-30 16:06:51
8500,300,4.0,1996-03-30 16:06:51
8500,315,2.0,1996-03-30 16:06:51
8500,296,1.0,1996-03-30 16:06:51
8500,316,2.0,1996-03-30 16:06:51
8500,318,5.0,1996-03-30 16:06:51
8500,590,5.0,1996-03-30 16:06:51
8500,339,4.0,1996-03-30 16:06:52
8500,381,4.0,1996-03-30 16:06:52
8611,135,5.0,1996-03-30 16:18:28
8611,95,5.0,1996-03-30 16:18:28
8611,21,4.0,1996-03-30 16:18:28
8611,104,5.0,1996-03-30 16:18:28
8611,10,5.0,1996-03-30 16:18:28
8611,1,5.0,1996-03-30 16:18:29
8611,107,3.0,1996-03-30 16:18:29
8611,610,4.0,1996-03-30 16:18:29
8611,173,4.0,1996-03-30 16:27:16
8611,416,4.0,1996-03-30 16:27:16
8611,172,5.0,1996-03-30 16:27:16
8611,413,4.0,1996-03-30 16:27:16
8611,410,4.0,1996-03-30 16:27:16
8611,349,2.0,1996-03-30 16:27:16
8611,266,4.0,1996-03-30 16:27:16
8611,344,5.0,1996-03-30 16:27:16
8611,325,4.0,1996-03-30 16:27:16
8611,234,3.0,1996-03-30 16:27:16
8611,244,4.0,1996-03-30 16:27:16
8611,252,5.0,1996-03-30 16:27:16
8611,174,3.0,1996-03-30 16:27:16
8611,256,4.0,1996-03-30 16:27:16
8611,185,5.0,1996-03-30 16:27:16
8611,153,5.0,1996-03-30 16:27:16
8611,216,5.0,1996-03-30 16:27:16
8611,288,5.0,1996-03-30 16:27:16
8611,592,5.0,1996-03-30 16:27:16
8611,19,4.0,1996-03-30 16:27:16
8611,39,4.0,1996-03-30 16:27:16
8611,69,5.0,1996-03-30 16:27:16
8611,588,3.0,1996-03-30 16:27:16
8611,435,3.0,1996-03-30 16:27:16
8611,434,4.0,1996-03-30 16:27:16
8611,186,4.0,1996-03-30 16:27:16
8611,168,5.0,1996-03-30 16:27:16
8611,110,5.0,1996-03-30 16:27:16
8611,145,4.0,1996-03-30 16:27:16
8611,160,1.0,1996-03-30 16:27:16
8611,161,5.0,1996-03-30 16:27:16
8611,227,4.0,1996-03-30 16:27:16
8611,225,3.0,1996-03-30 16:27:16
8611,218,2.0,1996-03-30 16:27:16
8611,420,5.0,1996-03-30 16:27:16
8611,276,4.0,1996-03-30 16:27:16
8611,170,5.0,1996-03-30 16:27:16
8611,315,4.0,1996-03-30 16:27:17
8611,333,5.0,1996-03-30 16:27:17
8611,316,4.0,1996-03-30 16:27:17
8611,296,5.0,1996-03-30 16:27:17
8611,318,4.0,1996-03-30 16:27:17
8611,292,3.0,1996-03-30 16:27:17
8611,337,1.0,1996-03-30 16:27:17
8611,553,4.0,1996-03-30 16:27:17
8611,208,2.0,1996-03-30 16:27:17
8611,204,3.0,1996-03-30 16:27:17
8611,196,5.0,1996-03-30 16:27:17
8611,380,4.0,1996-03-30 16:27:17
8611,590,4.0,1996-03-30 16:29:43
8611,44,5.0,1996-03-30 16:29:43
8611,317,5.0,1996-03-30 16:29:43
8689,4,4.0,1996-03-30 16:49:41
8689,105,4.0,1996-03-30 16:49:41
8689,150,5.0,1996-03-30 17:06:44
8689,237,4.0,1996-03-30 17:06:44
8689,236,4.0,1996-03-30 17:06:44
8689,224,3.0,1996-03-30 17:06:44
8689,186,4.0,1996-03-30 17:06:44
8689,161,5.0,1996-03-30 17:06:44
8689,160,3.0,1996-03-30 17:06:44
8689,252,5.0,1996-03-30 17:06:44
8689,225,4.0,1996-03-30 17:06:44
8689,272,4.0,1996-03-30 17:06:44
8689,153,4.0,1996-03-30 17:06:44
8689,281,4.0,1996-03-30 17:06:44
8689,282,3.0,1996-03-30 17:06:44
8689,289,4.0,1996-03-30 17:06:44
8689,292,3.0,1996-03-30 17:06:44
8689,300,5.0,1996-03-30 17:06:44
8689,318,5.0,1996-03-30 17:06:44
8689,344,4.0,1996-03-30 17:06:44
8689,349,4.0,1996-03-30 17:06:44
8689,590,5.0,1996-03-30 17:06:44
8689,592,4.0,1996-03-30 17:06:44
8689,261,5.0,1996-03-30 17:06:44
8689,132,4.0,1996-03-30 17:06:44
45079,41,4.0,1996-03-30 17:09:57
8689,339,5.0,1996-03-30 18:13:45
9071,21,5.0,1996-03-30 19:00:12
9071,25,4.0,1996-03-30 19:00:12
9071,35,4.0,1996-03-30 19:00:12
9071,85,5.0,1996-03-30 19:00:12
9071,16,4.0,1996-03-30 19:00:12
9071,1,5.0,1996-03-30 19:00:13
9071,592,3.0,1996-03-30 19:11:54
9071,150,4.0,1996-03-30 19:11:54
9071,417,4.0,1996-03-30 19:11:54
9071,204,4.0,1996-03-30 19:11:55
9071,110,4.0,1996-03-30 19:11:55
9071,590,4.0,1996-03-30 19:11:55
9071,673,5.0,1996-03-30 19:11:55
9071,153,3.0,1996-03-30 19:11:55
9071,223,4.0,1996-03-30 19:11:55
9071,296,5.0,1996-03-30 19:11:55
9071,292,2.0,1996-03-30 19:11:55
9071,318,5.0,1996-03-30 19:11:55
9071,319,5.0,1996-03-30 19:11:55
9071,280,5.0,1996-03-30 19:11:55
9071,380,3.0,1996-03-30 19:11:55
9071,272,5.0,1996-03-30 19:11:55
9071,268,4.0,1996-03-30 19:11:55
9071,431,4.0,1996-03-30 19:11:55
9071,331,4.0,1996-03-30 19:11:55
9071,235,4.0,1996-03-30 19:11:55
9071,50,4.0,1996-03-30 19:11:55
9361,95,5.0,1996-03-30 20:10:46
9361,107,4.0,1996-03-30 20:10:46
9361,74,5.0,1996-03-30 20:10:46
9361,36,2.0,1996-03-30 20:10:46
9361,16,5.0,1996-03-30 20:10:46
9361,6,4.0,1996-03-30 20:10:46
9361,2,5.0,1996-03-30 20:10:46
9361,494,4.0,1996-03-30 20:10:46
9361,349,5.0,1996-03-30 20:29:51
9361,158,5.0,1996-03-30 20:29:51
9361,153,5.0,1996-03-30 20:29:51
9361,150,5.0,1996-03-30 20:29:51
9361,145,3.0,1996-03-30 20:29:51
9361,132,4.0,1996-03-30 20:29:51
9361,588,5.0,1996-03-30 20:29:51
9361,110,5.0,1996-03-30 20:29:51
9361,590,5.0,1996-03-30 20:29:51
9361,252,3.0,1996-03-30 20:29:51
9361,592,4.0,1996-03-30 20:29:51
9361,60,4.0,1996-03-30 20:29:51
9361,595,5.0,1996-03-30 20:29:51
9361,34,4.0,1996-03-30 20:29:51
9361,31,5.0,1996-03-30 20:29:51
9361,22,5.0,1996-03-30 20:29:51
9361,434,5.0,1996-03-30 20:29:51
9361,420,4.0,1996-03-30 20:29:51
9361,344,2.0,1996-03-30 20:29:51
9361,160,5.0,1996-03-30 20:29:51
9361,237,4.0,1996-03-30 20:29:51
9361,168,5.0,1996-03-30 20:29:51
9361,174,4.0,1996-03-30 20:29:51
9361,172,4.0,1996-03-30 20:29:51
9361,163,2.0,1996-03-30 20:29:51
9361,161,5.0,1996-03-30 20:29:51
9361,266,5.0,1996-03-30 20:29:51
9361,225,4.0,1996-03-30 20:29:51
9361,261,4.0,1996-03-30 20:29:51
9361,227,3.0,1996-03-30 20:29:51
9361,230,4.0,1996-03-30 20:29:51
9361,553,5.0,1996-03-30 20:29:52
9361,296,5.0,1996-03-30 20:29:52
9361,315,4.0,1996-03-30 20:29:52
9361,316,4.0,1996-03-30 20:29:52
9361,318,5.0,1996-03-30 20:29:52
9361,333,4.0,1996-03-30 20:29:52
9361,338,4.0,1996-03-30 20:29:52
9361,200,4.0,1996-03-30 20:29:52
9361,196,4.0,1996-03-30 20:29:52
9361,555,5.0,1996-03-30 20:29:52
9361,380,5.0,1996-03-30 20:29:52
9361,292,4.0,1996-03-30 20:29:52
9361,381,5.0,1996-03-30 20:29:52
9361,203,4.0,1996-03-30 20:29:52
9361,204,4.0,1996-03-30 20:29:52
9361,208,2.0,1996-03-30 20:29:52
9361,339,5.0,1996-03-30 20:29:52
9361,288,5.0,1996-03-30 20:29:52
9361,280,5.0,1996-03-30 20:29:52
9361,274,3.0,1996-03-30 20:29:52
9361,276,5.0,1996-03-30 20:29:52
9361,151,5.0,1996-03-30 20:29:52
9361,50,5.0,1996-03-30 20:29:52
9361,185,5.0,1996-03-30 20:29:52
9361,186,4.0,1996-03-30 20:29:52
9361,48,5.0,1996-03-30 20:29:52
9361,277,5.0,1996-03-30 20:34:48
9361,257,4.0,1996-03-30 20:34:48
9361,289,5.0,1996-03-30 20:34:48
9361,317,4.0,1996-03-30 20:34:48
9556,592,4.0,1996-03-30 20:37:11
9556,150,5.0,1996-03-30 20:37:11
9556,153,3.0,1996-03-30 20:37:11
9556,160,2.0,1996-03-30 20:37:11
9556,344,4.0,1996-03-30 20:37:11
9556,230,3.0,1996-03-30 20:37:11
9556,431,4.0,1996-03-30 20:37:11
9556,434,3.0,1996-03-30 20:37:11
9556,223,4.0,1996-03-30 20:37:11
9556,161,4.0,1996-03-30 20:37:11
9556,435,4.0,1996-03-30 20:37:11
9556,588,5.0,1996-03-30 20:37:11
9556,590,4.0,1996-03-30 20:37:11
9556,427,2.0,1996-03-30 20:37:11
9556,147,4.0,1996-03-30 20:37:11
9556,225,3.0,1996-03-30 20:37:11
9556,110,5.0,1996-03-30 20:37:11
9556,186,4.0,1996-03-30 20:37:12
9556,196,4.0,1996-03-30 20:37:12
9556,208,4.0,1996-03-30 20:37:12
9556,235,4.0,1996-03-30 20:37:12
9556,272,5.0,1996-03-30 20:37:12
9556,282,5.0,1996-03-30 20:37:12
9556,288,3.0,1996-03-30 20:37:12
9556,296,4.0,1996-03-30 20:37:12
9556,300,4.0,1996-03-30 20:37:12
9556,312,4.0,1996-03-30 20:37:12
9556,318,5.0,1996-03-30 20:37:12
9556,340,3.0,1996-03-30 20:37:12
9556,337,4.0,1996-03-30 20:37:12
9556,333,4.0,1996-03-30 20:37:12
9556,316,4.0,1996-03-30 20:37:12
9556,317,4.0,1996-03-30 20:37:12
9758,592,4.0,1996-03-30 20:59:23
9758,218,5.0,1996-03-30 20:59:23
9758,595,5.0,1996-03-30 20:59:23
9758,153,4.0,1996-03-30 20:59:23
9758,150,5.0,1996-03-30 20:59:23
9758,344,3.0,1996-03-30 20:59:23
9758,208,4.0,1996-03-30 20:59:24
9758,203,5.0,1996-03-30 20:59:24
9758,171,5.0,1996-03-30 20:59:24
9758,590,4.0,1996-03-30 20:59:24
9758,161,4.0,1996-03-30 20:59:24
9758,160,4.0,1996-03-30 20:59:24
9758,316,5.0,1996-03-30 20:59:24
9758,299,5.0,1996-03-30 20:59:24
9758,380,5.0,1996-03-30 20:59:24
9758,1,4.0,1996-03-30 21:02:16
9758,2,5.0,1996-03-30 21:02:16
9758,141,5.0,1996-03-30 21:02:16
9758,35,5.0,1996-03-30 21:02:16
9758,11,5.0,1996-03-30 21:02:16
9758,588,5.0,1996-03-30 21:09:08
9758,292,4.0,1996-03-30 21:09:08
10052,95,5.0,1996-03-30 21:47:01
10052,17,5.0,1996-03-30 21:47:01
10052,14,3.0,1996-03-30 21:47:01
10052,11,4.0,1996-03-30 21:47:01
10052,76,4.0,1996-03-30 21:47:01
10052,79,4.0,1996-03-30 21:47:01
10052,94,4.0,1996-03-30 21:47:01
10052,135,5.0,1996-03-30 21:47:01
10052,36,4.0,1996-03-30 21:47:01
10052,640,5.0,1996-03-30 21:47:01
10052,608,3.0,1996-03-30 21:47:01
10052,494,5.0,1996-03-30 21:47:01
10052,637,4.0,1996-03-30 21:47:01
10052,41,3.0,1996-03-30 21:47:01
10052,150,5.0,1996-03-30 21:56:53
10052,592,4.0,1996-03-30 21:56:53
10052,132,4.0,1996-03-30 21:56:53
10052,288,1.0,1996-03-30 21:56:53
10052,272,5.0,1996-03-30 21:56:53
10052,235,1.0,1996-03-30 21:56:53
10052,227,4.0,1996-03-30 21:56:53
10052,225,5.0,1996-03-30 21:56:53
10052,435,4.0,1996-03-30 21:56:53
10052,434,5.0,1996-03-30 21:56:53
10052,22,5.0,1996-03-30 21:56:53
10052,318,5.0,1996-03-30 21:56:54
10052,204,4.0,1996-03-30 21:56:54
10052,282,5.0,1996-03-30 21:56:54
10052,296,1.0,1996-03-30 21:56:54
10052,316,4.0,1996-03-30 21:56:54
10052,185,5.0,1996-03-30 21:56:54
10052,315,4.0,1996-03-30 21:56:54
10052,349,5.0,1996-03-30 22:00:14
10052,268,4.0,1996-03-30 22:00:14
10052,590,5.0,1996-03-30 22:00:14
10052,300,4.0,1996-03-30 22:00:14
10052,161,5.0,1996-03-30 22:00:14
10052,553,5.0,1996-03-30 22:03:52
10052,196,5.0,1996-03-30 22:03:52
10730,10,4.0,1996-03-31 00:05:41
10730,16,5.0,1996-03-31 00:05:41
10730,21,5.0,1996-03-31 00:05:41
10730,410,4.0,1996-03-31 00:13:37
10730,344,1.0,1996-03-31 00:13:37
10730,216,3.0,1996-03-31 00:13:37
10730,431,5.0,1996-03-31 00:13:37
10730,434,2.0,1996-03-31 00:13:37
10730,110,5.0,1996-03-31 00:13:37
10730,145,4.0,1996-03-31 00:13:37
10730,435,4.0,1996-03-31 00:13:37
10730,592,1.0,1996-03-31 00:13:37
10730,590,5.0,1996-03-31 00:13:37
10730,420,1.0,1996-03-31 00:13:37
10730,150,5.0,1996-03-31 00:13:37
10730,153,5.0,1996-03-31 00:13:37
10730,161,5.0,1996-03-31 00:13:37
10730,158,5.0,1996-03-31 00:13:37
10730,427,1.0,1996-03-31 00:13:37
10730,413,2.0,1996-03-31 00:13:37
10730,157,5.0,1996-03-31 00:13:37
10730,351,3.0,1996-03-31 00:13:37
10730,349,5.0,1996-03-31 00:13:37
10730,44,4.0,1996-03-31 00:13:38
10730,380,5.0,1996-03-31 00:13:38
10730,381,4.0,1996-03-31 00:13:38
10730,208,4.0,1996-03-31 00:13:38
10730,151,5.0,1996-03-31 00:13:38
10730,553,5.0,1996-03-31 00:13:38
10730,186,4.0,1996-03-31 00:13:38
10730,555,4.0,1996-03-31 00:13:38
10730,342,4.0,1996-03-31 00:13:38
10730,337,5.0,1996-03-31 00:13:38
10730,261,4.0,1996-03-31 00:13:38
10730,339,5.0,1996-03-31 00:13:38
10730,252,4.0,1996-03-31 00:13:38
10730,227,3.0,1996-03-31 00:13:38
10730,225,4.0,1996-03-31 00:13:38
10730,282,5.0,1996-03-31 00:13:38
10730,288,5.0,1996-03-31 00:13:38
10730,292,5.0,1996-03-31 00:13:38
10730,296,5.0,1996-03-31 00:13:38
10730,300,3.0,1996-03-31 00:13:38
10730,276,4.0,1996-03-31 00:13:38
10730,333,5.0,1996-03-31 00:13:38
10730,316,4.0,1996-03-31 00:13:38
10730,303,4.0,1996-03-31 00:13:38
10730,315,3.0,1996-03-31 00:13:38
10841,10,3.0,1996-03-31 02:47:54
10841,9,3.0,1996-03-31 02:47:54
10841,6,5.0,1996-03-31 02:47:54
10841,105,2.0,1996-03-31 02:52:49
10841,17,2.0,1996-03-31 02:52:49
10841,5,1.0,1996-03-31 02:52:49
10841,2,2.0,1996-03-31 02:52:49
10841,44,1.0,1996-03-31 03:01:20
10841,590,3.0,1996-03-31 03:01:20
10841,208,4.0,1996-03-31 03:01:20
10841,553,4.0,1996-03-31 03:01:20
10841,315,4.0,1996-03-31 03:01:20
10841,380,4.0,1996-03-31 03:01:20
10841,303,4.0,1996-03-31 03:01:20
10841,296,5.0,1996-03-31 03:01:20
10841,349,4.0,1996-03-31 03:01:20
10841,292,4.0,1996-03-31 03:01:20
10841,19,4.0,1996-03-31 03:01:20
10841,31,2.0,1996-03-31 03:05:09
10841,344,4.0,1996-03-31 03:05:09
10841,227,4.0,1996-03-31 03:05:09
10841,161,4.0,1996-03-31 03:05:09
10927,410,4.0,1996-03-31 04:56:55
10927,416,2.0,1996-03-31 04:56:55
10927,153,3.0,1996-03-31 04:56:55
10927,216,3.0,1996-03-31 04:56:55
10927,344,4.0,1996-03-31 04:56:55
10927,150,5.0,1996-03-31 04:56:55
10927,23,3.0,1996-03-31 04:56:55
10927,592,2.0,1996-03-31 04:56:55
10927,413,2.0,1996-03-31 04:56:55
10927,208,1.0,1996-03-31 04:56:56
10927,223,4.0,1996-03-31 04:56:56
10927,236,3.0,1996-03-31 04:56:56
10927,110,5.0,1996-03-31 04:56:56
10927,339,3.0,1996-03-31 04:56:56
10927,151,2.0,1996-03-31 04:56:56
10927,266,3.0,1996-03-31 04:56:56
10927,256,1.0,1996-03-31 04:56:56
10927,160,3.0,1996-03-31 04:56:56
10927,161,5.0,1996-03-31 04:56:56
10927,168,2.0,1996-03-31 04:56:56
10927,235,5.0,1996-03-31 04:56:56
10927,234,3.0,1996-03-31 04:56:56
10927,282,4.0,1996-03-31 04:56:56
10927,296,5.0,1996-03-31 04:56:56
10927,317,3.0,1996-03-31 04:56:56
10927,327,3.0,1996-03-31 04:56:56
10927,173,3.0,1996-03-31 04:56:56
10927,333,4.0,1996-03-31 04:56:56
10927,337,4.0,1996-03-31 04:56:56
10927,434,3.0,1996-03-31 04:56:56
10927,349,2.0,1996-03-31 04:56:56
10927,380,4.0,1996-03-31 04:56:56
10927,431,5.0,1996-03-31 04:56:56
10927,435,3.0,1996-03-31 04:56:56
10927,553,5.0,1996-03-31 04:56:56
10927,590,5.0,1996-03-31 04:56:56
10927,252,3.0,1996-03-31 04:56:56
54372,1,4.0,1996-03-31 06:27:24
54372,432,4.0,1996-03-31 06:37:45
11327,11,5.0,1996-03-31 07:45:04
11327,25,2.0,1996-03-31 07:45:04
11327,62,5.0,1996-03-31 07:45:04
11327,588,3.0,1996-03-31 08:10:37
11327,150,4.0,1996-03-31 08:10:37
11327,161,2.0,1996-03-31 08:10:38
11327,193,5.0,1996-03-31 08:10:38
11327,296,4.0,1996-03-31 08:10:38
11327,208,3.0,1996-03-31 08:10:38
11327,110,4.0,1996-03-31 08:10:38
11327,48,4.0,1996-03-31 08:10:38
11327,31,3.0,1996-03-31 08:10:38
11327,236,4.0,1996-03-31 08:10:38
11327,261,3.0,1996-03-31 08:10:38
11327,272,2.0,1996-03-31 08:10:38
11327,151,4.0,1996-03-31 08:10:38
11327,318,4.0,1996-03-31 08:10:38
11327,339,3.0,1996-03-31 08:10:38
11327,333,4.0,1996-03-31 08:10:38
11327,553,4.0,1996-03-31 08:10:38
11327,434,3.0,1996-03-31 08:10:38
11327,381,4.0,1996-03-31 08:10:38
11327,590,4.0,1996-03-31 08:10:38
10841,158,2.0,1996-03-31 08:27:36
10841,592,1.0,1996-03-31 08:27:36
10841,186,2.0,1996-03-31 08:27:36
10841,434,3.0,1996-03-31 08:27:36
10841,160,4.0,1996-03-31 08:27:36
10841,185,4.0,1996-03-31 08:27:36
10841,150,3.0,1996-03-31 08:43:05
10841,420,4.0,1996-03-31 08:43:05
10841,170,3.0,1996-03-31 08:43:06
10841,151,2.0,1996-03-31 08:43:06
10841,468,1.0,1996-03-31 08:43:06
10841,316,4.0,1996-03-31 08:43:06
10841,288,5.0,1996-03-31 08:43:06
10841,256,1.0,1996-03-31 08:43:06
10841,339,2.0,1996-03-31 08:43:06
10841,132,4.0,1996-03-31 08:47:09
10841,39,1.0,1996-03-31 08:47:09
10841,169,1.0,1996-03-31 08:47:09
11235,318,5.0,1996-03-31 09:12:57
11235,223,5.0,1996-03-31 09:12:57
11235,218,4.0,1996-03-31 09:12:57
11235,180,5.0,1996-03-31 09:12:57
11235,344,1.0,1996-03-31 09:12:57
11235,170,1.0,1996-03-31 09:12:57
11235,150,4.0,1996-03-31 09:12:57
11235,588,3.0,1996-03-31 09:12:57
11235,296,5.0,1996-03-31 09:12:57
11235,235,4.0,1996-03-31 09:12:57
11235,275,4.0,1996-03-31 09:12:57
11235,272,4.0,1996-03-31 09:12:57
11235,327,2.0,1996-03-31 09:12:58
11235,337,4.0,1996-03-31 09:12:58
11235,316,1.0,1996-03-31 09:12:58
11235,349,3.0,1996-03-31 09:17:25
11235,555,3.0,1996-03-31 09:17:26
11235,276,2.0,1996-03-31 09:17:26
11902,111,4.0,1996-03-31 10:12:38
11902,35,5.0,1996-03-31 10:12:38
11902,6,4.0,1996-03-31 10:12:38
11902,85,5.0,1996-03-31 10:12:38
11902,25,4.0,1996-03-31 10:12:38
11902,21,4.0,1996-03-31 10:12:38
11902,16,4.0,1996-03-31 10:12:38
11902,1,4.0,1996-03-31 10:12:38
11902,235,4.0,1996-03-31 10:24:55
11902,229,5.0,1996-03-31 10:24:55
11902,224,3.0,1996-03-31 10:24:55
11902,153,3.0,1996-03-31 10:24:55
11902,211,4.0,1996-03-31 10:24:55
11902,110,4.0,1996-03-31 10:24:55
11902,161,3.0,1996-03-31 10:24:55
11902,223,3.0,1996-03-31 10:24:55
11902,256,3.0,1996-03-31 10:24:55
11902,592,4.0,1996-03-31 10:24:55
11902,590,4.0,1996-03-31 10:24:55
11902,434,3.0,1996-03-31 10:24:55
11902,431,4.0,1996-03-31 10:24:55
11902,417,4.0,1996-03-31 10:24:55
11902,384,3.0,1996-03-31 10:24:55
11902,349,3.0,1996-03-31 10:24:55
11902,261,4.0,1996-03-31 10:24:55
11902,296,4.0,1996-03-31 10:24:55
11902,292,3.0,1996-03-31 10:24:55
11902,268,4.0,1996-03-31 10:24:55
11902,270,2.0,1996-03-31 10:24:55
11902,272,5.0,1996-03-31 10:24:55
11902,288,4.0,1996-03-31 10:24:55
11902,280,5.0,1996-03-31 10:24:55
11902,318,5.0,1996-03-31 10:24:56
11902,204,3.0,1996-03-31 10:24:56
11902,300,4.0,1996-03-31 10:24:56
11902,673,4.0,1996-03-31 10:24:56
11902,319,4.0,1996-03-31 10:24:56
11902,331,4.0,1996-03-31 10:24:56
11902,50,4.0,1996-03-31 10:24:56
11902,380,3.0,1996-03-31 10:24:56
11902,381,3.0,1996-03-31 10:24:56
12008,218,5.0,1996-03-31 11:38:48
12008,225,4.0,1996-03-31 11:38:48
12008,227,3.0,1996-03-31 11:38:48
12008,229,2.0,1996-03-31 11:38:48
12008,230,5.0,1996-03-31 11:38:48
12008,173,2.0,1996-03-31 11:38:48
12008,172,2.0,1996-03-31 11:38:48
12008,237,5.0,1996-03-31 11:38:48
12008,233,2.0,1996-03-31 11:38:48
12008,249,2.0,1996-03-31 11:38:48
12008,266,3.0,1996-03-31 11:38:48
12008,420,4.0,1996-03-31 11:38:48
12008,344,3.0,1996-03-31 11:38:48
12008,161,4.0,1996-03-31 11:38:48
12008,22,4.0,1996-03-31 11:38:48
12008,700,3.0,1996-03-31 11:38:48
12008,351,5.0,1996-03-31 11:38:48
12008,434,4.0,1996-03-31 11:38:48
12008,150,4.0,1996-03-31 11:38:48
12008,31,3.0,1996-03-31 11:38:48
12008,34,5.0,1996-03-31 11:38:48
12008,588,5.0,1996-03-31 11:38:48
12008,437,3.0,1996-03-31 11:38:48
12008,432,4.0,1996-03-31 11:38:48
12008,39,4.0,1996-03-31 11:38:48
12008,435,3.0,1996-03-31 11:38:48
12008,132,2.0,1996-03-31 11:38:48
12008,147,4.0,1996-03-31 11:38:48
12008,595,5.0,1996-03-31 11:38:48
12008,590,5.0,1996-03-31 11:38:48
12008,553,3.0,1996-03-31 11:38:49
12008,318,5.0,1996-03-31 11:38:49
12008,319,4.0,1996-03-31 11:38:49
12008,299,4.0,1996-03-31 11:38:49
12008,271,4.0,1996-03-31 11:38:49
12008,380,3.0,1996-03-31 11:38:49
12008,276,5.0,1996-03-31 11:38:49
12008,280,5.0,1996-03-31 11:38:49
12008,288,4.0,1996-03-31 11:38:49
12008,296,5.0,1996-03-31 11:38:49
12008,339,4.0,1996-03-31 11:38:49
12008,338,4.0,1996-03-31 11:38:49
12008,282,4.0,1996-03-31 11:38:49
12008,340,5.0,1996-03-31 11:38:49
12008,196,2.0,1996-03-31 11:38:49
12008,193,1.0,1996-03-31 11:38:49
12008,186,2.0,1996-03-31 11:38:49
12008,185,3.0,1996-03-31 11:38:49
12008,182,4.0,1996-03-31 11:38:49
12008,50,4.0,1996-03-31 11:38:49
12008,292,4.0,1996-03-31 11:38:49
12008,381,3.0,1996-03-31 11:38:49
12108,70,3.0,1996-03-31 11:42:01
12108,10,3.0,1996-03-31 11:42:01
12108,95,3.0,1996-03-31 11:42:01
12108,150,4.0,1996-03-31 11:46:25
12108,145,3.0,1996-03-31 11:46:25
12108,110,3.0,1996-03-31 11:46:25
12108,153,3.0,1996-03-31 11:46:25
12108,434,3.0,1996-03-31 11:46:25
12108,235,4.0,1996-03-31 11:46:25
12108,173,3.0,1996-03-31 11:46:25
12108,168,3.0,1996-03-31 11:46:25
12108,161,4.0,1996-03-31 11:46:25
12108,288,4.0,1996-03-31 11:46:25
12108,349,4.0,1996-03-31 11:46:25
12108,163,4.0,1996-03-31 11:46:25
12108,592,4.0,1996-03-31 11:46:25
12108,420,2.0,1996-03-31 11:46:25
12108,300,5.0,1996-03-31 11:46:25
12108,22,3.0,1996-03-31 11:46:25
12108,296,5.0,1996-03-31 11:46:25
12108,318,5.0,1996-03-31 11:46:26
12108,380,4.0,1996-03-31 11:46:26
12108,553,4.0,1996-03-31 11:46:26
12108,50,4.0,1996-03-31 11:46:26
12108,208,4.0,1996-03-31 11:48:33
12108,435,1.0,1996-03-31 11:50:49
12108,196,2.0,1996-03-31 11:50:49
12108,14,4.0,1996-03-31 11:53:49
12108,292,3.0,1996-03-31 12:03:38
12108,413,1.0,1996-03-31 12:09:21
12314,141,5.0,1996-03-31 13:46:51
12314,494,3.0,1996-03-31 13:46:51
12314,62,5.0,1996-03-31 13:46:51
12314,79,5.0,1996-03-31 13:46:51
12314,608,4.0,1996-03-31 13:46:51
12314,609,3.0,1996-03-31 13:46:51
12314,637,3.0,1996-03-31 13:46:51
12314,95,4.0,1996-03-31 13:46:51
12314,105,3.0,1996-03-31 13:46:51
12314,113,5.0,1996-03-31 13:46:51
12314,5,5.0,1996-03-31 13:46:51
12314,11,5.0,1996-03-31 13:46:51
12314,1,5.0,1996-03-31 13:46:51
12314,2,4.0,1996-03-31 13:46:51
12314,36,5.0,1996-03-31 13:50:21
12314,111,4.0,1996-03-31 13:50:21
12314,628,5.0,1996-03-31 13:50:21
12314,135,4.0,1996-03-31 13:50:21
12314,19,2.0,1996-03-31 14:04:00
12314,344,2.0,1996-03-31 14:04:00
12314,274,3.0,1996-03-31 14:04:01
12314,256,3.0,1996-03-31 14:04:01
12314,252,4.0,1996-03-31 14:04:01
12314,147,5.0,1996-03-31 14:04:01
12314,150,5.0,1996-03-31 14:04:01
12314,151,4.0,1996-03-31 14:04:01
12314,153,5.0,1996-03-31 14:04:01
12314,158,5.0,1996-03-31 14:04:01
12314,160,2.0,1996-03-31 14:04:01
12314,161,5.0,1996-03-31 14:04:01
12314,169,5.0,1996-03-31 14:04:01
12314,172,2.0,1996-03-31 14:04:01
12314,173,2.0,1996-03-31 14:04:01
12314,174,4.0,1996-03-31 14:04:01
12314,219,5.0,1996-03-31 14:04:01
12314,216,2.0,1996-03-31 14:04:01
12314,196,2.0,1996-03-31 14:04:01
12314,188,2.0,1996-03-31 14:04:01
12314,186,4.0,1996-03-31 14:04:01
12314,110,5.0,1996-03-31 14:04:01
12314,54,3.0,1996-03-31 14:04:01
12314,60,4.0,1996-03-31 14:04:01
12314,257,4.0,1996-03-31 14:04:01
12314,31,4.0,1996-03-31 14:04:01
12314,34,5.0,1996-03-31 14:04:01
12314,277,4.0,1996-03-31 14:04:01
12314,292,5.0,1996-03-31 14:04:01
12314,420,4.0,1996-03-31 14:04:01
12314,432,3.0,1996-03-31 14:04:01
12314,434,4.0,1996-03-31 14:04:01
12314,318,5.0,1996-03-31 14:04:01
12314,588,5.0,1996-03-31 14:04:01
12314,592,4.0,1996-03-31 14:04:01
12314,688,3.0,1996-03-31 14:04:01
12314,39,2.0,1996-03-31 14:04:01
12314,468,5.0,1996-03-31 14:04:01
12314,340,5.0,1996-03-31 14:04:02
12314,337,4.0,1996-03-31 14:04:02
12314,333,4.0,1996-03-31 14:04:02
12314,50,4.0,1996-03-31 14:04:02
12314,316,5.0,1996-03-31 14:04:02
12314,203,5.0,1996-03-31 14:04:02
12314,204,4.0,1996-03-31 14:04:02
12314,208,2.0,1996-03-31 14:04:02
12314,57,4.0,1996-03-31 14:08:57
12314,266,5.0,1996-03-31 14:08:57
12314,185,4.0,1996-03-31 14:08:58
12314,300,5.0,1996-03-31 14:08:58
12314,276,4.0,1996-03-31 14:08:58
12417,592,3.0,1996-03-31 14:13:57
12417,434,4.0,1996-03-31 14:13:57
12417,420,3.0,1996-03-31 14:13:57
12417,223,5.0,1996-03-31 14:13:57
12417,318,5.0,1996-03-31 14:13:57
12417,351,4.0,1996-03-31 14:13:57
12417,410,5.0,1996-03-31 14:13:57
12417,319,4.0,1996-03-31 14:13:57
12417,227,3.0,1996-03-31 14:13:57
12417,225,3.0,1996-03-31 14:13:57
12417,296,5.0,1996-03-31 14:13:57
12417,34,5.0,1996-03-31 14:13:57
12417,349,4.0,1996-03-31 14:13:57
12417,60,5.0,1996-03-31 14:13:57
12417,147,4.0,1996-03-31 14:13:57
12417,153,3.0,1996-03-31 14:13:57
12417,161,4.0,1996-03-31 14:13:57
12417,172,3.0,1996-03-31 14:13:57
12417,185,3.0,1996-03-31 14:13:57
12417,315,3.0,1996-03-31 14:13:57
12417,196,3.0,1996-03-31 14:13:57
12417,316,4.0,1996-03-31 14:13:58
12417,380,3.0,1996-03-31 14:13:58
12417,204,3.0,1996-03-31 14:13:58
12417,50,5.0,1996-03-31 14:13:58
12417,208,3.0,1996-03-31 14:13:58
12417,588,5.0,1996-03-31 14:17:03
12417,342,3.0,1996-03-31 14:19:10
12417,595,3.0,1996-03-31 14:23:14
12417,292,4.0,1996-03-31 14:23:15
12417,22,4.0,1996-03-31 14:23:15
12417,590,3.0,1996-03-31 14:23:15
12417,164,4.0,1996-03-31 14:23:15
12417,236,3.0,1996-03-31 14:23:15
12529,344,4.0,1996-03-31 14:39:01
12529,277,3.0,1996-03-31 14:39:02
12529,421,5.0,1996-03-31 14:39:02
12529,380,3.0,1996-03-31 14:39:02
12529,337,5.0,1996-03-31 14:39:02
12529,316,3.0,1996-03-31 14:39:02
12529,300,5.0,1996-03-31 14:39:02
12529,296,5.0,1996-03-31 14:39:02
12529,292,3.0,1996-03-31 14:39:02
12529,288,5.0,1996-03-31 14:39:02
12529,592,3.0,1996-03-31 14:39:02
12529,590,5.0,1996-03-31 14:39:02
12529,235,4.0,1996-03-31 14:39:02
12529,225,5.0,1996-03-31 14:39:02
12529,150,5.0,1996-03-31 14:39:02
12529,60,3.0,1996-03-31 14:39:02
12529,48,5.0,1996-03-31 14:39:02
12529,31,3.0,1996-03-31 14:39:02
12529,588,5.0,1996-03-31 14:39:02
12529,595,4.0,1996-03-31 14:39:02
44661,41,5.0,1996-03-31 15:25:55
45079,608,4.0,1996-03-31 15:29:28
12934,34,5.0,1996-03-31 16:04:07
12934,31,4.0,1996-03-31 16:04:07
12934,349,5.0,1996-03-31 16:04:07
12934,161,5.0,1996-03-31 16:04:07
12934,160,3.0,1996-03-31 16:04:07
12934,158,4.0,1996-03-31 16:04:07
12934,351,3.0,1996-03-31 16:04:07
12934,155,5.0,1996-03-31 16:04:07
12934,153,2.0,1996-03-31 16:04:07
12934,432,3.0,1996-03-31 16:04:07
12934,420,2.0,1996-03-31 16:04:07
12934,588,5.0,1996-03-31 16:04:07
12934,590,5.0,1996-03-31 16:04:07
12934,592,3.0,1996-03-31 16:04:07
12934,595,5.0,1996-03-31 16:04:07
12934,218,4.0,1996-03-31 16:04:07
12934,150,4.0,1996-03-31 16:04:07
12934,276,3.0,1996-03-31 16:04:08
12934,282,4.0,1996-03-31 16:04:08
12934,292,5.0,1996-03-31 16:04:08
12934,272,4.0,1996-03-31 16:04:08
12934,266,4.0,1996-03-31 16:04:08
12934,468,4.0,1996-03-31 16:04:08
12934,300,5.0,1996-03-31 16:04:08
12934,316,4.0,1996-03-31 16:04:08
12934,317,4.0,1996-03-31 16:04:08
12934,318,5.0,1996-03-31 16:04:08
12934,337,5.0,1996-03-31 16:04:08
12934,338,3.0,1996-03-31 16:04:08
12934,296,5.0,1996-03-31 16:04:08
12934,261,4.0,1996-03-31 16:04:08
12934,196,4.0,1996-03-31 16:04:08
12934,237,4.0,1996-03-31 16:04:08
12934,48,4.0,1996-03-31 16:04:08
12934,151,5.0,1996-03-31 16:04:08
12934,688,3.0,1996-03-31 16:04:08
12934,381,4.0,1996-03-31 16:04:08
12934,380,5.0,1996-03-31 16:04:08
12934,342,4.0,1996-03-31 16:04:08
12934,172,3.0,1996-03-31 16:04:08
12934,339,5.0,1996-03-31 16:04:08
12934,204,5.0,1996-03-31 16:04:08
12934,208,4.0,1996-03-31 16:04:08
12934,224,5.0,1996-03-31 16:04:08
12934,235,4.0,1996-03-31 16:04:08
12934,236,3.0,1996-03-31 16:04:08
12934,185,4.0,1996-03-31 16:04:08
12934,340,3.0,1996-03-31 16:04:08
13030,105,4.0,1996-03-31 16:09:45
13030,62,3.0,1996-03-31 16:09:46
13030,1,5.0,1996-03-31 16:09:46
13030,349,5.0,1996-03-31 16:18:06
13030,296,5.0,1996-03-31 16:18:06
13030,344,1.0,1996-03-31 16:18:06
13030,420,3.0,1996-03-31 16:18:06
13030,421,5.0,1996-03-31 16:18:06
13030,432,2.0,1996-03-31 16:18:06
13030,434,1.0,1996-03-31 16:18:06
13030,292,1.0,1996-03-31 16:18:06
13030,592,3.0,1996-03-31 16:18:06
13030,590,4.0,1996-03-31 16:18:06
13030,254,2.0,1996-03-31 16:18:06
13030,34,5.0,1996-03-31 16:18:06
13030,144,5.0,1996-03-31 16:18:06
13030,110,1.0,1996-03-31 16:18:06
13030,595,4.0,1996-03-31 16:18:06
13030,168,3.0,1996-03-31 16:18:06
13030,150,5.0,1996-03-31 16:18:06
13030,237,4.0,1996-03-31 16:18:06
13030,266,5.0,1996-03-31 16:18:06
13030,381,4.0,1996-03-31 16:18:07
13030,553,1.0,1996-03-31 16:18:07
13030,339,4.0,1996-03-31 16:18:07
13030,208,4.0,1996-03-31 16:18:07
13128,413,1.0,1996-03-31 16:22:22
13128,218,3.0,1996-03-31 16:22:22
13128,416,1.0,1996-03-31 16:22:22
13128,150,4.0,1996-03-31 16:22:22
13128,19,4.0,1996-03-31 16:22:22
13128,34,5.0,1996-03-31 16:22:22
13128,595,4.0,1996-03-31 16:22:22
13128,592,3.0,1996-03-31 16:22:22
13128,588,5.0,1996-03-31 16:22:22
13128,153,4.0,1996-03-31 16:22:22
13128,155,3.0,1996-03-31 16:22:22
13128,344,4.0,1996-03-31 16:22:22
13128,158,3.0,1996-03-31 16:22:23
13128,22,4.0,1996-03-31 16:22:23
13128,39,5.0,1996-03-31 16:22:23
13128,157,1.0,1996-03-31 16:22:23
13128,186,4.0,1996-03-31 16:22:23
13128,171,5.0,1996-03-31 16:22:23
13128,296,5.0,1996-03-31 16:22:23
13128,289,4.0,1996-03-31 16:22:23
13128,435,4.0,1996-03-31 16:22:23
13128,288,1.0,1996-03-31 16:22:23
13128,282,4.0,1996-03-31 16:22:23
13128,468,4.0,1996-03-31 16:22:23
13128,281,3.0,1996-03-31 16:22:23
13128,280,5.0,1996-03-31 16:22:23
13128,278,3.0,1996-03-31 16:22:23
13128,272,5.0,1996-03-31 16:22:23
13128,257,3.0,1996-03-31 16:22:23
13128,256,2.0,1996-03-31 16:22:23
13128,249,5.0,1996-03-31 16:22:23
13128,223,5.0,1996-03-31 16:22:23
13128,300,5.0,1996-03-31 16:22:23
13128,229,5.0,1996-03-31 16:22:23
13128,342,5.0,1996-03-31 16:22:23
13128,230,4.0,1996-03-31 16:22:23
13128,234,3.0,1996-03-31 16:22:23
13128,235,5.0,1996-03-31 16:22:23
13128,236,4.0,1996-03-31 16:22:23
13128,352,5.0,1996-03-31 16:22:23
13128,241,4.0,1996-03-31 16:22:23
13128,380,3.0,1996-03-31 16:22:24
13128,333,4.0,1996-03-31 16:22:24
13128,337,5.0,1996-03-31 16:22:24
13128,312,4.0,1996-03-31 16:22:24
13128,339,4.0,1996-03-31 16:22:24
13128,381,5.0,1996-03-31 16:22:24
13128,555,3.0,1996-03-31 16:22:24
13128,319,5.0,1996-03-31 16:22:24
13128,317,4.0,1996-03-31 16:22:24
13128,50,5.0,1996-03-31 16:22:24
13030,318,5.0,1996-03-31 16:23:23
13217,344,2.0,1996-03-31 17:21:52
13217,588,5.0,1996-03-31 17:21:52
13217,595,5.0,1996-03-31 17:21:52
13217,158,4.0,1996-03-31 17:21:52
13217,155,3.0,1996-03-31 17:21:52
13217,153,5.0,1996-03-31 17:21:52
13217,434,5.0,1996-03-31 17:21:52
13217,592,5.0,1996-03-31 17:21:52
13217,54,3.0,1996-03-31 17:21:52
13217,420,4.0,1996-03-31 17:21:52
13217,416,4.0,1996-03-31 17:21:52
13217,222,4.0,1996-03-31 17:21:52
13217,216,3.0,1996-03-31 17:21:52
13217,349,5.0,1996-03-31 17:21:52
13217,150,3.0,1996-03-31 17:21:52
13217,270,5.0,1996-03-31 17:21:53
13217,161,5.0,1996-03-31 17:21:53
13217,437,3.0,1996-03-31 17:21:53
13217,435,1.0,1996-03-31 17:21:53
13217,249,4.0,1996-03-31 17:21:53
13217,252,4.0,1996-03-31 17:21:53
13217,351,5.0,1996-03-31 17:21:53
13217,257,5.0,1996-03-31 17:21:53
13217,256,3.0,1996-03-31 17:21:53
13217,259,4.0,1996-03-31 17:21:53
13217,261,5.0,1996-03-31 17:21:53
13217,241,5.0,1996-03-31 17:21:53
13217,266,5.0,1996-03-31 17:21:53
13217,271,5.0,1996-03-31 17:21:53
13217,240,5.0,1996-03-31 17:21:53
13217,237,4.0,1996-03-31 17:21:53
13217,60,4.0,1996-03-31 17:21:53
13217,159,4.0,1996-03-31 17:21:53
13217,590,4.0,1996-03-31 17:21:53
13217,174,5.0,1996-03-31 17:21:53
13217,468,4.0,1996-03-31 17:21:53
13217,225,4.0,1996-03-31 17:21:53
13217,173,3.0,1996-03-31 17:21:53
13217,169,4.0,1996-03-31 17:21:53
13217,168,5.0,1996-03-31 17:21:53
13217,230,4.0,1996-03-31 17:21:53
13217,236,4.0,1996-03-31 17:21:53
13217,22,5.0,1996-03-31 17:21:53
13217,172,3.0,1996-03-31 17:21:53
13217,227,4.0,1996-03-31 17:21:53
13217,315,4.0,1996-03-31 17:21:54
13217,318,5.0,1996-03-31 17:21:54
13217,317,4.0,1996-03-31 17:21:54
13217,316,4.0,1996-03-31 17:21:54
13217,196,4.0,1996-03-31 17:21:54
13217,314,3.0,1996-03-31 17:21:54
13217,553,4.0,1996-03-31 17:21:54
13217,554,4.0,1996-03-31 17:21:54
13217,151,5.0,1996-03-31 17:21:54
13217,48,4.0,1996-03-31 17:21:54
13217,333,4.0,1996-03-31 17:21:54
13217,313,4.0,1996-03-31 17:21:54
13217,292,4.0,1996-03-31 17:21:54
13217,179,3.0,1996-03-31 17:21:54
13217,277,3.0,1996-03-31 17:21:54
13217,280,4.0,1996-03-31 17:21:54
13217,274,4.0,1996-03-31 17:21:54
13217,267,4.0,1996-03-31 17:21:54
13217,281,4.0,1996-03-31 17:21:54
13217,282,5.0,1996-03-31 17:21:54
13217,276,4.0,1996-03-31 17:21:54
13217,289,5.0,1996-03-31 17:21:54
13217,296,4.0,1996-03-31 17:21:54
13217,303,4.0,1996-03-31 17:21:54
13217,304,5.0,1996-03-31 17:21:54
13217,185,5.0,1996-03-31 17:21:54
13217,203,3.0,1996-03-31 17:21:54
13217,186,5.0,1996-03-31 17:21:54
13217,50,5.0,1996-03-31 17:21:55
13217,380,5.0,1996-03-31 17:21:55
13217,340,4.0,1996-03-31 17:21:55
13217,339,5.0,1996-03-31 17:21:55
13217,338,5.0,1996-03-31 17:21:55
13217,337,3.0,1996-03-31 17:21:55
13217,381,1.0,1996-03-31 17:21:55
13305,163,3.0,1996-03-31 17:22:40
13305,161,4.0,1996-03-31 17:22:40
13305,157,5.0,1996-03-31 17:22:40
13305,153,5.0,1996-03-31 17:22:40
13305,150,3.0,1996-03-31 17:22:40
13305,132,4.0,1996-03-31 17:22:40
13305,110,5.0,1996-03-31 17:22:40
13305,159,3.0,1996-03-31 17:22:40
13305,168,3.0,1996-03-31 17:22:40
13305,434,4.0,1996-03-31 17:22:40
13305,468,5.0,1996-03-31 17:22:40
13305,431,4.0,1996-03-31 17:22:40
13305,590,4.0,1996-03-31 17:22:40
13305,349,2.0,1996-03-31 17:22:40
13305,216,2.0,1996-03-31 17:22:40
13305,223,5.0,1996-03-31 17:22:40
13305,432,4.0,1996-03-31 17:22:40
13305,225,4.0,1996-03-31 17:22:40
13305,227,2.0,1996-03-31 17:22:40
13305,230,4.0,1996-03-31 17:22:40
13305,235,3.0,1996-03-31 17:22:40
13305,237,4.0,1996-03-31 17:22:40
13305,170,4.0,1996-03-31 17:22:40
13305,344,4.0,1996-03-31 17:22:40
13305,333,2.0,1996-03-31 17:22:41
13305,300,4.0,1996-03-31 17:22:41
13305,267,3.0,1996-03-31 17:22:41
13305,296,5.0,1996-03-31 17:22:41
13305,299,4.0,1996-03-31 17:22:41
13305,303,4.0,1996-03-31 17:22:41
13305,316,4.0,1996-03-31 17:22:41
13305,208,4.0,1996-03-31 17:22:41
13305,204,4.0,1996-03-31 17:22:41
13305,203,5.0,1996-03-31 17:22:41
13305,318,5.0,1996-03-31 17:22:41
13305,325,4.0,1996-03-31 17:22:41
13305,332,3.0,1996-03-31 17:22:41
13305,172,3.0,1996-03-31 17:22:41
13305,553,2.0,1996-03-31 17:22:41
13305,50,5.0,1996-03-31 17:22:41
13305,151,4.0,1996-03-31 17:22:41
13305,380,5.0,1996-03-31 17:22:41
13305,337,3.0,1996-03-31 17:22:41
13305,288,1.0,1996-03-31 17:22:41
13305,173,3.0,1996-03-31 17:22:41
13305,180,5.0,1996-03-31 17:22:41
13305,188,5.0,1996-03-31 17:22:41
13305,196,1.0,1996-03-31 17:22:41
13305,338,2.0,1996-03-31 17:22:41
13305,315,4.0,1996-03-31 17:28:59
13305,381,3.0,1996-03-31 17:28:59
13305,351,3.0,1996-03-31 17:28:59
13305,317,5.0,1996-03-31 17:28:59
13305,23,5.0,1996-03-31 17:28:59
13305,31,2.0,1996-03-31 17:28:59
13305,272,5.0,1996-03-31 17:28:59
13305,282,4.0,1996-03-31 17:28:59
13305,266,3.0,1996-03-31 17:28:59
13305,158,3.0,1996-03-31 17:28:59
13305,249,3.0,1996-03-31 17:28:59
13305,224,1.0,1996-03-31 17:28:59
13305,218,1.0,1996-03-31 17:28:59
13305,160,1.0,1996-03-31 17:28:59
13305,34,2.0,1996-03-31 17:28:59
13305,292,5.0,1996-03-31 17:33:24
13305,592,5.0,1996-03-31 17:33:24
13482,344,3.0,1996-03-31 18:02:25
13482,347,4.0,1996-03-31 18:02:25
13482,222,3.0,1996-03-31 18:02:25
13482,150,4.0,1996-03-31 18:02:25
13482,151,5.0,1996-03-31 18:02:26
13482,300,4.0,1996-03-31 18:02:26
13482,337,5.0,1996-03-31 18:02:26
13482,339,4.0,1996-03-31 18:02:26
13482,342,5.0,1996-03-31 18:02:26
13482,203,5.0,1996-03-31 18:02:26
13482,282,4.0,1996-03-31 18:02:26
13482,380,4.0,1996-03-31 18:02:26
13482,381,3.0,1996-03-31 18:02:26
13482,288,5.0,1996-03-31 18:02:26
13482,296,4.0,1996-03-31 18:02:26
13482,266,4.0,1996-03-31 18:02:26
13482,590,5.0,1996-03-31 18:02:26
13482,280,5.0,1996-03-31 18:02:26
13482,468,5.0,1996-03-31 18:02:26
13971,222,4.0,1996-03-31 18:31:21
13971,344,4.0,1996-03-31 18:31:21
13971,410,4.0,1996-03-31 18:31:21
13971,413,3.0,1996-03-31 18:31:21
13971,420,2.0,1996-03-31 18:31:21
13971,427,2.0,1996-03-31 18:31:21
13971,588,5.0,1996-03-31 18:31:21
13971,592,4.0,1996-03-31 18:31:21
13971,595,5.0,1996-03-31 18:31:21
13971,153,4.0,1996-03-31 18:31:21
13971,150,5.0,1996-03-31 18:31:21
13971,432,4.0,1996-03-31 18:31:21
13971,147,4.0,1996-03-31 18:31:21
13971,110,5.0,1996-03-31 18:31:21
13971,257,4.0,1996-03-31 18:31:22
13971,296,4.0,1996-03-31 18:31:22
13971,39,4.0,1996-03-31 18:31:22
13971,44,4.0,1996-03-31 18:31:22
13971,299,4.0,1996-03-31 18:31:22
13971,300,5.0,1996-03-31 18:31:22
13971,468,4.0,1996-03-31 18:31:22
13971,435,3.0,1996-03-31 18:31:22
13971,434,4.0,1996-03-31 18:31:22
13971,151,3.0,1996-03-31 18:31:22
13971,314,4.0,1996-03-31 18:31:22
13971,160,1.0,1996-03-31 18:31:22
13971,161,4.0,1996-03-31 18:31:22
13971,168,4.0,1996-03-31 18:31:22
13971,317,3.0,1996-03-31 18:31:22
13971,261,4.0,1996-03-31 18:31:22
13971,349,4.0,1996-03-31 18:31:22
13971,288,2.0,1996-03-31 18:31:22
13971,22,4.0,1996-03-31 18:31:22
13971,292,4.0,1996-03-31 18:31:22
13971,179,3.0,1996-03-31 18:31:22
13971,272,5.0,1996-03-31 18:31:22
13971,281,4.0,1996-03-31 18:31:22
13971,256,4.0,1996-03-31 18:31:22
13971,252,4.0,1996-03-31 18:31:22
13971,236,4.0,1996-03-31 18:31:22
13971,173,3.0,1996-03-31 18:31:22
13971,234,2.0,1996-03-31 18:31:22
13971,235,4.0,1996-03-31 18:31:22
13971,225,4.0,1996-03-31 18:31:22
13971,186,4.0,1996-03-31 18:31:22
13971,185,4.0,1996-03-31 18:31:22
13971,181,4.0,1996-03-31 18:31:22
13971,590,5.0,1996-03-31 18:31:22
13971,229,3.0,1996-03-31 18:31:22
13971,208,4.0,1996-03-31 18:31:23
13971,196,3.0,1996-03-31 18:31:23
13971,315,3.0,1996-03-31 18:31:23
13971,316,4.0,1996-03-31 18:31:23
13971,318,5.0,1996-03-31 18:31:23
13971,332,3.0,1996-03-31 18:31:23
13971,333,4.0,1996-03-31 18:31:23
13971,380,4.0,1996-03-31 18:31:23
13971,338,3.0,1996-03-31 18:31:23
13971,339,4.0,1996-03-31 18:31:23
13971,555,3.0,1996-03-31 18:31:23
13971,553,3.0,1996-03-31 18:31:23
13971,381,3.0,1996-03-31 18:31:23
13971,337,3.0,1996-03-31 18:31:23
13971,100,3.0,1996-03-31 18:37:09
13971,610,4.0,1996-03-31 18:37:09
13971,16,3.0,1996-03-31 18:37:09
13971,10,4.0,1996-03-31 18:37:09
14172,25,5.0,1996-03-31 18:52:01
14172,111,5.0,1996-03-31 18:52:01
14172,100,4.0,1996-03-31 18:52:01
14172,92,3.0,1996-03-31 18:52:01
14172,6,5.0,1996-03-31 18:52:01
14172,10,4.0,1996-03-31 18:52:01
14172,608,5.0,1996-03-31 18:52:01
14172,592,4.0,1996-03-31 19:15:14
14172,153,4.0,1996-03-31 19:15:14
14172,215,4.0,1996-03-31 19:15:14
14172,417,3.0,1996-03-31 19:15:14
14172,225,3.0,1996-03-31 19:15:15
14172,229,5.0,1996-03-31 19:15:15
14172,234,1.0,1996-03-31 19:15:15
14172,235,5.0,1996-03-31 19:15:15
14172,292,4.0,1996-03-31 19:15:15
14172,288,3.0,1996-03-31 19:15:15
14172,275,1.0,1996-03-31 19:15:15
14172,233,5.0,1996-03-31 19:15:15
14172,223,5.0,1996-03-31 19:15:15
14172,171,4.0,1996-03-31 19:15:15
14172,468,4.0,1996-03-31 19:15:15
14172,172,1.0,1996-03-31 19:15:15
14172,437,1.0,1996-03-31 19:15:15
14172,434,3.0,1996-03-31 19:15:15
14172,427,4.0,1996-03-31 19:15:15
14172,211,4.0,1996-03-31 19:15:15
14172,349,2.0,1996-03-31 19:15:15
14172,342,4.0,1996-03-31 19:15:15
14172,161,4.0,1996-03-31 19:15:15
14172,159,3.0,1996-03-31 19:15:15
14172,144,5.0,1996-03-31 19:15:15
14172,132,2.0,1996-03-31 19:15:15
14172,39,4.0,1996-03-31 19:15:15
14172,218,5.0,1996-03-31 19:15:15
14172,196,2.0,1996-03-31 19:15:16
14172,193,2.0,1996-03-31 19:15:16
14172,50,5.0,1996-03-31 19:15:16
14172,188,3.0,1996-03-31 19:15:16
14172,337,4.0,1996-03-31 19:15:16
14172,303,5.0,1996-03-31 19:15:16
14172,316,4.0,1996-03-31 19:15:16
14172,327,5.0,1996-03-31 19:15:16
14172,332,2.0,1996-03-31 19:15:16
14172,339,3.0,1996-03-31 19:15:16
14172,380,4.0,1996-03-31 19:15:16
14172,381,2.0,1996-03-31 19:15:16
14172,296,5.0,1996-03-31 19:15:16
14172,180,4.0,1996-03-31 19:19:12
14172,150,3.0,1996-03-31 19:19:12
14172,280,4.0,1996-03-31 19:19:12
14172,237,3.0,1996-03-31 19:19:12
14172,261,5.0,1996-03-31 19:19:12
14172,160,3.0,1996-03-31 19:19:12
14172,173,3.0,1996-03-31 19:19:12
14172,272,4.0,1996-03-31 19:19:12
14172,179,5.0,1996-03-31 19:19:12
14172,314,2.0,1996-03-31 19:19:13
14172,553,3.0,1996-03-31 19:19:13
14172,300,3.0,1996-03-31 19:19:13
14172,555,4.0,1996-03-31 19:19:13
14370,150,5.0,1996-03-31 19:20:03
14370,153,4.0,1996-03-31 19:20:03
14370,19,4.0,1996-03-31 19:20:03
14370,39,4.0,1996-03-31 19:20:03
14370,349,5.0,1996-03-31 19:20:03
14370,110,5.0,1996-03-31 19:20:03
14370,410,2.0,1996-03-31 19:20:03
14370,261,4.0,1996-03-31 19:20:03
14370,158,3.0,1996-03-31 19:20:03
14370,588,5.0,1996-03-31 19:20:03
14370,160,3.0,1996-03-31 19:20:03
14370,435,4.0,1996-03-31 19:20:03
14370,592,4.0,1996-03-31 19:20:03
14370,161,4.0,1996-03-31 19:20:03
14370,168,5.0,1996-03-31 19:20:03
14370,173,1.0,1996-03-31 19:20:03
14370,590,5.0,1996-03-31 19:20:03
14370,218,5.0,1996-03-31 19:20:03
14370,344,4.0,1996-03-31 19:20:03
14370,266,4.0,1996-03-31 19:20:03
14370,204,5.0,1996-03-31 19:20:04
14370,208,5.0,1996-03-31 19:20:04
14370,339,5.0,1996-03-31 19:20:04
14370,338,4.0,1996-03-31 19:20:04
14370,277,4.0,1996-03-31 19:20:04
14370,318,3.0,1996-03-31 19:20:04
14370,316,5.0,1996-03-31 19:20:04
14370,48,5.0,1996-03-31 19:20:04
14370,151,5.0,1996-03-31 19:20:04
14370,279,4.0,1996-03-31 19:20:04
14370,203,4.0,1996-03-31 19:20:04
14370,553,4.0,1996-03-31 19:20:04
14261,592,3.0,1996-03-31 19:25:15
14261,147,3.0,1996-03-31 19:25:15
14261,150,4.0,1996-03-31 19:25:15
14261,588,4.0,1996-03-31 19:25:15
14261,344,4.0,1996-03-31 19:25:15
14261,34,4.0,1996-03-31 19:25:15
14261,153,3.0,1996-03-31 19:25:16
14261,151,5.0,1996-03-31 19:25:16
14261,31,3.0,1996-03-31 19:25:16
14261,271,4.0,1996-03-31 19:25:16
14261,292,4.0,1996-03-31 19:25:16
14261,296,4.0,1996-03-31 19:25:16
14261,300,3.0,1996-03-31 19:25:16
14261,317,4.0,1996-03-31 19:25:16
14261,595,4.0,1996-03-31 19:25:16
14261,318,3.0,1996-03-31 19:25:16
14261,339,4.0,1996-03-31 19:25:16
14261,342,3.0,1996-03-31 19:25:16
14261,349,4.0,1996-03-31 19:25:16
14261,380,3.0,1996-03-31 19:25:16
14261,432,3.0,1996-03-31 19:25:16
14261,590,5.0,1996-03-31 19:25:16
14261,161,5.0,1996-03-31 19:25:16
14261,235,3.0,1996-03-31 19:25:16
14261,230,4.0,1996-03-31 19:25:16
14261,169,4.0,1996-03-31 19:25:16
14261,257,4.0,1996-03-31 19:25:16
14261,261,4.0,1996-03-31 19:25:16
14261,266,4.0,1996-03-31 19:25:16
14261,225,4.0,1996-03-31 19:25:16
14261,186,4.0,1996-03-31 19:25:16
14261,208,4.0,1996-03-31 19:25:16
14261,141,5.0,1996-03-31 19:29:36
14261,62,5.0,1996-03-31 19:29:36
14261,1,4.0,1996-03-31 19:29:36
14575,434,3.0,1996-03-31 20:01:33
14575,431,4.0,1996-03-31 20:01:33
14575,427,4.0,1996-03-31 20:01:33
14575,421,4.0,1996-03-31 20:01:33
14575,413,4.0,1996-03-31 20:01:33
14575,590,5.0,1996-03-31 20:01:33
14575,227,3.0,1996-03-31 20:01:33
14575,592,5.0,1996-03-31 20:01:33
14575,410,4.0,1996-03-31 20:01:33
14575,344,4.0,1996-03-31 20:01:33
14575,280,5.0,1996-03-31 20:01:33
14575,234,3.0,1996-03-31 20:01:33
14575,161,4.0,1996-03-31 20:01:33
14575,588,4.0,1996-03-31 20:01:33
14575,225,3.0,1996-03-31 20:01:33
14575,19,4.0,1996-03-31 20:01:33
14575,170,3.0,1996-03-31 20:01:33
14575,39,5.0,1996-03-31 20:01:33
14575,31,5.0,1996-03-31 20:01:33
14575,173,4.0,1996-03-31 20:01:33
14575,168,3.0,1996-03-31 20:01:33
14575,150,4.0,1996-03-31 20:01:33
14575,216,4.0,1996-03-31 20:01:33
14575,223,3.0,1996-03-31 20:01:33
14575,595,4.0,1996-03-31 20:01:33
14575,153,5.0,1996-03-31 20:01:33
14575,160,3.0,1996-03-31 20:01:33
14575,163,5.0,1996-03-31 20:01:33
14575,50,4.0,1996-03-31 20:01:34
14575,318,5.0,1996-03-31 20:01:34
14575,316,5.0,1996-03-31 20:01:34
14575,296,5.0,1996-03-31 20:01:34
14575,292,5.0,1996-03-31 20:01:34
14575,553,4.0,1996-03-31 20:01:34
14575,188,4.0,1996-03-31 20:01:34
14575,208,4.0,1996-03-31 20:01:34
14575,196,4.0,1996-03-31 20:01:34
14575,288,4.0,1996-03-31 20:01:34
14575,610,4.0,1996-03-31 20:09:16
14575,1,5.0,1996-03-31 20:09:16
14575,36,5.0,1996-03-31 20:09:16
14575,25,5.0,1996-03-31 20:09:16
14575,6,5.0,1996-03-31 20:09:16
14788,21,4.0,1996-03-31 20:41:21
14788,10,4.0,1996-03-31 20:41:21
14788,25,5.0,1996-03-31 20:41:21
14788,6,2.0,1996-03-31 20:41:21
14788,95,4.0,1996-03-31 20:41:21
14788,1,5.0,1996-03-31 20:41:21
14788,608,5.0,1996-03-31 20:41:21
14890,1,5.0,1996-03-31 20:50:19
14890,17,4.0,1996-03-31 20:50:19
14890,28,4.0,1996-03-31 20:50:19
14890,35,5.0,1996-03-31 20:50:19
14890,40,5.0,1996-03-31 20:50:19
14890,52,4.0,1996-03-31 20:50:19
14890,85,5.0,1996-03-31 20:50:19
14890,105,4.0,1996-03-31 20:50:19
14890,608,5.0,1996-03-31 20:50:19
14788,31,3.0,1996-03-31 20:53:45
14788,234,3.0,1996-03-31 20:53:45
14788,233,3.0,1996-03-31 20:53:45
14788,229,2.0,1996-03-31 20:53:45
14788,224,3.0,1996-03-31 20:53:45
14788,225,2.0,1996-03-31 20:53:45
14788,145,4.0,1996-03-31 20:53:45
14788,159,3.0,1996-03-31 20:53:45
14788,227,3.0,1996-03-31 20:53:45
14788,252,4.0,1996-03-31 20:53:45
14788,435,2.0,1996-03-31 20:53:45
14788,427,2.0,1996-03-31 20:53:45
14788,416,3.0,1996-03-31 20:53:45
14788,413,3.0,1996-03-31 20:53:45
14788,349,3.0,1996-03-31 20:53:45
14788,272,5.0,1996-03-31 20:53:46
14788,288,4.0,1996-03-31 20:53:46
14788,315,3.0,1996-03-31 20:53:46
14788,338,4.0,1996-03-31 20:53:46
14788,151,4.0,1996-03-31 20:53:46
14788,339,4.0,1996-03-31 20:53:46
14788,380,5.0,1996-03-31 20:53:46
14788,555,5.0,1996-03-31 20:53:46
14788,554,3.0,1996-03-31 20:53:46
14788,185,3.0,1996-03-31 20:53:46
14788,186,4.0,1996-03-31 20:53:46
14788,196,4.0,1996-03-31 20:53:46
14788,50,5.0,1996-03-31 20:53:46
14788,44,4.0,1996-03-31 20:53:46
14788,259,4.0,1996-03-31 20:53:46
14788,257,4.0,1996-03-31 20:53:46
14788,292,4.0,1996-03-31 20:53:46
14788,296,5.0,1996-03-31 20:53:46
14788,299,4.0,1996-03-31 20:53:46
14788,132,4.0,1996-03-31 20:53:46
14890,282,4.0,1996-03-31 20:59:00
14890,272,4.0,1996-03-31 20:59:00
14890,296,4.0,1996-03-31 20:59:00
14890,352,5.0,1996-03-31 20:59:00
14890,223,4.0,1996-03-31 20:59:00
14890,50,5.0,1996-03-31 20:59:00
14890,435,2.0,1996-03-31 20:59:00
14890,153,3.0,1996-03-31 20:59:00
14890,161,4.0,1996-03-31 20:59:00
14890,155,5.0,1996-03-31 20:59:00
14890,342,4.0,1996-03-31 20:59:00
14890,592,5.0,1996-03-31 20:59:00
14890,144,4.0,1996-03-31 20:59:00
14987,10,4.0,1996-03-31 21:05:32
14987,5,4.0,1996-03-31 21:05:32
14987,21,3.0,1996-03-31 21:05:32
14987,256,4.0,1996-03-31 21:14:55
14987,208,4.0,1996-03-31 21:14:55
14987,196,3.0,1996-03-31 21:14:55
14987,173,4.0,1996-03-31 21:14:55
14987,592,4.0,1996-03-31 21:14:55
14987,158,4.0,1996-03-31 21:14:55
14987,153,3.0,1996-03-31 21:14:55
14987,150,4.0,1996-03-31 21:14:55
14987,34,4.0,1996-03-31 21:14:55
14987,261,4.0,1996-03-31 21:14:55
14987,282,4.0,1996-03-31 21:14:55
14987,296,4.0,1996-03-31 21:14:55
14987,590,4.0,1996-03-31 21:14:55
14987,588,5.0,1996-03-31 21:14:55
14987,553,4.0,1996-03-31 21:14:55
14987,434,4.0,1996-03-31 21:14:55
14987,432,4.0,1996-03-31 21:14:55
14987,420,3.0,1996-03-31 21:14:55
14987,410,4.0,1996-03-31 21:14:55
14987,380,5.0,1996-03-31 21:14:55
14987,344,5.0,1996-03-31 21:14:55
14987,342,4.0,1996-03-31 21:14:55
14987,317,4.0,1996-03-31 21:14:55
14987,316,4.0,1996-03-31 21:14:55
14987,303,4.0,1996-03-31 21:14:55
14987,349,4.0,1996-03-31 21:14:55
11327,315,4.0,1996-04-01 02:20:01
11327,282,4.0,1996-04-01 02:20:01
11327,204,3.0,1996-04-01 02:20:01
11327,266,4.0,1996-04-01 02:20:01
12736,10,5.0,1996-04-01 04:26:41
12736,14,5.0,1996-04-01 04:26:41
35718,588,3.0,1996-04-01 08:31:17
37801,331,5.0,1996-04-01 09:30:00
15194,44,1.0,1996-04-01 10:09:45
15194,151,5.0,1996-04-01 10:09:45
15194,196,3.0,1996-04-01 10:09:45
15194,225,4.0,1996-04-01 10:09:45
15194,590,3.0,1996-04-01 10:09:45
15194,256,4.0,1996-04-01 10:09:45
15194,413,3.0,1996-04-01 10:11:47
15194,150,5.0,1996-04-01 10:11:47
15194,153,4.0,1996-04-01 10:11:47
15194,161,5.0,1996-04-01 10:11:47
15194,172,3.0,1996-04-01 10:11:47
15194,173,3.0,1996-04-01 10:11:47
15194,344,4.0,1996-04-01 10:11:47
15194,216,1.0,1996-04-01 10:11:47
15194,222,4.0,1996-04-01 10:11:47
15194,223,5.0,1996-04-01 10:11:47
15194,229,5.0,1996-04-01 10:11:47
15194,235,5.0,1996-04-01 10:11:47
15194,349,5.0,1996-04-01 10:11:47
15194,410,4.0,1996-04-01 10:11:47
15194,316,4.0,1996-04-01 10:11:47
15194,318,5.0,1996-04-01 10:11:47
15194,595,3.0,1996-04-01 10:11:47
15194,592,5.0,1996-04-01 10:11:47
15194,380,5.0,1996-04-01 10:11:47
15194,588,5.0,1996-04-01 10:11:47
15194,435,3.0,1996-04-01 10:11:47
15194,431,3.0,1996-04-01 10:11:47
15194,39,4.0,1996-04-01 10:11:47
15194,337,4.0,1996-04-01 10:11:48
15194,1,5.0,1996-04-01 10:35:11
15194,10,5.0,1996-04-01 10:35:11
15482,76,2.0,1996-04-01 10:42:53
15482,95,5.0,1996-04-01 10:42:53
15482,10,5.0,1996-04-01 10:42:53
15482,103,4.0,1996-04-01 10:42:53
15482,592,4.0,1996-04-01 10:51:33
15482,172,2.0,1996-04-01 10:51:33
15482,173,1.0,1996-04-01 10:51:33
15482,177,3.0,1996-04-01 10:51:33
15482,427,3.0,1996-04-01 10:51:33
15482,434,4.0,1996-04-01 10:51:33
15482,196,3.0,1996-04-01 10:51:33
15482,153,2.0,1996-04-01 10:51:33
15482,150,5.0,1996-04-01 10:51:33
15482,44,1.0,1996-04-01 10:51:33
15482,225,4.0,1996-04-01 10:51:33
15482,168,4.0,1996-04-01 10:51:33
15482,292,5.0,1996-04-01 10:51:33
15482,296,1.0,1996-04-01 10:51:33
15482,300,3.0,1996-04-01 10:51:33
15482,303,3.0,1996-04-01 10:51:33
15482,315,3.0,1996-04-01 10:51:33
15482,316,5.0,1996-04-01 10:51:33
15482,588,5.0,1996-04-01 10:51:33
15482,344,5.0,1996-04-01 10:51:33
15482,349,4.0,1996-04-01 10:51:33
15482,590,4.0,1996-04-01 10:51:33
15482,420,2.0,1996-04-01 10:51:33
15482,256,3.0,1996-04-01 10:51:33
15482,327,1.0,1996-04-01 10:51:34
15482,332,4.0,1996-04-01 10:51:34
15482,553,5.0,1996-04-01 10:51:34
15482,380,5.0,1996-04-01 10:51:34
15482,208,4.0,1996-04-01 10:51:34
15482,185,5.0,1996-04-01 10:57:39
15482,161,5.0,1996-04-01 10:58:34
15482,223,5.0,1996-04-01 11:01:34
15570,141,1.0,1996-04-01 11:09:23
15570,40,5.0,1996-04-01 11:09:23
15570,62,5.0,1996-04-01 11:09:23
15570,36,4.0,1996-04-01 11:09:23
15570,25,2.0,1996-04-01 11:09:23
15570,17,5.0,1996-04-01 11:09:23
15570,10,3.0,1996-04-01 11:09:23
15863,25,5.0,1996-04-01 11:24:57
15863,4,3.0,1996-04-01 11:24:57
15863,10,4.0,1996-04-01 11:24:57
15863,11,5.0,1996-04-01 11:24:57
15863,21,5.0,1996-04-01 11:24:57
15863,95,4.0,1996-04-01 11:24:57
15863,141,5.0,1996-04-01 11:24:57
15570,333,2.0,1996-04-01 11:39:07
15570,153,4.0,1996-04-01 11:39:07
15570,158,5.0,1996-04-01 11:39:07
15570,160,2.0,1996-04-01 11:39:07
15570,252,4.0,1996-04-01 11:39:07
15570,236,5.0,1996-04-01 11:39:07
15570,150,5.0,1996-04-01 11:39:07
15570,110,4.0,1996-04-01 11:39:07
15570,39,4.0,1996-04-01 11:39:07
15570,54,3.0,1996-04-01 11:39:07
15570,48,2.0,1996-04-01 11:39:07
15570,261,5.0,1996-04-01 11:39:07
15570,337,4.0,1996-04-01 11:39:07
15570,339,5.0,1996-04-01 11:39:07
15570,421,1.0,1996-04-01 11:39:07
15570,435,1.0,1996-04-01 11:39:07
15570,588,5.0,1996-04-01 11:39:07
15570,592,5.0,1996-04-01 11:39:07
15570,595,5.0,1996-04-01 11:39:07
15570,60,4.0,1996-04-01 11:39:07
15570,274,4.0,1996-04-01 11:39:07
15570,344,4.0,1996-04-01 11:39:07
15570,282,4.0,1996-04-01 11:39:07
15570,289,3.0,1996-04-01 11:39:07
15570,292,4.0,1996-04-01 11:39:07
15570,317,4.0,1996-04-01 11:39:07
15570,277,4.0,1996-04-01 11:39:07
15570,318,5.0,1996-04-01 11:39:07
16239,158,3.0,1996-04-01 12:03:48
16239,153,5.0,1996-04-01 12:03:48
16239,435,2.0,1996-04-01 12:03:48
16239,434,5.0,1996-04-01 12:03:48
16239,150,5.0,1996-04-01 12:03:48
16239,145,5.0,1996-04-01 12:03:48
16239,110,5.0,1996-04-01 12:03:48
16239,22,5.0,1996-04-01 12:03:48
16239,23,3.0,1996-04-01 12:03:48
16239,160,5.0,1996-04-01 12:03:48
16239,19,1.0,1996-04-01 12:03:48
16239,432,5.0,1996-04-01 12:03:48
16239,420,4.0,1996-04-01 12:03:48
16239,344,2.0,1996-04-01 12:03:48
16239,349,5.0,1996-04-01 12:03:48
16239,34,5.0,1996-04-01 12:03:48
16239,351,4.0,1996-04-01 12:03:48
16239,410,4.0,1996-04-01 12:03:48
16239,218,3.0,1996-04-01 12:03:48
16239,592,5.0,1996-04-01 12:03:48
16239,588,5.0,1996-04-01 12:03:48
16239,595,5.0,1996-04-01 12:03:48
16239,437,4.0,1996-04-01 12:03:48
16239,315,4.0,1996-04-01 12:03:49
16239,316,5.0,1996-04-01 12:03:49
16239,317,5.0,1996-04-01 12:03:49
16239,688,4.0,1996-04-01 12:03:49
16239,225,4.0,1996-04-01 12:03:49
16239,224,5.0,1996-04-01 12:03:49
16239,44,2.0,1996-04-01 12:03:49
16239,48,3.0,1996-04-01 12:03:49
16239,203,5.0,1996-04-01 12:03:49
16239,196,5.0,1996-04-01 12:03:49
16239,185,5.0,1996-04-01 12:03:49
16239,151,3.0,1996-04-01 12:03:49
16239,174,3.0,1996-04-01 12:03:49
16239,173,4.0,1996-04-01 12:03:49
16239,172,3.0,1996-04-01 12:03:49
16239,170,4.0,1996-04-01 12:03:49
16239,168,5.0,1996-04-01 12:03:49
16239,163,4.0,1996-04-01 12:03:49
16239,161,5.0,1996-04-01 12:03:49
16239,318,5.0,1996-04-01 12:03:49
16239,304,5.0,1996-04-01 12:03:49
16239,590,5.0,1996-04-01 12:03:49
16239,468,4.0,1996-04-01 12:03:49
16239,314,5.0,1996-04-01 12:03:49
16239,303,3.0,1996-04-01 12:03:49
16239,296,2.0,1996-04-01 12:03:49
16239,292,5.0,1996-04-01 12:03:49
16239,282,5.0,1996-04-01 12:03:49
16239,277,3.0,1996-04-01 12:03:49
16239,276,4.0,1996-04-01 12:03:49
16239,266,5.0,1996-04-01 12:03:49
16239,256,4.0,1996-04-01 12:03:49
16239,227,5.0,1996-04-01 12:03:49
16239,252,5.0,1996-04-01 12:03:49
16239,340,5.0,1996-04-01 12:03:50
16239,381,5.0,1996-04-01 12:03:50
16239,553,4.0,1996-04-01 12:03:50
16239,380,5.0,1996-04-01 12:03:50
16239,208,5.0,1996-04-01 12:03:50
16239,204,5.0,1996-04-01 12:03:50
16239,339,5.0,1996-04-01 12:03:50
16239,338,5.0,1996-04-01 12:03:50
16445,141,4.0,1996-04-01 12:21:32
16445,105,3.0,1996-04-01 12:21:32
16445,100,4.0,1996-04-01 12:21:32
16445,608,5.0,1996-04-01 12:21:32
16445,17,5.0,1996-04-01 12:21:32
16445,14,4.0,1996-04-01 12:21:32
44661,153,2.0,1996-04-01 12:24:23
44661,225,3.0,1996-04-01 12:24:23
44661,588,5.0,1996-04-01 12:24:23
44661,590,3.0,1996-04-01 12:24:23
44661,592,4.0,1996-04-01 12:24:23
44661,595,5.0,1996-04-01 12:24:23
16631,595,5.0,1996-04-01 12:35:35
16631,588,5.0,1996-04-01 12:35:35
16631,592,4.0,1996-04-01 12:35:35
16631,110,5.0,1996-04-01 12:35:36
16631,163,5.0,1996-04-01 12:35:36
16631,168,4.0,1996-04-01 12:35:36
16631,208,4.0,1996-04-01 12:35:36
16631,216,3.0,1996-04-01 12:35:36
16631,161,5.0,1996-04-01 12:35:36
16631,50,5.0,1996-04-01 12:35:36
16631,325,2.0,1996-04-01 12:35:36
16631,292,4.0,1996-04-01 12:35:36
16631,315,4.0,1996-04-01 12:35:36
16631,337,3.0,1996-04-01 12:35:36
16631,266,4.0,1996-04-01 12:35:36
16631,300,5.0,1996-04-01 12:35:36
16631,349,5.0,1996-04-01 12:35:36
16631,380,4.0,1996-04-01 12:35:36
16631,432,5.0,1996-04-01 12:35:36
16631,553,5.0,1996-04-01 12:35:36
16631,225,5.0,1996-04-01 12:35:36
16631,257,5.0,1996-04-01 12:44:40
16631,318,5.0,1996-04-01 12:44:40
16631,150,5.0,1996-04-01 12:44:40
16631,344,1.0,1996-04-01 12:44:40
16631,172,4.0,1996-04-01 12:44:40
16631,10,5.0,1996-04-01 12:50:50
16914,62,3.0,1996-04-01 13:23:25
16914,4,4.0,1996-04-01 13:23:25
16914,1,5.0,1996-04-01 13:23:25
16914,186,3.0,1996-04-01 13:28:23
16914,181,4.0,1996-04-01 13:28:23
16914,153,4.0,1996-04-01 13:28:23
16914,150,5.0,1996-04-01 13:28:23
16914,236,3.0,1996-04-01 13:28:23
16914,272,5.0,1996-04-01 13:28:23
16914,595,5.0,1996-04-01 13:28:23
16914,592,4.0,1996-04-01 13:28:23
16914,588,5.0,1996-04-01 13:28:23
16914,468,3.0,1996-04-01 13:28:23
16914,432,3.0,1996-04-01 13:28:23
16914,380,4.0,1996-04-01 13:28:23
16914,344,3.0,1996-04-01 13:28:23
16914,261,4.0,1996-04-01 13:28:23
16914,235,5.0,1996-04-01 13:28:23
17203,21,4.0,1996-04-01 14:38:58
17203,25,5.0,1996-04-01 14:38:58
17203,36,5.0,1996-04-01 14:38:58
17203,52,4.0,1996-04-01 14:38:58
17203,62,4.0,1996-04-01 14:38:58
17203,608,5.0,1996-04-01 14:38:58
17203,150,4.0,1996-04-01 14:41:58
17203,223,3.0,1996-04-01 14:41:58
17203,230,4.0,1996-04-01 14:41:58
17203,39,4.0,1996-04-01 14:41:58
17203,215,4.0,1996-04-01 14:41:58
17203,588,4.0,1996-04-01 14:44:09
17203,337,4.0,1996-04-01 14:44:09
17203,300,5.0,1996-04-01 14:44:09
17203,318,5.0,1996-04-01 14:44:09
15863,161,5.0,1996-04-01 15:03:55
15863,592,4.0,1996-04-01 15:03:55
15863,590,5.0,1996-04-01 15:03:55
15863,588,5.0,1996-04-01 15:03:55
15863,435,3.0,1996-04-01 15:03:55
15863,432,4.0,1996-04-01 15:03:55
15863,410,4.0,1996-04-01 15:03:55
15863,349,4.0,1996-04-01 15:03:55
15863,344,5.0,1996-04-01 15:03:55
15863,150,5.0,1996-04-01 15:03:55
15863,318,5.0,1996-04-01 15:03:56
15863,300,4.0,1996-04-01 15:03:56
15863,257,4.0,1996-04-01 15:03:56
15863,252,4.0,1996-04-01 15:03:56
17505,26,4.0,1996-04-01 15:51:12
17505,25,4.0,1996-04-01 15:51:12
17505,17,5.0,1996-04-01 15:51:12
17505,11,4.0,1996-04-01 15:51:12
17505,1,5.0,1996-04-01 15:51:12
17505,60,5.0,1996-04-01 15:57:34
17505,144,4.0,1996-04-01 15:57:34
17505,344,2.0,1996-04-01 15:57:34
17505,288,2.0,1996-04-01 15:57:34
17505,272,4.0,1996-04-01 15:57:34
17505,147,4.0,1996-04-01 15:57:34
17505,296,5.0,1996-04-01 15:57:34
17505,316,4.0,1996-04-01 15:57:34
17505,327,3.0,1996-04-01 15:57:34
17505,179,4.0,1996-04-01 15:57:34
17505,235,4.0,1996-04-01 15:57:34
17505,590,4.0,1996-04-01 15:57:34
17505,349,4.0,1996-04-01 15:57:34
17505,150,3.0,1996-04-01 15:57:34
17505,159,5.0,1996-04-01 15:57:34
17505,233,4.0,1996-04-01 15:57:34
17505,223,5.0,1996-04-01 15:59:41
17505,175,5.0,1996-04-01 15:59:41
17505,337,5.0,1996-04-01 15:59:41
17505,50,4.0,1996-04-01 15:59:41
17505,339,4.0,1996-04-01 15:59:43
41500,639,2.0,1996-04-01 16:19:29
41500,198,4.0,1996-04-01 16:21:51
41500,174,1.0,1996-04-01 16:21:51
41500,432,1.0,1996-04-01 16:25:01
41500,427,4.0,1996-04-01 16:25:01
41500,235,4.0,1996-04-01 16:25:01
41500,413,4.0,1996-04-01 16:25:01
17592,588,4.0,1996-04-01 17:20:27
17592,19,1.0,1996-04-01 17:20:27
17592,344,4.0,1996-04-01 17:20:27
17592,410,4.0,1996-04-01 17:20:27
17592,590,5.0,1996-04-01 17:20:28
17592,256,4.0,1996-04-01 17:20:28
17592,252,4.0,1996-04-01 17:20:28
17592,257,5.0,1996-04-01 17:20:28
17592,349,5.0,1996-04-01 17:20:28
17592,351,4.0,1996-04-01 17:20:28
17592,421,4.0,1996-04-01 17:20:28
17592,218,4.0,1996-04-01 17:20:28
17592,222,4.0,1996-04-01 17:20:28
17592,223,5.0,1996-04-01 17:20:28
17592,431,5.0,1996-04-01 17:20:28
17592,434,4.0,1996-04-01 17:20:28
17592,174,4.0,1996-04-01 17:20:28
17592,592,4.0,1996-04-01 17:20:28
17592,432,3.0,1996-04-01 17:20:28
17592,185,5.0,1996-04-01 17:20:28
17592,153,4.0,1996-04-01 17:20:28
17592,173,3.0,1996-04-01 17:20:28
17592,224,4.0,1996-04-01 17:20:28
17592,276,4.0,1996-04-01 17:20:28
17592,272,4.0,1996-04-01 17:20:28
17592,229,4.0,1996-04-01 17:20:28
17592,230,4.0,1996-04-01 17:20:28
17592,266,4.0,1996-04-01 17:20:28
17592,172,3.0,1996-04-01 17:20:28
17592,234,2.0,1996-04-01 17:20:28
17592,235,2.0,1996-04-01 17:20:28
17592,233,4.0,1996-04-01 17:20:28
17592,39,5.0,1996-04-01 17:20:28
17592,277,4.0,1996-04-01 17:20:28
17592,241,3.0,1996-04-01 17:20:28
17592,163,4.0,1996-04-01 17:20:28
17592,150,5.0,1996-04-01 17:20:28
17592,225,5.0,1996-04-01 17:20:28
17592,161,5.0,1996-04-01 17:20:28
17592,208,3.0,1996-04-01 17:20:29
17592,315,4.0,1996-04-01 17:20:29
17592,316,4.0,1996-04-01 17:20:29
17592,318,5.0,1996-04-01 17:20:29
17592,338,4.0,1996-04-01 17:20:29
17592,151,5.0,1996-04-01 17:20:29
17592,339,4.0,1996-04-01 17:20:29
17592,380,5.0,1996-04-01 17:20:29
17592,292,5.0,1996-04-01 17:20:29
17592,289,4.0,1996-04-01 17:20:29
17592,296,4.0,1996-04-01 17:20:29
17592,300,4.0,1996-04-01 17:20:29
16445,640,4.0,1996-04-01 17:21:23
16445,36,5.0,1996-04-01 17:21:23
17971,62,5.0,1996-04-01 18:20:04
17971,1,4.0,1996-04-01 18:20:04
17971,36,4.0,1996-04-01 18:20:04
17971,588,5.0,1996-04-01 18:28:01
17971,150,5.0,1996-04-01 18:28:01
17971,153,3.0,1996-04-01 18:28:01
17971,592,3.0,1996-04-01 18:28:01
17971,34,4.0,1996-04-01 18:28:01
17971,300,3.0,1996-04-01 18:28:02
17971,282,5.0,1996-04-01 18:28:02
17971,317,4.0,1996-04-01 18:28:02
17971,595,4.0,1996-04-01 18:28:02
17971,256,5.0,1996-04-01 18:28:02
17971,237,4.0,1996-04-01 18:28:02
17971,468,4.0,1996-04-01 18:28:02
17971,281,2.0,1996-04-01 18:28:02
17971,277,5.0,1996-04-01 18:28:02
17971,266,5.0,1996-04-01 18:28:02
17971,590,5.0,1996-04-01 18:28:02
17971,296,1.0,1996-04-01 18:28:02
17971,224,5.0,1996-04-01 18:28:02
17971,31,3.0,1996-04-01 18:28:02
17971,236,4.0,1996-04-01 18:28:02
17971,60,4.0,1996-04-01 18:28:02
17971,110,5.0,1996-04-01 18:28:02
17971,349,4.0,1996-04-01 18:28:02
17971,432,3.0,1996-04-01 18:28:02
17971,151,4.0,1996-04-01 18:28:02
17971,158,3.0,1996-04-01 18:28:02
17971,380,4.0,1996-04-01 18:28:02
17971,168,3.0,1996-04-01 18:28:02
17971,185,4.0,1996-04-01 18:28:02
17971,186,4.0,1996-04-01 18:28:02
17971,318,5.0,1996-04-01 18:28:02
17971,208,2.0,1996-04-01 18:28:02
17971,339,5.0,1996-04-01 18:28:02
17971,161,4.0,1996-04-01 18:28:02
18062,296,4.0,1996-04-01 18:38:44
18062,315,4.0,1996-04-01 18:38:44
18062,208,4.0,1996-04-01 18:38:44
18062,256,5.0,1996-04-01 18:38:44
18062,249,4.0,1996-04-01 18:38:44
18062,270,4.0,1996-04-01 18:38:44
18062,225,4.0,1996-04-01 18:38:44
18062,292,5.0,1996-04-01 18:38:44
18062,204,5.0,1996-04-01 18:38:44
18062,196,4.0,1996-04-01 18:38:44
18062,193,3.0,1996-04-01 18:38:44
18062,168,4.0,1996-04-01 18:38:44
18062,163,4.0,1996-04-01 18:38:44
18062,161,4.0,1996-04-01 18:38:44
18062,19,4.0,1996-04-01 18:38:44
18062,280,5.0,1996-04-01 18:38:44
18062,236,5.0,1996-04-01 18:38:44
18062,420,4.0,1996-04-01 18:38:44
18062,434,5.0,1996-04-01 18:38:44
18062,380,5.0,1996-04-01 18:38:44
18062,338,4.0,1996-04-01 18:38:44
18062,339,5.0,1996-04-01 18:38:44
18264,141,4.0,1996-04-01 20:10:57
18264,1,5.0,1996-04-01 20:10:57
18264,111,4.0,1996-04-01 20:10:57
18264,105,3.0,1996-04-01 20:10:57
18264,62,4.0,1996-04-01 20:10:57
18264,2,3.0,1996-04-01 20:10:57
18264,21,5.0,1996-04-01 20:10:57
18264,5,4.0,1996-04-01 20:10:57
18264,145,5.0,1996-04-01 20:26:23
18264,413,3.0,1996-04-01 20:26:23
18264,592,4.0,1996-04-01 20:26:23
18264,344,4.0,1996-04-01 20:26:23
18264,434,4.0,1996-04-01 20:26:24
18264,431,5.0,1996-04-01 20:26:24
18264,427,1.0,1996-04-01 20:26:24
18264,186,5.0,1996-04-01 20:26:24
18264,185,4.0,1996-04-01 20:26:24
18264,174,4.0,1996-04-01 20:26:24
18264,170,4.0,1996-04-01 20:26:24
18264,160,4.0,1996-04-01 20:26:24
18264,31,5.0,1996-04-01 20:26:24
18264,233,5.0,1996-04-01 20:26:24
18264,590,4.0,1996-04-01 20:26:24
18264,237,4.0,1996-04-01 20:26:24
18264,172,3.0,1996-04-01 20:26:24
18264,236,5.0,1996-04-01 20:26:24
18264,216,4.0,1996-04-01 20:26:24
18264,230,4.0,1996-04-01 20:26:24
18264,225,4.0,1996-04-01 20:26:24
18264,222,3.0,1996-04-01 20:26:24
18264,288,5.0,1996-04-01 20:26:24
18264,280,5.0,1996-04-01 20:26:24
18264,274,2.0,1996-04-01 20:26:24
18264,292,5.0,1996-04-01 20:26:24
18264,266,4.0,1996-04-01 20:26:24
18264,282,4.0,1996-04-01 20:26:24
18264,296,5.0,1996-04-01 20:26:24
18264,349,5.0,1996-04-01 20:26:24
18264,257,5.0,1996-04-01 20:26:24
18264,249,5.0,1996-04-01 20:26:24
18264,256,4.0,1996-04-01 20:26:24
18264,333,3.0,1996-04-01 20:26:25
18264,337,4.0,1996-04-01 20:26:25
18264,300,5.0,1996-04-01 20:26:25
18264,555,4.0,1996-04-01 20:26:25
18264,151,5.0,1996-04-01 20:26:25
18264,208,3.0,1996-04-01 20:26:25
18264,193,1.0,1996-04-01 20:26:25
18264,380,4.0,1996-04-01 20:26:25
18264,553,4.0,1996-04-01 20:26:25
18264,339,4.0,1996-04-01 20:26:25
18264,318,5.0,1996-04-01 20:26:25
18478,10,5.0,1996-04-01 20:55:04
18478,380,4.0,1996-04-01 21:02:13
18478,300,3.0,1996-04-01 21:02:13
18478,186,4.0,1996-04-01 21:02:13
18478,161,3.0,1996-04-01 21:02:13
18478,153,4.0,1996-04-01 21:02:13
18478,150,5.0,1996-04-01 21:02:13
18478,145,4.0,1996-04-01 21:02:13
18478,22,3.0,1996-04-01 21:02:13
18478,252,4.0,1996-04-01 21:02:13
18478,296,2.0,1996-04-01 21:02:13
18478,592,4.0,1996-04-01 21:02:13
18478,318,5.0,1996-04-01 21:02:13
18478,420,4.0,1996-04-01 21:02:13
18478,432,4.0,1996-04-01 21:02:13
18478,588,5.0,1996-04-01 21:02:13
18478,590,4.0,1996-04-01 21:02:13
18478,349,5.0,1996-04-01 21:02:13
18478,344,3.0,1996-04-01 21:02:13
18478,292,4.0,1996-04-01 21:02:13
18478,595,5.0,1996-04-01 21:02:13
18478,256,4.0,1996-04-01 21:10:13
18478,122,4.0,1996-04-01 21:20:21
18925,150,5.0,1996-04-01 23:07:54
18925,31,4.0,1996-04-01 23:07:54
18925,595,5.0,1996-04-01 23:07:54
18925,588,5.0,1996-04-01 23:07:54
18925,434,4.0,1996-04-01 23:07:54
18925,420,3.0,1996-04-01 23:07:54
18925,416,3.0,1996-04-01 23:07:54
18925,349,4.0,1996-04-01 23:07:54
18925,145,4.0,1996-04-01 23:07:54
18925,39,2.0,1996-04-01 23:07:54
18925,224,4.0,1996-04-01 23:07:54
18925,216,3.0,1996-04-01 23:07:54
18925,163,4.0,1996-04-01 23:07:54
18925,110,5.0,1996-04-01 23:07:54
18925,160,4.0,1996-04-01 23:07:54
18925,153,4.0,1996-04-01 23:07:54
18925,54,2.0,1996-04-01 23:07:54
18925,161,4.0,1996-04-01 23:07:54
18925,259,3.0,1996-04-01 23:07:55
18925,172,3.0,1996-04-01 23:07:55
18925,132,3.0,1996-04-01 23:07:55
18925,688,4.0,1996-04-01 23:07:55
18925,151,4.0,1996-04-01 23:07:55
18925,168,4.0,1996-04-01 23:07:55
18925,173,2.0,1996-04-01 23:07:55
18925,193,1.0,1996-04-01 23:07:55
18925,196,3.0,1996-04-01 23:07:55
18925,203,2.0,1996-04-01 23:07:55
18925,204,4.0,1996-04-01 23:07:55
18925,227,3.0,1996-04-01 23:07:55
18925,48,5.0,1996-04-01 23:07:55
18925,277,4.0,1996-04-01 23:07:55
18925,280,3.0,1996-04-01 23:07:55
18925,292,4.0,1996-04-01 23:07:55
18925,313,3.0,1996-04-01 23:07:55
18925,315,3.0,1996-04-01 23:07:55
18925,316,5.0,1996-04-01 23:07:55
18925,317,3.0,1996-04-01 23:07:55
18925,318,5.0,1996-04-01 23:07:55
18925,327,2.0,1996-04-01 23:07:55
18925,333,2.0,1996-04-01 23:07:55
18925,276,2.0,1996-04-01 23:07:55
18925,44,3.0,1996-04-01 23:07:55
18925,380,4.0,1996-04-01 23:07:55
18925,338,3.0,1996-04-01 23:07:56
18925,332,4.0,1996-04-01 23:07:56
19194,153,4.0,1996-04-02 00:59:08
19194,39,4.0,1996-04-02 00:59:08
19194,110,5.0,1996-04-02 00:59:08
19194,144,5.0,1996-04-02 00:59:08
19194,150,5.0,1996-04-02 00:59:08
19194,590,4.0,1996-04-02 00:59:08
19194,158,5.0,1996-04-02 00:59:08
19194,160,4.0,1996-04-02 00:59:08
19194,252,5.0,1996-04-02 00:59:08
19194,34,4.0,1996-04-02 00:59:08
19194,31,3.0,1996-04-02 00:59:08
19194,185,4.0,1996-04-02 00:59:09
19194,196,4.0,1996-04-02 00:59:09
19194,204,4.0,1996-04-02 00:59:09
19194,44,5.0,1996-04-02 00:59:09
19194,208,4.0,1996-04-02 00:59:09
19194,316,4.0,1996-04-02 00:59:09
19194,282,5.0,1996-04-02 00:59:09
19194,318,5.0,1996-04-02 00:59:09
19194,338,3.0,1996-04-02 00:59:09
19194,380,5.0,1996-04-02 00:59:09
19591,9,3.0,1996-04-02 06:31:35
19591,2,2.0,1996-04-02 06:31:35
19591,14,5.0,1996-04-02 06:31:35
19591,160,5.0,1996-04-02 06:40:04
19591,261,4.0,1996-04-02 06:40:04
19591,296,3.0,1996-04-02 06:40:04
19591,236,5.0,1996-04-02 06:40:04
19591,230,5.0,1996-04-02 06:40:04
19591,150,4.0,1996-04-02 06:40:04
19591,161,5.0,1996-04-02 06:40:04
19591,153,3.0,1996-04-02 06:40:04
19591,151,5.0,1996-04-02 06:40:04
19591,592,4.0,1996-04-02 06:40:04
19591,342,4.0,1996-04-02 06:40:04
19591,110,5.0,1996-04-02 06:40:04
19591,410,4.0,1996-04-02 06:40:04
19591,590,5.0,1996-04-02 06:40:04
19787,169,5.0,1996-04-02 07:19:39
19787,158,5.0,1996-04-02 07:19:39
19787,339,5.0,1996-04-02 07:19:39
19787,277,5.0,1996-04-02 07:19:39
19787,337,5.0,1996-04-02 07:19:39
19787,224,5.0,1996-04-02 07:19:39
19787,590,5.0,1996-04-02 07:19:39
19787,261,5.0,1996-04-02 07:32:19
19787,230,5.0,1996-04-02 07:32:19
19787,57,2.0,1996-04-02 07:32:19
19787,351,4.0,1996-04-02 07:32:19
19787,317,5.0,1996-04-02 07:32:19
19787,153,2.0,1996-04-02 07:32:19
19787,595,4.0,1996-04-02 07:32:19
19787,592,3.0,1996-04-02 07:32:19
19787,588,4.0,1996-04-02 07:32:19
19787,266,4.0,1996-04-02 07:32:19
19787,434,4.0,1996-04-02 07:32:19
19787,553,5.0,1996-04-02 07:32:19
19787,222,4.0,1996-04-02 07:32:19
19887,266,3.0,1996-04-02 08:48:31
19887,592,4.0,1996-04-02 08:48:31
19887,151,1.0,1996-04-02 08:48:32
20087,100,2.0,1996-04-02 09:00:18
20087,6,3.0,1996-04-02 09:00:18
20087,11,4.0,1996-04-02 09:00:18
20087,10,5.0,1996-04-02 09:00:18
20087,16,4.0,1996-04-02 09:00:18
20179,2,5.0,1996-04-02 09:13:59
20087,256,5.0,1996-04-02 09:15:06
20087,252,4.0,1996-04-02 09:15:06
20087,161,4.0,1996-04-02 09:15:06
20087,468,4.0,1996-04-02 09:15:06
20087,235,5.0,1996-04-02 09:15:06
20087,160,1.0,1996-04-02 09:15:06
20087,150,5.0,1996-04-02 09:15:06
20087,147,4.0,1996-04-02 09:15:06
20087,144,5.0,1996-04-02 09:15:06
20087,110,5.0,1996-04-02 09:15:06
20087,39,4.0,1996-04-02 09:15:06
20087,22,4.0,1996-04-02 09:15:06
20087,168,4.0,1996-04-02 09:15:06
20087,173,4.0,1996-04-02 09:15:06
20087,349,4.0,1996-04-02 09:15:06
20087,351,4.0,1996-04-02 09:15:06
20087,410,4.0,1996-04-02 09:15:06
20087,416,3.0,1996-04-02 09:15:06
20087,417,4.0,1996-04-02 09:15:06
20087,431,2.0,1996-04-02 09:15:06
20087,432,4.0,1996-04-02 09:15:06
20087,434,4.0,1996-04-02 09:15:06
20087,218,5.0,1996-04-02 09:15:06
20087,588,5.0,1996-04-02 09:15:06
20087,222,4.0,1996-04-02 09:15:06
20087,595,5.0,1996-04-02 09:15:06
20087,224,4.0,1996-04-02 09:15:06
20087,225,4.0,1996-04-02 09:15:06
20087,229,4.0,1996-04-02 09:15:06
20087,234,4.0,1996-04-02 09:15:06
20087,236,4.0,1996-04-02 09:15:06
20087,281,4.0,1996-04-02 09:15:07
20087,280,5.0,1996-04-02 09:15:07
20087,292,5.0,1996-04-02 09:15:07
20087,44,4.0,1996-04-02 09:15:07
20087,179,3.0,1996-04-02 09:15:07
20087,185,4.0,1996-04-02 09:15:07
20087,186,4.0,1996-04-02 09:15:07
20087,299,3.0,1996-04-02 09:15:07
20087,289,4.0,1996-04-02 09:15:07
20087,257,5.0,1996-04-02 09:15:07
20087,272,5.0,1996-04-02 09:15:07
20087,261,5.0,1996-04-02 09:15:07
20087,288,2.0,1996-04-02 09:15:07
20087,315,4.0,1996-04-02 09:15:08
20087,553,4.0,1996-04-02 09:15:08
20087,333,4.0,1996-04-02 09:15:08
20087,554,4.0,1996-04-02 09:15:08
20087,314,5.0,1996-04-02 09:15:08
20087,316,4.0,1996-04-02 09:15:08
20087,151,2.0,1996-04-02 09:15:08
20087,296,5.0,1996-04-02 09:15:08
20087,318,5.0,1996-04-02 09:15:08
20087,317,4.0,1996-04-02 09:15:08
20087,196,1.0,1996-04-02 09:15:08
20087,332,3.0,1996-04-02 09:15:09
20087,337,4.0,1996-04-02 09:15:09
20087,338,4.0,1996-04-02 09:15:09
20087,339,5.0,1996-04-02 09:15:09
20087,555,4.0,1996-04-02 09:15:09
20087,380,4.0,1996-04-02 09:15:09
20087,381,4.0,1996-04-02 09:15:09
20087,208,1.0,1996-04-02 09:15:09
20087,427,1.0,1996-04-02 09:17:36
20087,344,4.0,1996-04-02 09:21:12
20087,592,3.0,1996-04-02 09:21:12
20087,153,3.0,1996-04-02 09:21:12
20087,266,4.0,1996-04-02 09:21:13
20087,270,2.0,1996-04-02 09:21:13
20473,1,5.0,1996-04-02 10:09:59
20473,105,4.0,1996-04-02 10:09:59
20473,339,5.0,1996-04-02 10:15:25
20473,237,4.0,1996-04-02 10:15:25
20473,236,5.0,1996-04-02 10:15:25
20473,230,5.0,1996-04-02 10:15:25
20473,225,4.0,1996-04-02 10:15:25
20473,224,4.0,1996-04-02 10:15:25
20473,266,5.0,1996-04-02 10:15:25
20473,271,5.0,1996-04-02 10:15:25
20473,289,5.0,1996-04-02 10:15:25
20473,186,1.0,1996-04-02 10:15:25
20473,185,5.0,1996-04-02 10:15:25
20473,296,3.0,1996-04-02 10:15:25
20473,318,5.0,1996-04-02 10:15:25
20473,337,2.0,1996-04-02 10:15:25
20473,39,3.0,1996-04-02 10:15:25
20473,381,5.0,1996-04-02 10:15:25
20473,292,5.0,1996-04-02 10:15:25
20473,193,1.0,1996-04-02 10:15:25
20473,590,5.0,1996-04-02 10:15:25
20473,417,3.0,1996-04-02 10:15:25
20568,431,4.0,1996-04-02 10:46:03
20568,426,4.0,1996-04-02 10:46:03
20568,54,4.0,1996-04-02 10:46:03
20568,432,4.0,1996-04-02 10:46:03
20568,349,5.0,1996-04-02 10:46:03
20568,344,4.0,1996-04-02 10:46:03
20568,160,5.0,1996-04-02 10:46:03
20568,110,5.0,1996-04-02 10:46:03
20568,150,4.0,1996-04-02 10:46:03
20568,588,4.0,1996-04-02 10:46:03
20568,153,4.0,1996-04-02 10:46:03
20568,592,4.0,1996-04-02 10:46:03
20568,595,4.0,1996-04-02 10:46:03
20568,158,4.0,1996-04-02 10:46:03
20568,410,4.0,1996-04-02 10:46:03
20568,161,5.0,1996-04-02 10:46:04
20568,163,3.0,1996-04-02 10:46:04
20568,224,4.0,1996-04-02 10:46:04
20568,168,5.0,1996-04-02 10:46:04
20568,280,5.0,1996-04-02 10:46:04
20568,185,4.0,1996-04-02 10:46:04
20568,177,4.0,1996-04-02 10:46:04
20568,174,4.0,1996-04-02 10:46:04
20568,173,4.0,1996-04-02 10:46:04
20568,172,4.0,1996-04-02 10:46:04
20568,275,3.0,1996-04-02 10:46:04
20568,267,4.0,1996-04-02 10:46:04
20568,236,5.0,1996-04-02 10:46:04
20568,590,5.0,1996-04-02 10:46:04
20568,468,4.0,1996-04-02 10:46:04
20568,437,4.0,1996-04-02 10:46:04
20568,252,4.0,1996-04-02 10:46:04
20568,44,3.0,1996-04-02 10:46:04
20568,170,5.0,1996-04-02 10:46:04
20568,235,3.0,1996-04-02 10:46:04
20568,233,5.0,1996-04-02 10:46:04
20568,60,3.0,1996-04-02 10:46:04
20568,169,3.0,1996-04-02 10:46:04
20568,325,4.0,1996-04-02 10:46:04
20568,268,4.0,1996-04-02 10:46:04
20568,272,4.0,1996-04-02 10:46:04
20568,274,4.0,1996-04-02 10:46:04
20568,48,3.0,1996-04-02 10:46:05
20568,50,3.0,1996-04-02 10:46:05
20568,151,5.0,1996-04-02 10:46:05
20568,317,3.0,1996-04-02 10:46:05
20568,554,3.0,1996-04-02 10:46:05
20568,553,4.0,1996-04-02 10:46:05
20568,380,5.0,1996-04-02 10:46:05
20568,340,4.0,1996-04-02 10:46:05
20568,336,3.0,1996-04-02 10:46:05
20568,333,4.0,1996-04-02 10:46:05
20568,327,4.0,1996-04-02 10:46:05
20568,318,5.0,1996-04-02 10:46:05
20568,316,5.0,1996-04-02 10:46:05
20568,292,5.0,1996-04-02 10:46:05
20568,304,3.0,1996-04-02 10:46:05
20568,303,4.0,1996-04-02 10:46:05
20568,300,3.0,1996-04-02 10:46:05
20568,296,4.0,1996-04-02 10:46:05
20568,208,5.0,1996-04-02 10:46:05
20568,204,5.0,1996-04-02 10:46:05
20568,196,4.0,1996-04-02 10:46:05
20568,186,4.0,1996-04-02 10:46:05
20568,315,4.0,1996-04-02 10:46:05
20568,230,3.0,1996-04-02 10:52:22
20568,225,4.0,1996-04-02 10:52:22
20568,181,3.0,1996-04-02 10:52:22
20568,39,3.0,1996-04-02 10:52:22
20568,288,3.0,1996-04-02 10:52:22
20568,266,3.0,1996-04-02 10:52:22
20568,271,3.0,1996-04-02 10:52:22
20568,276,5.0,1996-04-02 10:52:22
20568,277,4.0,1996-04-02 10:52:22
20568,435,5.0,1996-04-02 10:52:22
20568,420,5.0,1996-04-02 10:52:22
20568,332,3.0,1996-04-02 10:52:23
20568,381,3.0,1996-04-02 10:52:23
20568,193,3.0,1996-04-02 10:52:23
20568,337,3.0,1996-04-02 10:52:23
20743,349,4.0,1996-04-02 11:20:00
20743,303,4.0,1996-04-02 11:20:00
20743,227,3.0,1996-04-02 11:20:00
20743,225,3.0,1996-04-02 11:20:00
20743,188,5.0,1996-04-02 11:20:00
20743,153,3.0,1996-04-02 11:20:00
20743,160,3.0,1996-04-02 11:20:00
20743,230,4.0,1996-04-02 11:20:00
20743,292,4.0,1996-04-02 11:20:00
20743,296,5.0,1996-04-02 11:20:00
20743,410,3.0,1996-04-02 11:20:00
20743,437,3.0,1996-04-02 11:20:00
20743,435,5.0,1996-04-02 11:20:00
20743,434,4.0,1996-04-02 11:20:00
20743,432,3.0,1996-04-02 11:20:00
20743,173,4.0,1996-04-02 11:20:00
20743,266,4.0,1996-04-02 11:20:00
20743,235,5.0,1996-04-02 11:20:00
20743,344,4.0,1996-04-02 11:20:00
20743,39,5.0,1996-04-02 11:20:00
20743,19,4.0,1996-04-02 11:20:00
20743,44,2.0,1996-04-02 11:20:00
20743,234,4.0,1996-04-02 11:20:00
20743,110,5.0,1996-04-02 11:20:00
20743,150,4.0,1996-04-02 11:20:00
20743,416,3.0,1996-04-02 11:20:00
20743,431,5.0,1996-04-02 11:20:00
20743,592,4.0,1996-04-02 11:20:00
20743,315,4.0,1996-04-02 11:20:01
20743,316,5.0,1996-04-02 11:20:01
20743,317,3.0,1996-04-02 11:20:01
20743,327,3.0,1996-04-02 11:20:01
20743,332,5.0,1996-04-02 11:20:01
20743,333,4.0,1996-04-02 11:20:01
20743,339,4.0,1996-04-02 11:20:01
20743,318,5.0,1996-04-02 11:20:01
20743,203,3.0,1996-04-02 11:20:01
20743,193,4.0,1996-04-02 11:20:01
20743,196,5.0,1996-04-02 11:20:01
20743,208,4.0,1996-04-02 11:20:01
20743,380,5.0,1996-04-02 11:20:01
20743,555,4.0,1996-04-02 11:20:01
20841,435,3.0,1996-04-02 11:22:43
20841,432,4.0,1996-04-02 11:22:43
20841,150,5.0,1996-04-02 11:22:43
20841,153,4.0,1996-04-02 11:22:43
20841,410,4.0,1996-04-02 11:22:43
20841,160,2.0,1996-04-02 11:22:43
20841,223,3.0,1996-04-02 11:22:43
20841,222,4.0,1996-04-02 11:22:43
20841,22,3.0,1996-04-02 11:22:43
20841,349,5.0,1996-04-02 11:22:43
20841,344,2.0,1996-04-02 11:22:43
20841,592,4.0,1996-04-02 11:22:43
20841,595,4.0,1996-04-02 11:22:43
20841,215,5.0,1996-04-02 11:22:43
20841,110,5.0,1996-04-02 11:22:43
20841,588,5.0,1996-04-02 11:22:43
20841,235,3.0,1996-04-02 11:22:44
20841,236,5.0,1996-04-02 11:22:44
20841,237,4.0,1996-04-02 11:22:44
20841,256,4.0,1996-04-02 11:22:44
20841,234,3.0,1996-04-02 11:22:44
20841,266,5.0,1996-04-02 11:22:44
20841,288,2.0,1996-04-02 11:22:44
20841,296,5.0,1996-04-02 11:22:44
20841,300,4.0,1996-04-02 11:22:44
20841,304,4.0,1996-04-02 11:22:44
20841,282,4.0,1996-04-02 11:22:44
20841,224,5.0,1996-04-02 11:22:44
20841,590,5.0,1996-04-02 11:22:44
20841,48,4.0,1996-04-02 11:22:44
20841,327,4.0,1996-04-02 11:22:44
20841,316,3.0,1996-04-02 11:22:44
20841,151,5.0,1996-04-02 11:22:44
20841,161,4.0,1996-04-02 11:22:44
20841,315,2.0,1996-04-02 11:22:44
20841,171,4.0,1996-04-02 11:22:44
20841,172,4.0,1996-04-02 11:22:44
20841,173,3.0,1996-04-02 11:22:44
20841,180,4.0,1996-04-02 11:22:44
20841,186,4.0,1996-04-02 11:22:44
20841,163,4.0,1996-04-02 11:22:44
20841,208,4.0,1996-04-02 11:22:45
20841,50,5.0,1996-04-02 11:22:45
20841,203,4.0,1996-04-02 11:22:45
20841,553,4.0,1996-04-02 11:22:45
20841,337,5.0,1996-04-02 11:22:45
20841,339,5.0,1996-04-02 11:22:45
20841,380,4.0,1996-04-02 11:22:45
20657,640,3.0,1996-04-02 12:08:36
20657,16,5.0,1996-04-02 12:08:36
20657,592,4.0,1996-04-02 12:18:25
20657,296,4.0,1996-04-02 12:18:25
20657,300,2.0,1996-04-02 12:18:25
20657,303,1.0,1996-04-02 12:18:25
20657,339,4.0,1996-04-02 12:18:25
20657,344,3.0,1996-04-02 12:18:25
20657,349,4.0,1996-04-02 12:18:25
20657,553,3.0,1996-04-02 12:18:25
20657,590,5.0,1996-04-02 12:18:25
20657,292,4.0,1996-04-02 12:18:25
20657,276,3.0,1996-04-02 12:18:25
20657,31,3.0,1996-04-02 12:18:25
20657,261,3.0,1996-04-02 12:18:25
20657,161,4.0,1996-04-02 12:18:25
20657,168,5.0,1996-04-02 12:18:25
20657,186,4.0,1996-04-02 12:18:25
20657,266,5.0,1996-04-02 12:18:25
20657,204,1.0,1996-04-02 12:18:25
20657,150,5.0,1996-04-02 12:18:25
20657,218,4.0,1996-04-02 12:18:25
20657,225,3.0,1996-04-02 12:18:25
20657,132,3.0,1996-04-02 12:18:25
20657,48,3.0,1996-04-02 12:18:25
20657,230,5.0,1996-04-02 12:18:25
20657,259,2.0,1996-04-02 12:18:25
20657,158,5.0,1996-04-02 12:18:25
20657,151,3.0,1996-04-02 12:18:25
21406,21,5.0,1996-04-02 12:45:43
21406,70,3.0,1996-04-02 12:45:43
21406,95,3.0,1996-04-02 12:45:43
21406,102,3.0,1996-04-02 12:45:43
21406,104,5.0,1996-04-02 12:45:43
21406,10,4.0,1996-04-02 12:45:43
21406,610,5.0,1996-04-02 12:45:43
21406,344,4.0,1996-04-02 12:59:13
21406,110,5.0,1996-04-02 12:59:14
21406,145,2.0,1996-04-02 12:59:14
21406,122,4.0,1996-04-02 12:59:14
21406,592,4.0,1996-04-02 12:59:14
21406,413,3.0,1996-04-02 12:59:14
21406,416,3.0,1996-04-02 12:59:14
21406,150,5.0,1996-04-02 12:59:14
21406,23,4.0,1996-04-02 12:59:14
21406,420,2.0,1996-04-02 12:59:14
21406,153,4.0,1996-04-02 12:59:14
21406,410,4.0,1996-04-02 12:59:14
21406,384,4.0,1996-04-02 12:59:14
21406,216,4.0,1996-04-02 12:59:14
21406,19,3.0,1996-04-02 12:59:14
21406,256,4.0,1996-04-02 12:59:15
21406,227,1.0,1996-04-02 12:59:15
21406,160,4.0,1996-04-02 12:59:15
21406,225,5.0,1996-04-02 12:59:15
21406,161,4.0,1996-04-02 12:59:15
21406,237,4.0,1996-04-02 12:59:15
21406,168,4.0,1996-04-02 12:59:15
21406,172,2.0,1996-04-02 12:59:15
21406,173,3.0,1996-04-02 12:59:15
21406,174,2.0,1996-04-02 12:59:15
21406,163,3.0,1996-04-02 12:59:15
21406,349,5.0,1996-04-02 12:59:15
21406,435,4.0,1996-04-02 12:59:15
21406,234,4.0,1996-04-02 12:59:15
21406,69,3.0,1996-04-02 12:59:15
21406,434,4.0,1996-04-02 12:59:15
21406,432,4.0,1996-04-02 12:59:15
21406,590,5.0,1996-04-02 12:59:15
21406,31,4.0,1996-04-02 12:59:15
21406,22,5.0,1996-04-02 12:59:15
21406,144,4.0,1996-04-02 12:59:15
21406,296,5.0,1996-04-02 12:59:16
21406,300,5.0,1996-04-02 12:59:16
21406,303,4.0,1996-04-02 12:59:16
21406,257,4.0,1996-04-02 12:59:16
21406,316,4.0,1996-04-02 12:59:16
21406,555,5.0,1996-04-02 12:59:16
21406,317,5.0,1996-04-02 12:59:16
21406,318,5.0,1996-04-02 12:59:16
21406,319,3.0,1996-04-02 12:59:16
21406,315,3.0,1996-04-02 12:59:16
21406,553,5.0,1996-04-02 12:59:16
21406,380,5.0,1996-04-02 12:59:16
21406,204,4.0,1996-04-02 12:59:16
21406,259,3.0,1996-04-02 12:59:16
21406,267,3.0,1996-04-02 12:59:16
21406,274,3.0,1996-04-02 12:59:16
21406,276,4.0,1996-04-02 12:59:16
21406,288,4.0,1996-04-02 12:59:16
21406,208,4.0,1996-04-02 12:59:16
21406,292,5.0,1996-04-02 12:59:16
21406,50,5.0,1996-04-02 12:59:16
21406,381,4.0,1996-04-02 12:59:16
21406,337,4.0,1996-04-02 12:59:16
21406,333,5.0,1996-04-02 12:59:16
21406,186,4.0,1996-04-02 12:59:16
21406,44,3.0,1996-04-02 12:59:16
21406,266,4.0,1996-04-02 12:59:16
12736,36,5.0,1996-04-02 12:59:30
12736,21,4.0,1996-04-02 12:59:30
21600,10,4.0,1996-04-02 13:05:05
21600,1,5.0,1996-04-02 13:05:06
21600,62,4.0,1996-04-02 13:05:06
21695,41,5.0,1996-04-02 13:09:00
21695,25,4.0,1996-04-02 13:09:00
21695,341,5.0,1996-04-02 13:09:00
21695,52,3.0,1996-04-02 13:09:00
21695,21,4.0,1996-04-02 13:09:00
21695,608,5.0,1996-04-02 13:09:00
21695,111,5.0,1996-04-02 13:09:00
21695,4,3.0,1996-04-02 13:09:00
21695,101,4.0,1996-04-02 13:09:00
21695,94,3.0,1996-04-02 13:09:00
21803,21,5.0,1996-04-02 13:09:16
21803,141,5.0,1996-04-02 13:09:16
21803,94,4.0,1996-04-02 13:09:16
21803,10,4.0,1996-04-02 13:09:16
21600,224,5.0,1996-04-02 13:11:54
21600,592,3.0,1996-04-02 13:11:54
21600,261,3.0,1996-04-02 13:11:54
21600,266,1.0,1996-04-02 13:11:54
21600,272,5.0,1996-04-02 13:11:54
21600,590,4.0,1996-04-02 13:11:54
21600,223,5.0,1996-04-02 13:11:54
21600,588,4.0,1996-04-02 13:11:54
21600,417,5.0,1996-04-02 13:11:54
21600,218,4.0,1996-04-02 13:11:54
21600,163,4.0,1996-04-02 13:11:54
21600,296,5.0,1996-04-02 13:11:54
21600,158,4.0,1996-04-02 13:11:54
21600,150,4.0,1996-04-02 13:11:54
21600,144,4.0,1996-04-02 13:11:54
21600,553,3.0,1996-04-02 13:11:54
21600,555,3.0,1996-04-02 13:11:54
21600,222,4.0,1996-04-02 13:11:54
21600,198,3.0,1996-04-02 13:11:54
21600,468,4.0,1996-04-02 13:11:54
21600,349,3.0,1996-04-02 13:11:54
21600,344,3.0,1996-04-02 13:11:54
21600,31,4.0,1996-04-02 13:11:54
21600,318,4.0,1996-04-02 13:11:54
21600,34,5.0,1996-04-02 13:11:54
21600,57,4.0,1996-04-02 13:11:54
21600,337,4.0,1996-04-02 13:11:55
21803,592,5.0,1996-04-02 13:17:33
21803,432,3.0,1996-04-02 13:17:33
21803,150,5.0,1996-04-02 13:17:33
21803,153,4.0,1996-04-02 13:17:33
21803,349,5.0,1996-04-02 13:17:33
21803,110,4.0,1996-04-02 13:17:33
21803,50,5.0,1996-04-02 13:17:34
21803,230,5.0,1996-04-02 13:17:34
21803,252,5.0,1996-04-02 13:17:34
21803,288,3.0,1996-04-02 13:17:34
21803,296,5.0,1996-04-02 13:17:34
21803,300,5.0,1996-04-02 13:17:34
21803,316,5.0,1996-04-02 13:17:34
21803,318,5.0,1996-04-02 13:17:34
21803,380,5.0,1996-04-02 13:17:34
21803,317,4.0,1996-04-02 13:17:34
21901,5,4.0,1996-04-02 13:18:25
21901,17,5.0,1996-04-02 13:18:26
21901,2,4.0,1996-04-02 13:18:26
21901,1,5.0,1996-04-02 13:18:26
21695,431,5.0,1996-04-02 13:19:27
21695,144,4.0,1996-04-02 13:19:27
21695,149,4.0,1996-04-02 13:19:27
21695,153,3.0,1996-04-02 13:19:27
21695,155,4.0,1996-04-02 13:19:27
21695,595,5.0,1996-04-02 13:19:27
21695,592,4.0,1996-04-02 13:19:27
21695,590,5.0,1996-04-02 13:19:27
21695,588,5.0,1996-04-02 13:19:27
21695,432,4.0,1996-04-02 13:19:27
21695,39,5.0,1996-04-02 13:19:27
21695,417,4.0,1996-04-02 13:19:27
21695,410,4.0,1996-04-02 13:19:27
21695,170,3.0,1996-04-02 13:19:27
21695,349,4.0,1996-04-02 13:19:27
21695,215,3.0,1996-04-02 13:19:27
21695,218,3.0,1996-04-02 13:19:27
21695,223,4.0,1996-04-02 13:19:27
21695,229,4.0,1996-04-02 13:19:27
21695,233,4.0,1996-04-02 13:19:27
21695,237,4.0,1996-04-02 13:19:27
21695,421,4.0,1996-04-02 13:19:27
21695,198,5.0,1996-04-02 13:19:28
21695,28,5.0,1996-04-02 13:19:28
21695,261,4.0,1996-04-02 13:19:28
21695,555,4.0,1996-04-02 13:19:28
21695,342,4.0,1996-04-02 13:19:28
21695,314,4.0,1996-04-02 13:19:28
21695,299,5.0,1996-04-02 13:19:28
21695,296,5.0,1996-04-02 13:19:28
21695,288,4.0,1996-04-02 13:19:28
21695,380,2.0,1996-04-02 13:19:28
21695,278,4.0,1996-04-02 13:19:28
21695,281,4.0,1996-04-02 13:19:28
21695,277,4.0,1996-04-02 13:19:28
21695,272,5.0,1996-04-02 13:19:28
21695,268,4.0,1996-04-02 13:19:28
21695,249,4.0,1996-04-02 13:19:28
21901,150,5.0,1996-04-02 13:27:13
21901,272,5.0,1996-04-02 13:27:13
21901,468,5.0,1996-04-02 13:27:13
21901,592,4.0,1996-04-02 13:27:13
21901,333,1.0,1996-04-02 13:27:13
21901,44,4.0,1996-04-02 13:27:13
21901,48,4.0,1996-04-02 13:27:13
21901,249,5.0,1996-04-02 13:27:13
21901,235,5.0,1996-04-02 13:27:13
21901,186,1.0,1996-04-02 13:27:13
21901,110,5.0,1996-04-02 13:27:13
21901,173,1.0,1996-04-02 13:27:13
21901,153,3.0,1996-04-02 13:27:13
21901,261,5.0,1996-04-02 13:27:13
21901,595,5.0,1996-04-02 13:27:13
22183,141,4.0,1996-04-02 13:50:13
22183,95,5.0,1996-04-02 13:50:13
22183,1,5.0,1996-04-02 13:50:13
22183,150,5.0,1996-04-02 14:01:04
22183,160,5.0,1996-04-02 14:01:04
22183,158,4.0,1996-04-02 14:01:04
22183,153,5.0,1996-04-02 14:01:04
22183,432,5.0,1996-04-02 14:01:04
22183,420,5.0,1996-04-02 14:01:04
22183,416,5.0,1996-04-02 14:01:04
22183,410,4.0,1996-04-02 14:01:04
22183,437,4.0,1996-04-02 14:01:04
22183,344,4.0,1996-04-02 14:01:04
22183,343,3.0,1996-04-02 14:01:04
22183,588,5.0,1996-04-02 14:01:04
22183,147,4.0,1996-04-02 14:01:04
22183,434,5.0,1996-04-02 14:01:04
22183,592,4.0,1996-04-02 14:01:04
22183,145,5.0,1996-04-02 14:01:04
22183,19,4.0,1996-04-02 14:01:04
22183,23,3.0,1996-04-02 14:01:04
22183,34,5.0,1996-04-02 14:01:04
22183,39,2.0,1996-04-02 14:01:04
22183,595,4.0,1996-04-02 14:01:04
22183,54,5.0,1996-04-02 14:01:04
22183,435,4.0,1996-04-02 14:01:04
22183,216,5.0,1996-04-02 14:01:04
22183,163,3.0,1996-04-02 14:01:05
22183,168,4.0,1996-04-02 14:01:05
22183,169,3.0,1996-04-02 14:01:05
22183,173,5.0,1996-04-02 14:01:05
22183,172,4.0,1996-04-02 14:01:05
22183,161,5.0,1996-04-02 14:01:05
22183,174,3.0,1996-04-02 14:01:05
22183,243,3.0,1996-04-02 14:01:05
22183,181,4.0,1996-04-02 14:01:05
22183,185,5.0,1996-04-02 14:01:05
22183,186,3.0,1996-04-02 14:01:05
22183,252,3.0,1996-04-02 14:01:05
22183,230,5.0,1996-04-02 14:01:05
22183,224,5.0,1996-04-02 14:01:05
22183,590,4.0,1996-04-02 14:01:05
22183,257,5.0,1996-04-02 14:01:05
22183,22,5.0,1996-04-02 14:01:05
22183,44,5.0,1996-04-02 14:01:05
22183,48,3.0,1996-04-02 14:01:05
22183,60,4.0,1996-04-02 14:01:05
22183,256,5.0,1996-04-02 14:01:05
22183,225,4.0,1996-04-02 14:01:05
22183,227,5.0,1996-04-02 14:01:05
22183,276,4.0,1996-04-02 14:01:05
22183,277,3.0,1996-04-02 14:01:05
22183,296,5.0,1996-04-02 14:01:05
22183,288,3.0,1996-04-02 14:01:05
22183,303,5.0,1996-04-02 14:01:05
22183,300,5.0,1996-04-02 14:01:06
22183,317,5.0,1996-04-02 14:01:06
22183,318,4.0,1996-04-02 14:01:06
22183,327,4.0,1996-04-02 14:01:06
22183,338,4.0,1996-04-02 14:01:06
22183,380,5.0,1996-04-02 14:01:06
22183,553,5.0,1996-04-02 14:01:06
22183,316,5.0,1996-04-02 14:01:06
22183,333,4.0,1996-04-02 14:01:06
22183,315,5.0,1996-04-02 14:01:06
22183,204,5.0,1996-04-02 14:01:06
22183,193,5.0,1996-04-02 14:01:06
22183,50,5.0,1996-04-02 14:01:06
22183,208,5.0,1996-04-02 14:01:07
22279,104,4.0,1996-04-02 14:03:35
22279,10,4.0,1996-04-02 14:03:35
22643,2,2.0,1996-04-02 14:48:50
22643,48,4.0,1996-04-02 14:54:29
22643,225,4.0,1996-04-02 14:54:29
22643,434,2.0,1996-04-02 14:54:29
22643,590,4.0,1996-04-02 14:54:29
22643,288,5.0,1996-04-02 14:54:29
22643,420,4.0,1996-04-02 14:54:29
22643,592,4.0,1996-04-02 14:54:29
22643,296,5.0,1996-04-02 14:54:29
22643,337,5.0,1996-04-02 14:54:30
22643,555,5.0,1996-04-02 14:54:30
22643,380,4.0,1996-04-02 14:54:30
22279,11,4.0,1996-04-02 15:36:22
22279,111,3.0,1996-04-02 15:36:22
22279,141,5.0,1996-04-02 15:36:22
22279,610,3.0,1996-04-02 15:36:22
22911,256,5.0,1996-04-02 15:37:19
22911,296,2.0,1996-04-02 15:37:19
22911,300,4.0,1996-04-02 15:37:19
22911,592,1.0,1996-04-02 15:37:19
22911,22,5.0,1996-04-02 15:37:19
22911,150,4.0,1996-04-02 15:37:19
22911,218,4.0,1996-04-02 15:37:19
22911,252,5.0,1996-04-02 15:37:19
22911,590,5.0,1996-04-02 15:37:19
22911,39,5.0,1996-04-02 15:37:19
22911,349,4.0,1996-04-02 15:37:19
22911,278,3.0,1996-04-02 15:37:19
22911,315,4.0,1996-04-02 15:37:19
22911,289,3.0,1996-04-02 15:37:19
22911,317,5.0,1996-04-02 15:37:19
22911,380,5.0,1996-04-02 15:37:20
22911,381,5.0,1996-04-02 15:37:20
22911,339,5.0,1996-04-02 15:37:20
22911,333,4.0,1996-04-02 15:37:20
22911,208,3.0,1996-04-02 15:37:20
22911,340,4.0,1996-04-02 15:37:20
22911,186,5.0,1996-04-02 15:40:39
23092,318,4.0,1996-04-02 15:52:30
23092,319,5.0,1996-04-02 15:52:30
23092,300,5.0,1996-04-02 15:52:30
23092,296,4.0,1996-04-02 15:52:30
23092,339,5.0,1996-04-02 15:52:30
23092,342,5.0,1996-04-02 15:52:30
23092,347,4.0,1996-04-02 15:52:30
23092,303,4.0,1996-04-02 15:52:30
23092,292,5.0,1996-04-02 15:52:30
23092,252,4.0,1996-04-02 15:52:30
23092,236,5.0,1996-04-02 15:52:30
23092,225,5.0,1996-04-02 15:52:30
23092,215,4.0,1996-04-02 15:52:30
23092,175,4.0,1996-04-02 15:52:30
23092,155,4.0,1996-04-02 15:52:30
23092,153,5.0,1996-04-02 15:52:30
23092,150,5.0,1996-04-02 15:52:30
23092,44,5.0,1996-04-02 15:52:30
23092,39,4.0,1996-04-02 15:52:30
23092,34,5.0,1996-04-02 15:52:30
23092,22,4.0,1996-04-02 15:52:30
22279,249,4.0,1996-04-02 15:53:30
22279,172,5.0,1996-04-02 15:53:30
22279,161,4.0,1996-04-02 15:53:30
22279,160,4.0,1996-04-02 15:53:30
22279,153,4.0,1996-04-02 15:53:30
22279,39,4.0,1996-04-02 15:53:30
22279,225,3.0,1996-04-02 15:53:30
22279,236,4.0,1996-04-02 15:53:30
22279,237,4.0,1996-04-02 15:53:30
22279,254,5.0,1996-04-02 15:53:30
22279,595,5.0,1996-04-02 15:53:30
22279,223,5.0,1996-04-02 15:53:30
22279,590,3.0,1996-04-02 15:53:30
22279,592,4.0,1996-04-02 15:53:30
22279,349,4.0,1996-04-02 15:53:30
22279,222,5.0,1996-04-02 15:53:30
22279,434,4.0,1996-04-02 15:53:30
22279,553,4.0,1996-04-02 15:53:31
22279,380,5.0,1996-04-02 15:53:31
22279,316,4.0,1996-04-02 15:53:31
22279,208,4.0,1996-04-02 15:53:31
23092,380,5.0,1996-04-02 15:54:24
23092,266,4.0,1996-04-02 15:54:24
23092,185,4.0,1996-04-02 15:54:24
23092,50,5.0,1996-04-02 15:54:24
23092,592,5.0,1996-04-02 15:55:39
36202,595,4.0,1996-04-02 16:27:59
36202,150,5.0,1996-04-02 16:27:59
36202,222,4.0,1996-04-02 16:27:59
36202,218,4.0,1996-04-02 16:27:59
36202,215,5.0,1996-04-02 16:27:59
23177,351,2.0,1996-04-02 16:29:37
23177,420,5.0,1996-04-02 16:29:37
23177,434,5.0,1996-04-02 16:29:37
23177,590,5.0,1996-04-02 16:29:37
23177,132,4.0,1996-04-02 16:29:37
23177,60,1.0,1996-04-02 16:29:37
23177,344,3.0,1996-04-02 16:29:37
23177,54,2.0,1996-04-02 16:29:37
23177,44,3.0,1996-04-02 16:29:37
23177,19,3.0,1996-04-02 16:29:37
23177,69,4.0,1996-04-02 16:29:37
23177,277,5.0,1996-04-02 16:29:37
23177,219,5.0,1996-04-02 16:29:37
23177,160,4.0,1996-04-02 16:29:37
23177,158,4.0,1996-04-02 16:29:37
23177,150,4.0,1996-04-02 16:29:37
23177,146,4.0,1996-04-02 16:29:37
23177,275,4.0,1996-04-02 16:29:37
23177,241,5.0,1996-04-02 16:29:37
23177,145,4.0,1996-04-02 16:29:37
23177,169,5.0,1996-04-02 16:29:37
23177,234,5.0,1996-04-02 16:29:37
23177,230,4.0,1996-04-02 16:29:37
23177,225,5.0,1996-04-02 16:29:37
23177,276,4.0,1996-04-02 16:29:37
23177,173,1.0,1996-04-02 16:29:37
23177,185,5.0,1996-04-02 16:29:37
23177,292,4.0,1996-04-02 16:29:38
23177,381,5.0,1996-04-02 16:29:38
23177,380,5.0,1996-04-02 16:29:38
23177,339,5.0,1996-04-02 16:29:38
23177,315,5.0,1996-04-02 16:29:38
23177,296,1.0,1996-04-02 16:29:38
23177,204,4.0,1996-04-02 16:29:38
23177,317,5.0,1996-04-02 16:29:38
22279,432,3.0,1996-04-02 16:30:30
22279,215,5.0,1996-04-02 16:30:30
23376,39,2.0,1996-04-02 16:54:34
23376,150,5.0,1996-04-02 16:54:34
23376,31,4.0,1996-04-02 16:54:34
23376,349,4.0,1996-04-02 16:54:34
23376,351,3.0,1996-04-02 16:54:34
23376,22,4.0,1996-04-02 16:54:34
23376,153,3.0,1996-04-02 16:54:34
23376,432,3.0,1996-04-02 16:54:34
23376,434,4.0,1996-04-02 16:54:34
23376,236,4.0,1996-04-02 16:54:34
23376,590,5.0,1996-04-02 16:54:34
23376,592,3.0,1996-04-02 16:54:34
23376,595,5.0,1996-04-02 16:54:34
23376,237,3.0,1996-04-02 16:54:34
23376,169,4.0,1996-04-02 16:54:34
23376,163,3.0,1996-04-02 16:54:34
23376,71,3.0,1996-04-02 16:54:34
23376,161,4.0,1996-04-02 16:54:34
23376,110,1.0,1996-04-02 16:54:34
23376,158,3.0,1996-04-02 16:54:34
23376,227,3.0,1996-04-02 16:54:34
23376,218,3.0,1996-04-02 16:54:34
23376,186,3.0,1996-04-02 16:54:35
23376,204,4.0,1996-04-02 16:54:35
23376,203,1.0,1996-04-02 16:54:35
23376,185,4.0,1996-04-02 16:54:35
23376,173,2.0,1996-04-02 16:54:35
23376,60,4.0,1996-04-02 16:54:35
23376,208,4.0,1996-04-02 16:54:35
23376,252,3.0,1996-04-02 16:54:35
23376,172,2.0,1996-04-02 16:54:35
23376,339,4.0,1996-04-02 16:54:35
23376,688,3.0,1996-04-02 16:54:35
23376,553,4.0,1996-04-02 16:54:35
23376,381,4.0,1996-04-02 16:54:35
23376,380,3.0,1996-04-02 16:54:35
23376,338,3.0,1996-04-02 16:54:35
23376,317,5.0,1996-04-02 16:54:35
23376,315,3.0,1996-04-02 16:54:35
23376,318,4.0,1996-04-02 16:54:35
23376,292,4.0,1996-04-02 16:54:35
23376,282,5.0,1996-04-02 16:54:35
23376,276,4.0,1996-04-02 16:54:35
23376,257,4.0,1996-04-02 16:54:35
23376,256,4.0,1996-04-02 16:54:35
23376,296,1.0,1996-04-02 16:54:35
23456,10,4.0,1996-04-02 17:24:44
23456,52,4.0,1996-04-02 17:24:44
23456,1,5.0,1996-04-02 17:24:44
23456,17,5.0,1996-04-02 17:24:44
23456,150,4.0,1996-04-02 17:30:15
23456,222,4.0,1996-04-02 17:30:15
23456,592,3.0,1996-04-02 17:30:15
23456,236,5.0,1996-04-02 17:30:15
23456,595,4.0,1996-04-02 17:30:15
23456,417,4.0,1996-04-02 17:30:15
23456,34,4.0,1996-04-02 17:30:15
23456,314,5.0,1996-04-02 17:30:16
23456,249,5.0,1996-04-02 17:30:16
23456,50,4.0,1996-04-02 17:30:16
23456,380,4.0,1996-04-02 17:30:16
23456,555,4.0,1996-04-02 17:30:16
16445,159,4.0,1996-04-02 18:43:45
16445,150,4.0,1996-04-02 18:43:45
16445,592,4.0,1996-04-02 18:43:45
16445,153,4.0,1996-04-02 18:43:45
16445,222,5.0,1996-04-02 18:43:45
16445,144,5.0,1996-04-02 18:43:45
16445,110,4.0,1996-04-02 18:43:45
16445,318,5.0,1996-04-02 18:43:46
16445,272,4.0,1996-04-02 18:43:46
16445,50,4.0,1996-04-02 18:43:46
16445,288,3.0,1996-04-02 18:43:46
16445,296,4.0,1996-04-02 18:43:46
16445,230,4.0,1996-04-02 18:43:46
16445,590,4.0,1996-04-02 18:43:46
16445,555,4.0,1996-04-02 18:43:46
16445,314,5.0,1996-04-02 18:43:46
16445,198,4.0,1996-04-02 18:43:46
16445,161,4.0,1996-04-02 18:43:46
24040,21,4.0,1996-04-02 18:44:22
24040,11,5.0,1996-04-02 18:44:22
24040,62,5.0,1996-04-02 18:44:22
24040,95,5.0,1996-04-02 18:44:22
23845,223,5.0,1996-04-02 18:45:41
23845,218,4.0,1996-04-02 18:45:41
23845,160,1.0,1996-04-02 18:45:41
23845,150,4.0,1996-04-02 18:45:41
23845,144,5.0,1996-04-02 18:45:41
23845,39,5.0,1996-04-02 18:45:41
23845,222,4.0,1996-04-02 18:45:41
23845,417,4.0,1996-04-02 18:45:41
23845,431,4.0,1996-04-02 18:45:41
23845,352,5.0,1996-04-02 18:45:41
23845,349,4.0,1996-04-02 18:45:41
23845,590,4.0,1996-04-02 18:45:41
23845,300,4.0,1996-04-02 18:45:42
23845,225,3.0,1996-04-02 18:45:42
23845,342,5.0,1996-04-02 18:45:42
23845,193,3.0,1996-04-02 18:45:42
23845,180,4.0,1996-04-02 18:45:42
23845,163,3.0,1996-04-02 18:45:42
23845,168,4.0,1996-04-02 18:45:42
23845,237,4.0,1996-04-02 18:45:42
23845,50,5.0,1996-04-02 18:45:42
23845,381,4.0,1996-04-02 18:45:42
23845,28,5.0,1996-04-02 18:45:42
23845,179,3.0,1996-04-02 18:45:42
23845,252,5.0,1996-04-02 18:45:42
23845,261,5.0,1996-04-02 18:45:42
23845,289,5.0,1996-04-02 18:45:42
23845,296,5.0,1996-04-02 18:45:42
23845,331,4.0,1996-04-02 18:45:42
16445,224,4.0,1996-04-02 18:48:40
16445,352,4.0,1996-04-02 18:48:40
16445,381,4.0,1996-04-02 18:48:40
16445,316,4.0,1996-04-02 18:48:40
16445,468,4.0,1996-04-02 18:48:40
23942,349,5.0,1996-04-02 18:50:37
23942,384,4.0,1996-04-02 18:50:37
23942,159,4.0,1996-04-02 18:50:37
23942,417,4.0,1996-04-02 18:50:37
23942,218,3.0,1996-04-02 18:50:37
23942,222,5.0,1996-04-02 18:50:37
23942,223,5.0,1996-04-02 18:50:37
23942,224,5.0,1996-04-02 18:50:37
23942,266,4.0,1996-04-02 18:50:37
23942,256,3.0,1996-04-02 18:50:37
23942,259,5.0,1996-04-02 18:50:37
23942,261,5.0,1996-04-02 18:50:37
23942,235,5.0,1996-04-02 18:50:37
23942,468,4.0,1996-04-02 18:50:37
23942,215,4.0,1996-04-02 18:50:37
23942,590,5.0,1996-04-02 18:50:37
23942,592,4.0,1996-04-02 18:50:37
23942,39,5.0,1996-04-02 18:50:37
23942,595,5.0,1996-04-02 18:50:37
23942,110,4.0,1996-04-02 18:50:37
23942,150,5.0,1996-04-02 18:50:37
23942,161,5.0,1996-04-02 18:50:37
23942,172,2.0,1996-04-02 18:50:37
23942,177,2.0,1996-04-02 18:50:37
23942,588,5.0,1996-04-02 18:50:37
23942,28,4.0,1996-04-02 18:50:38
23942,48,4.0,1996-04-02 18:50:38
23942,50,5.0,1996-04-02 18:50:38
23942,151,4.0,1996-04-02 18:50:38
23942,186,4.0,1996-04-02 18:50:38
23942,196,3.0,1996-04-02 18:50:38
23942,292,4.0,1996-04-02 18:50:38
23942,296,5.0,1996-04-02 18:50:38
23942,300,5.0,1996-04-02 18:50:38
23942,314,5.0,1996-04-02 18:50:38
23942,316,4.0,1996-04-02 18:50:38
23942,272,4.0,1996-04-02 18:50:38
23942,318,4.0,1996-04-02 18:50:38
23942,319,5.0,1996-04-02 18:50:38
23942,380,4.0,1996-04-02 18:50:38
23942,208,1.0,1996-04-02 18:50:39
23942,381,4.0,1996-04-02 18:50:39
23942,337,5.0,1996-04-02 18:50:39
23942,317,4.0,1996-04-02 18:56:54
24040,227,4.0,1996-04-02 19:05:33
24040,257,4.0,1996-04-02 19:05:33
24040,60,3.0,1996-04-02 19:05:33
24040,153,4.0,1996-04-02 19:05:33
24040,177,4.0,1996-04-02 19:05:33
24040,145,5.0,1996-04-02 19:05:33
24040,344,4.0,1996-04-02 19:05:33
24040,349,5.0,1996-04-02 19:05:33
24040,186,4.0,1996-04-02 19:05:33
24040,218,5.0,1996-04-02 19:05:33
24040,150,5.0,1996-04-02 19:05:33
24040,413,4.0,1996-04-02 19:05:33
24040,434,4.0,1996-04-02 19:05:33
24040,225,4.0,1996-04-02 19:05:33
24040,590,4.0,1996-04-02 19:05:33
24040,592,4.0,1996-04-02 19:05:33
24040,595,3.0,1996-04-02 19:05:33
24040,296,4.0,1996-04-02 19:05:33
24040,267,2.0,1996-04-02 19:05:33
24040,266,3.0,1996-04-02 19:05:33
24040,252,4.0,1996-04-02 19:05:33
24040,249,5.0,1996-04-02 19:05:33
24040,161,4.0,1996-04-02 19:05:33
24040,208,4.0,1996-04-02 19:05:34
24040,380,5.0,1996-04-02 19:05:34
24040,339,4.0,1996-04-02 19:05:34
24040,151,5.0,1996-04-02 19:05:34
24040,204,4.0,1996-04-02 19:05:34
24040,553,4.0,1996-04-02 19:05:34
24040,203,4.0,1996-04-02 19:05:34
23942,17,5.0,1996-04-02 19:06:07
23942,10,4.0,1996-04-02 19:06:07
23942,16,4.0,1996-04-02 19:06:07
23942,21,4.0,1996-04-02 19:06:07
23942,101,5.0,1996-04-02 19:06:07
23942,111,5.0,1996-04-02 19:06:07
23942,1,5.0,1996-04-02 19:06:07
23942,41,5.0,1996-04-02 19:06:07
24223,10,3.0,1996-04-02 19:29:36
24223,17,5.0,1996-04-02 19:29:37
24223,62,5.0,1996-04-02 19:29:37
24223,4,3.0,1996-04-02 19:29:37
24223,282,4.0,1996-04-02 19:35:27
24223,31,5.0,1996-04-02 19:35:27
24223,50,4.0,1996-04-02 19:35:27
24223,150,4.0,1996-04-02 19:35:27
24223,203,4.0,1996-04-02 19:35:27
24223,218,4.0,1996-04-02 19:35:27
24223,224,5.0,1996-04-02 19:35:27
24223,233,4.0,1996-04-02 19:35:27
24223,236,4.0,1996-04-02 19:35:27
24223,279,4.0,1996-04-02 19:35:27
24223,266,2.0,1996-04-02 19:35:27
24223,261,5.0,1996-04-02 19:35:27
24223,318,5.0,1996-04-02 19:35:27
24223,417,2.0,1996-04-02 19:35:27
24223,590,5.0,1996-04-02 19:35:27
24223,339,5.0,1996-04-02 19:35:27
24223,337,4.0,1996-04-02 19:35:27
24424,1,5.0,1996-04-02 20:47:41
24424,6,5.0,1996-04-02 20:47:41
24424,36,5.0,1996-04-02 20:47:41
24424,141,5.0,1996-04-02 20:47:41
24424,10,4.0,1996-04-02 20:47:41
24424,95,5.0,1996-04-02 20:47:41
24424,11,5.0,1996-04-02 20:47:41
24424,21,5.0,1996-04-02 20:47:41
24424,15,2.0,1996-04-02 20:47:41
24424,223,5.0,1996-04-02 20:55:36
24424,23,5.0,1996-04-02 20:55:36
24424,590,4.0,1996-04-02 20:55:36
24424,222,3.0,1996-04-02 20:55:36
24424,434,4.0,1996-04-02 20:55:36
24424,39,4.0,1996-04-02 20:55:36
24424,592,5.0,1996-04-02 20:55:36
24424,431,4.0,1996-04-02 20:55:36
24424,595,4.0,1996-04-02 20:55:36
24424,110,5.0,1996-04-02 20:55:36
24424,161,5.0,1996-04-02 20:55:36
24424,158,3.0,1996-04-02 20:55:36
24424,153,4.0,1996-04-02 20:55:36
24424,150,5.0,1996-04-02 20:55:36
24424,344,4.0,1996-04-02 20:55:36
24424,163,4.0,1996-04-02 20:55:36
24424,224,4.0,1996-04-02 20:55:37
24424,48,4.0,1996-04-02 20:55:37
24424,50,5.0,1996-04-02 20:55:37
24424,193,5.0,1996-04-02 20:55:37
24424,151,4.0,1996-04-02 20:55:37
24424,196,4.0,1996-04-02 20:55:37
24424,204,4.0,1996-04-02 20:55:37
24424,173,4.0,1996-04-02 20:55:37
24424,44,4.0,1996-04-02 20:55:37
24424,186,4.0,1996-04-02 20:55:37
24424,380,4.0,1996-04-02 20:55:37
24424,318,5.0,1996-04-02 20:55:37
24424,316,4.0,1996-04-02 20:55:37
24424,300,5.0,1996-04-02 20:55:37
24424,296,5.0,1996-04-02 20:55:37
24424,292,4.0,1996-04-02 20:55:37
24424,272,4.0,1996-04-02 20:55:37
24424,236,4.0,1996-04-02 20:55:37
24424,339,4.0,1996-04-02 20:55:37
24819,21,5.0,1996-04-02 22:12:03
24819,1,5.0,1996-04-02 22:12:03
24819,10,4.0,1996-04-02 22:12:03
24725,110,5.0,1996-04-02 22:12:27
24725,28,5.0,1996-04-02 22:12:27
24725,222,4.0,1996-04-02 22:12:27
24725,337,4.0,1996-04-02 22:12:27
24725,339,3.0,1996-04-02 22:12:27
24725,417,4.0,1996-04-02 22:12:27
24725,592,3.0,1996-04-02 22:12:27
24725,208,4.0,1996-04-02 22:12:27
24725,595,5.0,1996-04-02 22:12:27
24725,145,4.0,1996-04-02 22:12:27
24725,150,4.0,1996-04-02 22:12:27
24725,161,4.0,1996-04-02 22:12:27
24725,296,4.0,1996-04-02 22:12:27
24725,261,5.0,1996-04-02 22:12:27
24725,432,3.0,1996-04-02 22:17:04
24725,153,3.0,1996-04-02 22:17:04
24725,60,1.0,1996-04-02 22:17:04
24922,105,4.0,1996-04-02 22:17:35
24922,1,5.0,1996-04-02 22:17:35
24922,21,5.0,1996-04-02 22:17:35
24725,431,4.0,1996-04-02 22:21:33
24725,590,4.0,1996-04-02 22:21:33
24725,318,5.0,1996-04-02 22:21:33
24922,34,5.0,1996-04-02 22:28:04
24922,31,4.0,1996-04-02 22:28:04
24922,595,5.0,1996-04-02 22:28:04
24922,592,3.0,1996-04-02 22:28:04
24922,590,4.0,1996-04-02 22:28:04
24922,588,5.0,1996-04-02 22:28:04
24922,435,4.0,1996-04-02 22:28:04
24922,434,4.0,1996-04-02 22:28:04
24922,420,3.0,1996-04-02 22:28:04
24922,410,5.0,1996-04-02 22:28:04
24922,349,5.0,1996-04-02 22:28:04
24922,344,4.0,1996-04-02 22:28:04
24922,19,4.0,1996-04-02 22:28:04
24922,236,4.0,1996-04-02 22:28:04
24922,153,4.0,1996-04-02 22:28:04
24922,225,4.0,1996-04-02 22:28:04
24922,39,5.0,1996-04-02 22:28:04
24922,110,5.0,1996-04-02 22:28:04
24922,160,3.0,1996-04-02 22:28:04
24922,227,5.0,1996-04-02 22:28:04
24922,688,3.0,1996-04-02 22:28:05
24922,151,5.0,1996-04-02 22:28:05
24922,172,3.0,1996-04-02 22:28:05
24922,173,2.0,1996-04-02 22:28:05
24922,185,4.0,1996-04-02 22:28:05
24922,380,5.0,1996-04-02 22:28:05
24922,204,4.0,1996-04-02 22:28:05
24922,327,5.0,1996-04-02 22:28:05
24922,316,4.0,1996-04-02 22:28:05
24922,296,2.0,1996-04-02 22:28:05
24922,208,3.0,1996-04-02 22:28:05
24922,256,5.0,1996-04-02 22:28:05
24922,252,3.0,1996-04-02 22:28:05
24922,196,2.0,1996-04-02 22:28:05
24922,261,5.0,1996-04-02 22:28:05
24819,110,5.0,1996-04-02 22:37:14
24819,592,5.0,1996-04-02 22:37:14
24819,344,5.0,1996-04-02 22:37:14
24819,153,5.0,1996-04-02 22:37:14
24819,588,5.0,1996-04-02 22:37:14
24819,34,5.0,1996-04-02 22:37:14
24819,19,5.0,1996-04-02 22:37:14
24819,595,5.0,1996-04-02 22:37:14
24819,410,4.0,1996-04-02 22:37:14
24819,420,4.0,1996-04-02 22:37:14
24819,590,5.0,1996-04-02 22:37:15
24819,351,4.0,1996-04-02 22:37:15
24819,227,5.0,1996-04-02 22:37:15
24819,225,5.0,1996-04-02 22:37:15
24819,434,5.0,1996-04-02 22:37:15
24819,185,5.0,1996-04-02 22:37:15
24819,44,5.0,1996-04-02 22:37:15
24819,173,5.0,1996-04-02 22:37:15
24819,161,5.0,1996-04-02 22:37:15
24819,160,5.0,1996-04-02 22:37:15
24819,158,5.0,1996-04-02 22:37:15
24819,553,3.0,1996-04-02 22:37:16
24819,324,4.0,1996-04-02 22:37:16
24819,380,5.0,1996-04-02 22:37:16
24819,316,5.0,1996-04-02 22:37:16
24819,292,5.0,1996-04-02 22:37:16
24819,204,5.0,1996-04-02 22:37:16
24819,196,5.0,1996-04-02 22:37:16
24819,193,2.0,1996-04-02 22:37:16
24819,151,5.0,1996-04-02 22:37:16
24819,317,5.0,1996-04-02 22:37:16
25105,23,5.0,1996-04-02 23:24:47
25105,22,3.0,1996-04-02 23:24:47
25105,19,2.0,1996-04-02 23:24:47
25105,34,5.0,1996-04-02 23:24:47
25105,590,5.0,1996-04-02 23:24:47
25105,153,3.0,1996-04-02 23:24:47
25105,700,5.0,1996-04-02 23:24:47
25105,588,4.0,1996-04-02 23:24:47
25105,145,4.0,1996-04-02 23:24:47
25105,434,5.0,1996-04-02 23:24:47
25105,150,5.0,1996-04-02 23:24:47
25105,110,5.0,1996-04-02 23:24:47
25105,431,5.0,1996-04-02 23:24:47
25105,349,5.0,1996-04-02 23:24:47
25105,39,4.0,1996-04-02 23:24:47
25105,161,4.0,1996-04-02 23:24:47
25105,344,4.0,1996-04-02 23:24:47
25105,159,5.0,1996-04-02 23:24:47
25105,157,4.0,1996-04-02 23:24:47
25105,223,4.0,1996-04-02 23:24:47
25105,592,4.0,1996-04-02 23:24:47
25105,160,3.0,1996-04-02 23:24:47
25105,173,4.0,1996-04-02 23:24:48
25105,31,4.0,1996-04-02 23:24:48
25105,163,5.0,1996-04-02 23:24:48
25105,186,4.0,1996-04-02 23:24:48
25105,185,5.0,1996-04-02 23:24:48
25105,44,5.0,1996-04-02 23:24:48
25105,168,5.0,1996-04-02 23:24:48
25105,170,4.0,1996-04-02 23:24:48
25105,172,4.0,1996-04-02 23:24:48
25105,132,4.0,1996-04-02 23:24:48
25105,177,4.0,1996-04-02 23:24:48
25105,468,5.0,1996-04-02 23:24:48
25105,288,4.0,1996-04-02 23:24:48
25105,282,4.0,1996-04-02 23:24:48
25105,281,4.0,1996-04-02 23:24:48
25105,280,4.0,1996-04-02 23:24:48
25105,276,4.0,1996-04-02 23:24:48
25105,268,3.0,1996-04-02 23:24:48
25105,266,4.0,1996-04-02 23:24:48
25105,257,4.0,1996-04-02 23:24:48
25105,256,4.0,1996-04-02 23:24:48
25105,175,4.0,1996-04-02 23:24:48
25105,225,4.0,1996-04-02 23:24:48
25105,227,3.0,1996-04-02 23:24:48
25105,229,4.0,1996-04-02 23:24:48
25105,292,4.0,1996-04-02 23:24:48
25105,236,5.0,1996-04-02 23:24:48
25105,237,4.0,1996-04-02 23:24:48
25105,244,2.0,1996-04-02 23:24:48
25105,233,3.0,1996-04-02 23:24:48
25105,296,5.0,1996-04-02 23:24:49
25105,300,5.0,1996-04-02 23:24:49
25105,315,4.0,1996-04-02 23:24:49
25105,316,4.0,1996-04-02 23:24:49
25105,317,5.0,1996-04-02 23:24:49
25105,318,5.0,1996-04-02 23:24:49
25105,319,5.0,1996-04-02 23:24:49
25105,50,5.0,1996-04-02 23:24:49
25105,327,4.0,1996-04-02 23:24:49
25105,151,5.0,1996-04-02 23:24:49
25105,333,3.0,1996-04-02 23:24:49
25105,339,5.0,1996-04-02 23:24:49
25105,340,4.0,1996-04-02 23:24:49
25105,380,4.0,1996-04-02 23:24:49
25105,553,4.0,1996-04-02 23:24:49
25105,555,5.0,1996-04-02 23:24:49
25105,338,4.0,1996-04-02 23:24:49
25105,196,4.0,1996-04-02 23:24:49
25105,204,4.0,1996-04-02 23:24:49
25105,208,4.0,1996-04-02 23:24:49
25105,188,4.0,1996-04-02 23:24:49
25105,193,2.0,1996-04-02 23:24:49
25205,6,4.0,1996-04-03 02:05:27
25205,638,4.0,1996-04-03 02:05:27
25205,25,4.0,1996-04-03 02:05:27
25205,16,4.0,1996-04-03 02:05:27
25205,588,3.0,1996-04-03 02:16:22
25205,34,4.0,1996-04-03 02:16:22
25205,592,3.0,1996-04-03 02:16:22
25205,410,3.0,1996-04-03 02:16:22
25205,417,2.0,1996-04-03 02:16:22
25205,420,2.0,1996-04-03 02:16:22
25205,595,3.0,1996-04-03 02:16:22
25205,344,1.0,1996-04-03 02:16:22
25205,158,2.0,1996-04-03 02:16:23
25205,172,1.0,1996-04-03 02:16:23
25205,222,4.0,1996-04-03 02:16:23
25205,224,4.0,1996-04-03 02:16:23
25205,296,4.0,1996-04-03 02:16:23
25205,300,3.0,1996-04-03 02:16:23
25205,349,4.0,1996-04-03 02:16:23
25205,427,3.0,1996-04-03 02:16:23
25205,432,4.0,1996-04-03 02:16:23
25205,434,4.0,1996-04-03 02:16:23
25205,218,4.0,1996-04-03 02:16:23
25205,266,4.0,1996-04-03 02:16:23
25205,590,4.0,1996-04-03 02:16:23
25205,380,3.0,1996-04-03 02:16:24
25205,50,4.0,1996-04-03 02:16:24
25205,316,3.0,1996-04-03 02:16:24
25205,319,4.0,1996-04-03 02:16:24
25205,337,4.0,1996-04-03 02:16:24
25205,339,3.0,1996-04-03 02:16:24
25205,381,3.0,1996-04-03 02:16:24
25205,555,3.0,1996-04-03 02:16:24
25205,111,4.0,1996-04-03 02:20:11
25205,151,3.0,1996-04-03 02:26:20
25308,10,3.0,1996-04-03 03:03:41
25308,2,5.0,1996-04-03 03:03:41
25308,16,5.0,1996-04-03 03:03:41
25308,11,4.0,1996-04-03 03:03:41
25308,21,4.0,1996-04-03 03:03:41
25308,153,4.0,1996-04-03 03:16:01
25308,158,3.0,1996-04-03 03:16:01
25308,150,5.0,1996-04-03 03:16:01
25308,410,4.0,1996-04-03 03:16:01
25308,588,3.0,1996-04-03 03:16:01
25308,216,3.0,1996-04-03 03:16:01
25308,413,3.0,1996-04-03 03:16:01
25308,432,3.0,1996-04-03 03:16:01
25308,434,5.0,1996-04-03 03:16:01
25308,145,4.0,1996-04-03 03:16:01
25308,344,4.0,1996-04-03 03:16:01
25308,110,5.0,1996-04-03 03:16:01
25308,349,5.0,1996-04-03 03:16:01
25308,19,5.0,1996-04-03 03:16:01
25308,315,4.0,1996-04-03 03:16:02
25308,288,4.0,1996-04-03 03:16:02
25308,266,3.0,1996-04-03 03:16:02
25308,261,4.0,1996-04-03 03:16:02
25308,256,3.0,1996-04-03 03:16:02
25308,160,5.0,1996-04-03 03:16:02
25308,161,5.0,1996-04-03 03:16:02
25308,316,4.0,1996-04-03 03:16:02
25308,170,3.0,1996-04-03 03:16:02
25308,173,3.0,1996-04-03 03:16:02
25308,185,3.0,1996-04-03 03:16:02
25308,186,3.0,1996-04-03 03:16:02
25308,196,4.0,1996-04-03 03:16:02
25308,200,5.0,1996-04-03 03:16:02
25308,71,3.0,1996-04-03 03:16:02
25308,60,4.0,1996-04-03 03:16:02
25308,317,3.0,1996-04-03 03:16:02
25308,296,5.0,1996-04-03 03:16:02
25308,31,4.0,1996-04-03 03:16:02
25308,39,3.0,1996-04-03 03:16:02
25308,225,3.0,1996-04-03 03:16:02
25308,318,5.0,1996-04-03 03:16:02
25308,590,5.0,1996-04-03 03:16:02
25308,22,5.0,1996-04-03 03:16:02
25308,280,5.0,1996-04-03 03:16:02
25308,292,4.0,1996-04-03 03:16:02
25308,289,3.0,1996-04-03 03:16:02
25308,252,3.0,1996-04-03 03:16:02
25308,227,5.0,1996-04-03 03:16:02
25308,282,4.0,1996-04-03 03:16:02
25308,270,3.0,1996-04-03 03:16:02
25308,338,3.0,1996-04-03 03:16:03
25308,204,5.0,1996-04-03 03:16:03
25308,380,5.0,1996-04-03 03:16:03
25308,208,5.0,1996-04-03 03:16:03
25308,339,4.0,1996-04-03 03:16:03
25308,50,5.0,1996-04-03 03:16:03
25308,592,5.0,1996-04-03 04:00:51
25308,595,4.0,1996-04-03 04:00:51
25308,351,3.0,1996-04-03 04:00:51
25308,168,3.0,1996-04-03 04:00:51
25308,333,3.0,1996-04-03 04:00:51
25308,337,2.0,1996-04-03 04:00:51
25308,163,3.0,1996-04-03 04:00:51
25308,105,4.0,1996-04-03 04:06:43
25607,431,5.0,1996-04-03 04:17:36
25607,122,3.0,1996-04-03 04:17:36
25607,150,1.0,1996-04-03 04:17:36
25607,153,5.0,1996-04-03 04:17:36
25607,588,4.0,1996-04-03 04:17:36
25607,173,5.0,1996-04-03 04:17:36
25607,235,5.0,1996-04-03 04:17:36
25607,344,4.0,1996-04-03 04:17:36
25607,349,4.0,1996-04-03 04:17:36
25607,410,4.0,1996-04-03 04:17:36
25607,413,5.0,1996-04-03 04:17:36
25607,427,2.0,1996-04-03 04:17:36
25607,434,3.0,1996-04-03 04:17:36
25607,592,4.0,1996-04-03 04:17:36
25607,316,2.0,1996-04-03 04:17:37
25607,555,5.0,1996-04-03 04:17:37
25607,380,5.0,1996-04-03 04:17:37
25708,10,4.0,1996-04-03 04:18:06
25708,14,5.0,1996-04-03 04:18:06
25708,52,5.0,1996-04-03 04:18:06
25708,94,3.0,1996-04-03 04:18:06
25708,11,4.0,1996-04-03 04:18:06
25708,5,5.0,1996-04-03 04:18:06
25708,668,5.0,1996-04-03 04:21:56
25708,1,5.0,1996-04-03 04:21:56
25708,25,5.0,1996-04-03 04:21:56
25708,17,5.0,1996-04-03 04:21:56
26094,10,5.0,1996-04-03 06:26:01
26094,15,3.0,1996-04-03 06:26:01
26094,173,4.0,1996-04-03 06:30:25
26094,410,4.0,1996-04-03 06:30:25
26094,39,5.0,1996-04-03 06:30:25
26094,150,5.0,1996-04-03 06:30:25
26094,592,4.0,1996-04-03 06:30:25
26094,588,5.0,1996-04-03 06:30:25
26094,468,5.0,1996-04-03 06:30:25
26094,122,2.0,1996-04-03 06:30:25
26094,595,5.0,1996-04-03 06:35:30
26094,17,5.0,1996-04-03 06:38:23
26293,150,5.0,1996-04-03 07:35:35
26293,153,4.0,1996-04-03 07:35:35
26293,595,5.0,1996-04-03 07:35:35
26293,592,4.0,1996-04-03 07:35:35
26293,588,5.0,1996-04-03 07:35:35
26293,413,2.0,1996-04-03 07:35:35
26293,339,5.0,1996-04-03 07:35:36
26293,337,4.0,1996-04-03 07:35:36
26293,333,4.0,1996-04-03 07:35:36
26293,315,4.0,1996-04-03 07:35:36
26293,288,3.0,1996-04-03 07:35:36
26293,282,5.0,1996-04-03 07:35:36
26293,266,5.0,1996-04-03 07:35:36
26293,261,5.0,1996-04-03 07:35:36
26293,257,5.0,1996-04-03 07:35:36
26293,252,3.0,1996-04-03 07:35:36
26293,168,5.0,1996-04-03 07:35:36
26293,186,4.0,1996-04-03 07:35:36
26293,222,5.0,1996-04-03 07:35:36
26293,203,1.0,1996-04-03 07:35:36
26293,216,4.0,1996-04-03 07:35:36
26293,218,4.0,1996-04-03 07:35:36
26293,420,4.0,1996-04-03 07:35:36
26293,435,2.0,1996-04-03 07:35:36
26293,224,2.0,1996-04-03 07:35:36
26293,381,5.0,1996-04-03 07:35:36
26293,179,4.0,1996-04-03 07:35:36
26293,380,4.0,1996-04-03 07:35:36
26293,48,5.0,1996-04-03 07:35:36
26293,44,3.0,1996-04-03 07:35:36
26293,31,5.0,1996-04-03 07:35:36
26475,4,5.0,1996-04-03 07:49:43
26475,6,3.0,1996-04-03 07:49:43
26475,63,3.0,1996-04-03 07:49:43
26475,592,3.0,1996-04-03 08:13:45
26475,19,2.0,1996-04-03 08:13:45
26475,39,2.0,1996-04-03 08:13:45
26475,110,5.0,1996-04-03 08:13:45
26475,122,5.0,1996-04-03 08:13:45
26475,144,3.0,1996-04-03 08:13:45
26475,145,4.0,1996-04-03 08:13:45
26475,153,2.0,1996-04-03 08:13:45
26475,218,3.0,1996-04-03 08:13:45
26475,595,4.0,1996-04-03 08:13:45
26475,222,4.0,1996-04-03 08:13:45
26475,344,4.0,1996-04-03 08:13:45
26475,588,4.0,1996-04-03 08:13:45
26475,437,2.0,1996-04-03 08:13:45
26475,432,3.0,1996-04-03 08:13:45
26475,420,3.0,1996-04-03 08:13:45
26475,416,2.0,1996-04-03 08:13:45
26475,349,5.0,1996-04-03 08:13:45
26475,179,1.0,1996-04-03 08:13:46
26475,173,1.0,1996-04-03 08:13:46
26475,161,5.0,1996-04-03 08:13:46
26475,337,5.0,1996-04-03 08:13:46
26475,297,5.0,1996-04-03 08:13:46
26475,351,4.0,1996-04-03 08:13:46
26475,48,2.0,1996-04-03 08:13:46
26475,381,5.0,1996-04-03 08:13:46
26475,31,4.0,1996-04-03 08:13:46
26475,22,3.0,1996-04-03 08:13:46
26475,553,5.0,1996-04-03 08:13:46
26475,380,3.0,1996-04-03 08:13:46
26475,296,5.0,1996-04-03 08:13:46
26475,318,4.0,1996-04-03 08:13:46
26475,289,3.0,1996-04-03 08:13:46
26475,288,2.0,1996-04-03 08:13:46
26475,282,4.0,1996-04-03 08:13:46
26475,208,1.0,1996-04-03 08:13:46
26475,279,4.0,1996-04-03 08:13:46
26475,276,1.0,1996-04-03 08:13:46
26475,271,4.0,1996-04-03 08:13:46
26475,270,2.0,1996-04-03 08:13:46
26475,280,5.0,1996-04-03 08:13:46
26475,266,5.0,1996-04-03 08:13:46
26475,249,5.0,1996-04-03 08:13:46
26475,300,3.0,1996-04-03 08:13:46
26475,237,5.0,1996-04-03 08:13:46
26475,236,3.0,1996-04-03 08:13:46
26475,224,3.0,1996-04-03 08:13:46
26666,588,5.0,1996-04-03 08:58:32
26666,34,5.0,1996-04-03 08:58:32
26666,296,5.0,1996-04-03 08:58:33
26666,50,4.0,1996-04-03 08:58:33
26666,132,1.0,1996-04-03 08:58:33
26666,196,2.0,1996-04-03 08:58:33
26666,208,2.0,1996-04-03 08:58:33
26666,272,5.0,1996-04-03 08:58:33
26666,278,4.0,1996-04-03 08:58:33
26666,300,4.0,1996-04-03 08:58:33
26666,317,4.0,1996-04-03 08:58:33
26666,337,3.0,1996-04-03 08:58:33
26666,316,1.0,1996-04-03 08:58:33
26666,380,4.0,1996-04-03 08:58:33
26666,318,5.0,1996-04-03 08:58:33
26666,319,5.0,1996-04-03 08:58:33
26666,327,3.0,1996-04-03 08:58:33
26666,339,3.0,1996-04-03 08:58:33
26666,303,4.0,1996-04-03 09:02:52
26666,590,4.0,1996-04-03 09:02:52
26666,592,4.0,1996-04-03 09:02:52
26666,595,4.0,1996-04-03 09:02:52
26666,39,4.0,1996-04-03 09:02:52
26666,161,4.0,1996-04-03 09:02:52
26666,150,4.0,1996-04-03 09:02:52
26666,223,4.0,1996-04-03 09:02:52
26666,230,3.0,1996-04-03 09:02:52
26666,281,4.0,1996-04-03 09:02:52
35718,590,3.0,1996-04-03 09:08:47
35718,19,2.0,1996-04-03 09:09:53
35718,344,3.0,1996-04-03 09:10:30
26961,380,3.0,1996-04-03 09:42:15
26961,434,1.0,1996-04-03 09:42:15
26961,590,5.0,1996-04-03 09:42:15
26961,427,1.0,1996-04-03 09:42:15
26961,318,5.0,1996-04-03 09:42:15
26961,592,4.0,1996-04-03 09:42:15
26961,296,3.0,1996-04-03 09:42:15
26961,153,4.0,1996-04-03 09:42:15
26961,150,4.0,1996-04-03 09:42:15
26961,144,5.0,1996-04-03 09:42:15
26961,161,5.0,1996-04-03 09:42:15
26961,186,1.0,1996-04-03 09:42:15
26961,316,3.0,1996-04-03 09:42:15
26961,249,5.0,1996-04-03 09:42:15
26961,208,3.0,1996-04-03 09:42:15
27066,1,5.0,1996-04-03 09:44:20
27066,17,3.0,1996-04-03 09:44:20
27066,111,4.0,1996-04-03 09:44:20
27066,316,2.0,1996-04-03 09:49:08
27066,235,5.0,1996-04-03 09:49:08
27066,229,2.0,1996-04-03 09:49:08
27066,153,5.0,1996-04-03 09:49:08
27066,151,4.0,1996-04-03 09:49:08
27066,150,4.0,1996-04-03 09:49:08
27066,318,5.0,1996-04-03 09:49:08
27066,161,3.0,1996-04-03 09:49:08
27066,50,4.0,1996-04-03 09:49:08
27066,319,5.0,1996-04-03 09:49:08
27066,337,5.0,1996-04-03 09:49:08
27066,349,4.0,1996-04-03 09:49:08
27066,420,3.0,1996-04-03 09:49:08
27066,434,4.0,1996-04-03 09:49:08
27066,590,3.0,1996-04-03 09:49:08
27066,592,5.0,1996-04-03 09:49:08
27066,595,5.0,1996-04-03 09:49:08
27359,50,5.0,1996-04-03 11:01:11
27359,19,4.0,1996-04-03 11:01:11
27359,333,5.0,1996-04-03 11:01:11
27451,421,3.0,1996-04-03 11:05:43
27451,588,5.0,1996-04-03 11:05:43
27451,590,5.0,1996-04-03 11:05:43
27451,344,5.0,1996-04-03 11:05:43
27451,592,4.0,1996-04-03 11:05:43
27451,595,5.0,1996-04-03 11:05:43
27451,150,5.0,1996-04-03 11:05:43
27451,54,5.0,1996-04-03 11:05:43
27451,60,5.0,1996-04-03 11:05:43
27451,153,4.0,1996-04-03 11:05:43
27451,160,4.0,1996-04-03 11:05:43
27451,161,5.0,1996-04-03 11:05:43
27451,218,4.0,1996-04-03 11:05:43
27451,224,4.0,1996-04-03 11:05:43
27451,19,4.0,1996-04-03 11:05:43
27451,168,5.0,1996-04-03 11:05:43
27451,48,5.0,1996-04-03 11:05:44
27451,277,5.0,1996-04-03 11:05:44
27451,288,1.0,1996-04-03 11:05:44
27451,296,1.0,1996-04-03 11:05:44
27451,317,5.0,1996-04-03 11:05:44
27451,193,1.0,1996-04-03 11:05:44
27451,266,5.0,1996-04-03 11:05:44
27359,588,5.0,1996-04-03 11:07:56
27359,344,4.0,1996-04-03 11:07:56
27359,144,2.0,1996-04-03 11:07:56
27359,223,5.0,1996-04-03 11:07:56
27359,590,4.0,1996-04-03 11:07:56
27359,235,3.0,1996-04-03 11:07:56
27359,224,4.0,1996-04-03 11:07:56
27359,272,4.0,1996-04-03 11:07:57
27359,266,5.0,1996-04-03 11:07:57
27359,318,5.0,1996-04-03 11:07:57
27359,432,4.0,1996-04-03 11:15:26
27359,317,4.0,1996-04-03 11:15:26
27359,595,4.0,1996-04-03 11:15:26
27359,296,5.0,1996-04-03 11:15:26
27359,592,4.0,1996-04-03 11:15:26
27359,410,3.0,1996-04-03 11:15:26
27359,227,4.0,1996-04-03 11:15:26
27359,216,5.0,1996-04-03 11:15:26
27359,39,4.0,1996-04-03 11:28:28
27551,11,5.0,1996-04-03 11:39:57
27551,150,5.0,1996-04-03 11:46:27
27551,592,1.0,1996-04-03 11:46:28
27551,218,5.0,1996-04-03 11:46:28
27551,222,5.0,1996-04-03 11:46:28
27551,275,5.0,1996-04-03 11:46:29
27551,339,5.0,1996-04-03 11:46:29
27551,289,5.0,1996-04-03 11:46:29
27551,317,5.0,1996-04-03 11:46:29
27551,186,4.0,1996-04-03 11:46:29
27551,380,5.0,1996-04-03 11:46:29
27740,21,3.0,1996-04-03 12:19:17
27740,70,3.0,1996-04-03 12:19:17
27740,16,5.0,1996-04-03 12:19:17
27740,1,5.0,1996-04-03 12:19:17
27740,6,3.0,1996-04-03 12:19:17
27740,10,3.0,1996-04-03 12:19:17
27740,110,5.0,1996-04-03 12:25:34
27740,592,4.0,1996-04-03 12:25:34
27740,172,3.0,1996-04-03 12:25:34
27740,31,4.0,1996-04-03 12:25:34
27740,161,4.0,1996-04-03 12:25:34
27740,44,4.0,1996-04-03 12:25:34
27740,153,4.0,1996-04-03 12:25:34
27740,590,4.0,1996-04-03 12:25:34
27740,50,5.0,1996-04-03 12:25:34
27740,150,5.0,1996-04-03 12:25:34
27740,39,3.0,1996-04-03 12:25:34
27740,160,2.0,1996-04-03 12:25:34
27740,431,4.0,1996-04-03 12:25:34
27740,588,5.0,1996-04-03 12:25:34
27740,420,3.0,1996-04-03 12:25:34
27740,380,5.0,1996-04-03 12:25:34
27740,349,2.0,1996-04-03 12:25:34
27740,327,4.0,1996-04-03 12:25:34
27740,315,3.0,1996-04-03 12:25:34
27740,296,5.0,1996-04-03 12:25:34
27740,292,4.0,1996-04-03 12:25:34
27740,266,3.0,1996-04-03 12:25:34
27740,434,3.0,1996-04-03 12:25:34
27740,193,2.0,1996-04-03 12:25:34
27740,224,5.0,1996-04-03 12:25:34
27740,177,2.0,1996-04-03 12:25:34
27740,196,3.0,1996-04-03 12:25:34
27740,204,3.0,1996-04-03 12:25:34
27740,208,2.0,1996-04-03 12:25:35
27740,318,5.0,1996-04-03 12:27:59
27740,316,3.0,1996-04-03 12:27:59
27740,595,4.0,1996-04-03 12:27:59
27740,225,4.0,1996-04-03 12:27:59
27740,249,3.0,1996-04-03 12:27:59
24725,608,5.0,1996-04-03 13:15:49
24725,5,3.0,1996-04-03 13:15:49
24725,17,5.0,1996-04-03 13:15:49
24725,105,5.0,1996-04-03 13:15:49
27924,10,3.0,1996-04-03 13:50:07
27924,11,5.0,1996-04-03 13:50:07
27924,62,5.0,1996-04-03 13:50:07
27924,107,5.0,1996-04-03 13:50:07
27924,5,5.0,1996-04-03 13:50:07
27924,1,5.0,1996-04-03 13:50:07
27924,60,4.0,1996-04-03 14:05:53
27924,282,4.0,1996-04-03 14:05:53
27924,150,5.0,1996-04-03 14:05:53
27924,168,4.0,1996-04-03 14:05:53
27924,237,4.0,1996-04-03 14:05:53
27924,289,4.0,1996-04-03 14:05:53
27924,316,2.0,1996-04-03 14:05:53
27924,318,5.0,1996-04-03 14:05:53
27924,344,3.0,1996-04-03 14:05:53
27924,349,5.0,1996-04-03 14:05:53
27924,339,5.0,1996-04-03 14:05:53
27924,410,3.0,1996-04-03 14:05:53
27924,413,3.0,1996-04-03 14:05:53
27924,420,4.0,1996-04-03 14:05:53
27924,432,3.0,1996-04-03 14:05:53
27924,553,5.0,1996-04-03 14:05:53
27924,588,5.0,1996-04-03 14:05:53
27924,590,5.0,1996-04-03 14:05:53
27924,380,4.0,1996-04-03 14:05:53
27924,592,5.0,1996-04-03 14:05:53
28017,225,4.0,1996-04-03 14:25:45
28017,171,4.0,1996-04-03 14:25:45
28017,172,5.0,1996-04-03 14:25:45
28017,344,4.0,1996-04-03 14:25:45
28017,218,5.0,1996-04-03 14:25:45
28017,352,4.0,1996-04-03 14:25:45
28017,230,4.0,1996-04-03 14:25:45
28017,271,3.0,1996-04-03 14:25:45
28017,427,2.0,1996-04-03 14:25:45
28017,161,3.0,1996-04-03 14:25:45
28017,227,5.0,1996-04-03 14:25:45
28017,434,4.0,1996-04-03 14:25:45
28017,69,3.0,1996-04-03 14:25:45
28017,588,5.0,1996-04-03 14:25:45
28017,592,5.0,1996-04-03 14:25:45
28017,159,4.0,1996-04-03 14:25:45
28017,153,5.0,1996-04-03 14:25:45
28017,132,4.0,1996-04-03 14:25:45
28017,122,4.0,1996-04-03 14:25:45
28017,44,4.0,1996-04-03 14:25:45
28017,39,5.0,1996-04-03 14:25:45
28017,34,5.0,1996-04-03 14:25:45
28017,22,5.0,1996-04-03 14:25:45
28017,435,5.0,1996-04-03 14:25:45
28017,410,4.0,1996-04-03 14:25:45
28017,316,5.0,1996-04-03 14:25:46
28017,296,3.0,1996-04-03 14:25:46
28017,208,4.0,1996-04-03 14:25:46
28017,203,4.0,1996-04-03 14:25:46
28017,198,5.0,1996-04-03 14:25:46
28017,188,4.0,1996-04-03 14:25:46
28017,185,4.0,1996-04-03 14:25:46
28017,48,4.0,1996-04-03 14:25:46
28017,196,5.0,1996-04-03 14:25:46
28474,48,3.0,1996-04-03 15:43:12
28474,588,4.0,1996-04-03 15:43:12
28474,39,5.0,1996-04-03 15:43:12
28474,147,4.0,1996-04-03 15:43:12
28474,150,5.0,1996-04-03 15:43:12
28474,153,5.0,1996-04-03 15:43:12
28474,161,5.0,1996-04-03 15:43:12
28474,50,5.0,1996-04-03 15:43:12
28474,272,5.0,1996-04-03 15:43:12
28474,254,4.0,1996-04-03 15:43:12
28474,34,4.0,1996-04-03 15:43:12
28474,171,4.0,1996-04-03 15:43:12
28474,172,2.0,1996-04-03 15:43:12
28474,252,4.0,1996-04-03 15:43:12
28474,316,5.0,1996-04-03 15:45:43
28474,296,5.0,1996-04-03 15:45:43
28474,410,4.0,1996-04-03 15:45:43
28474,223,5.0,1996-04-03 15:45:43
28474,185,3.0,1996-04-03 15:45:43
28474,180,4.0,1996-04-03 15:45:43
28474,339,4.0,1996-04-03 15:45:43
28474,595,5.0,1996-04-03 15:47:31
28474,249,5.0,1996-04-03 15:47:31
28474,317,5.0,1996-04-03 15:47:31
28474,175,1.0,1996-04-03 15:47:31
28474,318,4.0,1996-04-03 15:47:31
28474,196,2.0,1996-04-03 15:49:12
28474,235,4.0,1996-04-03 15:49:12
28474,300,5.0,1996-04-03 15:49:12
28474,590,4.0,1996-04-03 15:49:12
28474,288,1.0,1996-04-03 15:49:12
28474,349,5.0,1996-04-03 15:49:12
28474,10,4.0,1996-04-03 15:52:08
28474,1,5.0,1996-04-03 15:52:08
28474,141,5.0,1996-04-03 15:52:08
28474,135,5.0,1996-04-03 15:52:08
28474,21,4.0,1996-04-03 15:53:12
28860,11,4.0,1996-04-03 17:12:21
28860,608,5.0,1996-04-03 17:12:21
28860,111,5.0,1996-04-03 17:12:21
28860,40,4.0,1996-04-03 17:12:21
28860,36,4.0,1996-04-03 17:12:21
28860,25,5.0,1996-04-03 17:12:21
28860,21,3.0,1996-04-03 17:12:21
28860,16,5.0,1996-04-03 17:12:21
28860,52,5.0,1996-04-03 17:12:21
28967,17,5.0,1996-04-03 17:14:32
28967,95,3.0,1996-04-03 17:14:32
28967,111,5.0,1996-04-03 17:14:32
28967,494,5.0,1996-04-03 17:14:32
28967,21,5.0,1996-04-03 17:14:32
28967,16,4.0,1996-04-03 17:14:32
28967,141,5.0,1996-04-03 17:14:32
28967,1,5.0,1996-04-03 17:14:32
28967,6,5.0,1996-04-03 17:20:12
28967,41,5.0,1996-04-03 17:20:12
28967,11,4.0,1996-04-03 17:20:12
28967,10,5.0,1996-04-03 17:20:12
28967,94,5.0,1996-04-03 17:20:12
28967,52,5.0,1996-04-03 17:20:12
28967,43,5.0,1996-04-03 17:20:12
28967,92,4.0,1996-04-03 17:20:12
28967,120,4.0,1996-04-03 17:20:12
28967,608,5.0,1996-04-03 17:20:12
28967,62,4.0,1996-04-03 17:20:12
28967,25,5.0,1996-04-03 17:20:12
29068,225,5.0,1996-04-03 17:22:44
29068,296,4.0,1996-04-03 17:22:44
29068,161,5.0,1996-04-03 17:22:44
29068,150,5.0,1996-04-03 17:22:44
29068,34,4.0,1996-04-03 17:22:44
29068,318,5.0,1996-04-03 17:22:44
29068,349,5.0,1996-04-03 17:22:44
29185,10,4.0,1996-04-03 17:23:00
28860,233,3.0,1996-04-03 17:23:37
28860,235,4.0,1996-04-03 17:23:37
28860,236,4.0,1996-04-03 17:23:37
28860,225,3.0,1996-04-03 17:23:37
28860,223,3.0,1996-04-03 17:23:37
28860,150,5.0,1996-04-03 17:23:37
28860,144,4.0,1996-04-03 17:23:37
28860,417,4.0,1996-04-03 17:23:37
28860,384,3.0,1996-04-03 17:23:37
28860,347,4.0,1996-04-03 17:23:37
28860,208,1.0,1996-04-03 17:23:38
28860,380,3.0,1996-04-03 17:23:38
28860,296,5.0,1996-04-03 17:23:38
28860,50,4.0,1996-04-03 17:23:38
28860,339,3.0,1996-04-03 17:23:38
28860,319,4.0,1996-04-03 17:23:38
28860,318,5.0,1996-04-03 17:23:38
28860,317,3.0,1996-04-03 17:23:38
28860,303,1.0,1996-04-03 17:23:38
28860,300,4.0,1996-04-03 17:23:38
28860,282,4.0,1996-04-03 17:23:38
28860,268,4.0,1996-04-03 17:23:38
28860,266,3.0,1996-04-03 17:23:38
28860,288,3.0,1996-04-03 17:23:38
29185,19,4.0,1996-04-03 17:49:19
29185,153,4.0,1996-04-03 17:49:19
29185,150,5.0,1996-04-03 17:49:19
29185,110,5.0,1996-04-03 17:49:19
29185,39,4.0,1996-04-03 17:49:19
29185,349,5.0,1996-04-03 17:49:19
29185,145,5.0,1996-04-03 17:49:19
29185,410,4.0,1996-04-03 17:49:19
29185,420,4.0,1996-04-03 17:49:19
29185,434,4.0,1996-04-03 17:49:19
29185,588,5.0,1996-04-03 17:49:19
29185,592,5.0,1996-04-03 17:49:19
29185,344,5.0,1996-04-03 17:49:19
29185,223,4.0,1996-04-03 17:49:19
29185,216,5.0,1996-04-03 17:49:19
29185,300,4.0,1996-04-03 17:49:20
29185,249,4.0,1996-04-03 17:49:20
29185,151,5.0,1996-04-03 17:49:20
29185,196,4.0,1996-04-03 17:49:20
29185,204,4.0,1996-04-03 17:49:20
29185,288,3.0,1996-04-03 17:49:20
29185,227,4.0,1996-04-03 17:49:20
29185,296,4.0,1996-04-03 17:49:20
29185,590,5.0,1996-04-03 17:49:20
29185,380,4.0,1996-04-03 17:49:20
29185,208,4.0,1996-04-03 17:49:20
29185,333,5.0,1996-04-03 17:49:20
29185,272,4.0,1996-04-03 17:49:20
29185,318,5.0,1996-04-03 17:49:20
29185,325,3.0,1996-04-03 17:49:20
29185,292,4.0,1996-04-03 17:49:20
29185,160,4.0,1996-04-03 17:49:20
29185,69,5.0,1996-04-03 17:49:20
29185,316,4.0,1996-04-03 17:49:20
29185,185,5.0,1996-04-03 17:49:20
29185,315,4.0,1996-04-03 17:49:20
29185,163,5.0,1996-04-03 17:49:20
29185,161,4.0,1996-04-03 17:49:20
29185,168,4.0,1996-04-03 17:49:20
29185,44,4.0,1996-04-03 17:49:20
54328,417,4.0,1996-04-03 18:25:35
29539,494,5.0,1996-04-03 19:47:16
29539,10,4.0,1996-04-03 19:47:16
29539,434,3.0,1996-04-03 19:55:03
29539,410,3.0,1996-04-03 19:55:03
29539,420,4.0,1996-04-03 19:55:03
29539,432,2.0,1996-04-03 19:55:03
29539,344,2.0,1996-04-03 19:55:03
29539,235,2.0,1996-04-03 19:55:03
29539,431,4.0,1996-04-03 19:55:03
29539,161,5.0,1996-04-03 19:55:03
29539,150,5.0,1996-04-03 19:55:03
29539,468,4.0,1996-04-03 19:55:03
29539,349,5.0,1996-04-03 19:55:03
29539,315,4.0,1996-04-03 19:55:04
29539,296,2.0,1996-04-03 19:55:04
29539,289,4.0,1996-04-03 19:55:04
29539,280,5.0,1996-04-03 19:55:04
29539,266,4.0,1996-04-03 19:55:04
29539,132,5.0,1996-04-03 19:55:04
29539,252,5.0,1996-04-03 19:55:04
29539,249,4.0,1996-04-03 19:55:04
29539,237,4.0,1996-04-03 19:55:04
29539,288,2.0,1996-04-03 19:55:04
29539,318,5.0,1996-04-03 19:55:04
29539,173,3.0,1996-04-03 19:55:04
29539,553,4.0,1996-04-03 19:55:04
29539,234,3.0,1996-04-03 19:55:04
29741,19,3.0,1996-04-03 20:25:20
29741,588,4.0,1996-04-03 20:25:20
29741,153,4.0,1996-04-03 20:25:20
29741,595,4.0,1996-04-03 20:25:20
29741,150,5.0,1996-04-03 20:25:20
29741,592,5.0,1996-04-03 20:25:20
29741,434,3.0,1996-04-03 20:25:21
29741,553,5.0,1996-04-03 20:25:21
29741,590,5.0,1996-04-03 20:25:21
29741,688,3.0,1996-04-03 20:25:21
29741,225,5.0,1996-04-03 20:25:21
29741,224,3.0,1996-04-03 20:25:21
29741,256,4.0,1996-04-03 20:25:21
29741,216,3.0,1996-04-03 20:25:21
29741,186,4.0,1996-04-03 20:25:21
29741,204,3.0,1996-04-03 20:25:21
29741,432,3.0,1996-04-03 20:25:21
29741,266,5.0,1996-04-03 20:25:21
29741,380,4.0,1996-04-03 20:25:21
29741,349,5.0,1996-04-03 20:25:21
29741,272,4.0,1996-04-03 20:25:21
29741,203,2.0,1996-04-03 20:25:21
29741,317,4.0,1996-04-03 20:25:21
29741,300,4.0,1996-04-03 20:25:21
29741,303,4.0,1996-04-03 20:25:21
29741,316,4.0,1996-04-03 20:25:21
29377,592,4.0,1996-04-03 20:55:54
29377,437,3.0,1996-04-03 20:55:54
29377,595,3.0,1996-04-03 20:55:54
29377,349,5.0,1996-04-03 20:55:54
29377,421,3.0,1996-04-03 20:55:54
29377,435,4.0,1996-04-03 20:55:54
29377,19,4.0,1996-04-03 20:55:54
29377,588,4.0,1996-04-03 20:55:54
29377,344,4.0,1996-04-03 20:55:54
29377,34,5.0,1996-04-03 20:55:54
29377,110,5.0,1996-04-03 20:55:54
29377,39,4.0,1996-04-03 20:55:54
29377,216,4.0,1996-04-03 20:55:54
29377,160,2.0,1996-04-03 20:55:54
29377,153,4.0,1996-04-03 20:55:54
29377,150,5.0,1996-04-03 20:55:54
29377,54,3.0,1996-04-03 20:55:54
29377,161,5.0,1996-04-03 20:55:55
29377,468,4.0,1996-04-03 20:55:55
29377,169,1.0,1996-04-03 20:55:55
29377,185,5.0,1996-04-03 20:55:55
29377,292,5.0,1996-04-03 20:55:55
29377,277,4.0,1996-04-03 20:55:55
29377,300,3.0,1996-04-03 20:55:55
29377,60,2.0,1996-04-03 20:55:55
29377,274,2.0,1996-04-03 20:55:55
29377,266,4.0,1996-04-03 20:55:55
29377,590,4.0,1996-04-03 20:55:55
29377,261,4.0,1996-04-03 20:55:55
29377,48,4.0,1996-04-03 20:55:55
29377,252,4.0,1996-04-03 20:55:55
29377,243,1.0,1996-04-03 20:55:55
29377,179,3.0,1996-04-03 20:55:55
29377,168,5.0,1996-04-03 20:55:55
29377,340,4.0,1996-04-03 20:55:56
29377,339,5.0,1996-04-03 20:55:56
29377,338,4.0,1996-04-03 20:55:56
29377,333,5.0,1996-04-03 20:55:56
29377,380,4.0,1996-04-03 20:55:56
29377,318,5.0,1996-04-03 20:55:56
29377,317,4.0,1996-04-03 20:55:56
29377,316,4.0,1996-04-03 20:55:56
29377,62,4.0,1996-04-03 21:03:23
30014,592,5.0,1996-04-03 21:59:11
30014,410,4.0,1996-04-03 21:59:11
30014,344,5.0,1996-04-03 21:59:11
30014,153,1.0,1996-04-03 21:59:11
30014,110,5.0,1996-04-03 21:59:12
30014,337,5.0,1996-04-03 21:59:12
30014,380,5.0,1996-04-03 21:59:12
30014,432,5.0,1996-04-03 21:59:12
30014,316,5.0,1996-04-03 21:59:12
30014,553,5.0,1996-04-03 21:59:12
30014,296,5.0,1996-04-03 21:59:12
30014,590,5.0,1996-04-03 21:59:12
30014,292,5.0,1996-04-03 21:59:12
30014,595,4.0,1996-04-03 21:59:12
30014,208,1.0,1996-04-03 21:59:12
30014,163,5.0,1996-04-03 21:59:12
30014,161,5.0,1996-04-03 21:59:12
30014,318,5.0,1996-04-03 21:59:12
30014,434,2.0,1996-04-03 21:59:12
8210,608,5.0,1996-04-03 22:23:48
8210,17,5.0,1996-04-03 22:23:48
8210,35,3.0,1996-04-03 22:23:48
8210,36,5.0,1996-04-03 22:23:48
54328,19,3.0,1996-04-03 23:37:26
30195,223,5.0,1996-04-04 01:53:28
30195,218,5.0,1996-04-04 01:53:28
30195,215,4.0,1996-04-04 01:53:28
30195,168,4.0,1996-04-04 01:53:29
30195,28,5.0,1996-04-04 01:53:29
30195,224,5.0,1996-04-04 01:53:29
30195,60,5.0,1996-04-04 01:53:29
30195,219,5.0,1996-04-04 01:53:29
30195,50,5.0,1996-04-04 01:53:30
30195,339,5.0,1996-04-04 01:53:30
30195,381,5.0,1996-04-04 01:53:30
30195,316,4.0,1996-04-04 01:53:30
30195,314,5.0,1996-04-04 01:53:30
30195,203,4.0,1996-04-04 01:53:30
30195,288,4.0,1996-04-04 02:01:14
30195,22,5.0,1996-04-04 02:01:14
30195,194,5.0,1996-04-04 02:01:15
30195,337,4.0,1996-04-04 02:01:15
30195,340,5.0,1996-04-04 02:06:45
30195,590,4.0,1996-04-04 02:06:45
30195,300,4.0,1996-04-04 02:06:45
30195,144,4.0,1996-04-04 02:12:13
30195,292,5.0,1996-04-04 02:12:14
30195,17,5.0,1996-04-04 02:18:13
30195,608,4.0,1996-04-04 02:18:13
30293,17,4.0,1996-04-04 02:46:48
30293,16,5.0,1996-04-04 02:46:48
30293,21,4.0,1996-04-04 02:46:48
30293,25,4.0,1996-04-04 02:46:48
30293,11,4.0,1996-04-04 02:46:48
30293,36,4.0,1996-04-04 02:46:48
30293,6,5.0,1996-04-04 02:46:48
30293,52,3.0,1996-04-04 02:46:48
30293,35,4.0,1996-04-04 02:46:48
30293,111,5.0,1996-04-04 02:46:48
30293,610,4.0,1996-04-04 02:46:48
30293,2,3.0,1996-04-04 02:46:48
30293,92,4.0,1996-04-04 02:46:48
30763,70,4.0,1996-04-04 05:20:24
30763,413,3.0,1996-04-04 05:26:30
30763,435,3.0,1996-04-04 05:26:30
30763,300,4.0,1996-04-04 05:26:30
30763,349,4.0,1996-04-04 05:26:30
30763,110,5.0,1996-04-04 05:26:30
30763,344,5.0,1996-04-04 05:26:30
30763,296,5.0,1996-04-04 05:26:30
30763,292,4.0,1996-04-04 05:26:30
30763,234,1.0,1996-04-04 05:26:30
30763,225,4.0,1996-04-04 05:26:30
30763,434,3.0,1996-04-04 05:26:30
30763,160,2.0,1996-04-04 05:26:30
30763,288,4.0,1996-04-04 05:26:30
30763,420,3.0,1996-04-04 05:26:30
30763,380,4.0,1996-04-04 05:26:31
30763,337,2.0,1996-04-04 05:26:31
30763,316,4.0,1996-04-04 05:26:31
30763,553,4.0,1996-04-04 05:26:31
30763,50,5.0,1996-04-04 05:26:31
30763,315,3.0,1996-04-04 05:26:31
30763,208,5.0,1996-04-04 05:28:42
30851,588,5.0,1996-04-04 05:37:21
30851,122,2.0,1996-04-04 05:37:21
30851,434,5.0,1996-04-04 05:37:21
30851,432,3.0,1996-04-04 05:37:21
30851,426,2.0,1996-04-04 05:37:21
30851,150,4.0,1996-04-04 05:37:21
30851,344,3.0,1996-04-04 05:37:21
30851,595,5.0,1996-04-04 05:37:21
30851,204,1.0,1996-04-04 05:37:22
30851,208,2.0,1996-04-04 05:37:22
30851,236,4.0,1996-04-04 05:37:22
30851,553,4.0,1996-04-04 05:37:22
30851,296,5.0,1996-04-04 05:37:22
30851,300,5.0,1996-04-04 05:37:22
30851,315,4.0,1996-04-04 05:37:22
30851,316,2.0,1996-04-04 05:37:22
30851,337,3.0,1996-04-04 05:37:22
30851,380,2.0,1996-04-04 05:37:22
30851,50,2.0,1996-04-04 05:37:22
30851,555,4.0,1996-04-04 05:37:22
30851,21,4.0,1996-04-04 05:39:05
30851,6,5.0,1996-04-04 05:44:13
30763,592,3.0,1996-04-04 07:48:46
30763,150,4.0,1996-04-04 07:48:46
30763,276,2.0,1996-04-04 07:48:46
30763,282,3.0,1996-04-04 07:48:46
31247,161,4.0,1996-04-04 08:53:31
31247,158,4.0,1996-04-04 08:53:31
31247,225,4.0,1996-04-04 08:53:31
31247,168,4.0,1996-04-04 08:53:31
31247,227,3.0,1996-04-04 08:53:31
31247,435,1.0,1996-04-04 08:53:31
31247,434,2.0,1996-04-04 08:53:31
31247,349,3.0,1996-04-04 08:53:31
31247,344,4.0,1996-04-04 08:53:31
31247,410,2.0,1996-04-04 08:53:31
31247,185,5.0,1996-04-04 08:53:32
31247,339,5.0,1996-04-04 08:53:32
31247,380,4.0,1996-04-04 08:53:32
31247,300,4.0,1996-04-04 08:53:32
31247,256,4.0,1996-04-04 08:53:32
31247,160,2.0,1996-04-04 08:57:02
31247,236,4.0,1996-04-04 08:57:02
31696,105,5.0,1996-04-04 10:54:41
31696,10,4.0,1996-04-04 10:54:41
31696,1,5.0,1996-04-04 10:54:41
31766,590,5.0,1996-04-04 10:56:25
31766,344,2.0,1996-04-04 10:56:25
31766,318,5.0,1996-04-04 10:56:25
31766,292,5.0,1996-04-04 10:56:25
31766,349,5.0,1996-04-04 10:56:25
31766,432,4.0,1996-04-04 10:56:25
31766,420,4.0,1996-04-04 10:56:25
31766,595,5.0,1996-04-04 10:56:25
31766,266,5.0,1996-04-04 10:56:25
31766,110,5.0,1996-04-04 10:56:25
31766,160,2.0,1996-04-04 10:56:25
31766,161,5.0,1996-04-04 10:56:25
31766,168,5.0,1996-04-04 10:56:25
31766,185,5.0,1996-04-04 10:56:25
31766,186,4.0,1996-04-04 10:56:25
31766,188,5.0,1996-04-04 10:56:25
31766,257,5.0,1996-04-04 10:56:25
31766,34,5.0,1996-04-04 10:56:25
31766,282,5.0,1996-04-04 10:56:25
31766,150,5.0,1996-04-04 10:56:25
31766,339,5.0,1996-04-04 10:56:26
31766,208,1.0,1996-04-04 10:56:26
31766,340,4.0,1996-04-04 10:56:26
31766,381,4.0,1996-04-04 10:56:26
31766,553,4.0,1996-04-04 10:56:26
31766,316,4.0,1996-04-04 10:56:26
31696,590,4.0,1996-04-04 11:00:53
31696,595,5.0,1996-04-04 11:00:53
31696,435,3.0,1996-04-04 11:00:53
31696,339,4.0,1996-04-04 11:00:53
31696,337,5.0,1996-04-04 11:00:53
31696,317,3.0,1996-04-04 11:00:53
31696,39,4.0,1996-04-04 11:00:53
31696,224,5.0,1996-04-04 11:00:53
31696,34,5.0,1996-04-04 11:00:53
31696,296,3.0,1996-04-04 11:00:53
31696,158,4.0,1996-04-04 11:00:53
31696,48,4.0,1996-04-04 11:00:53
31696,256,3.0,1996-04-04 11:00:53
31696,588,5.0,1996-04-04 11:00:53
31696,288,5.0,1996-04-04 11:00:53
31696,282,4.0,1996-04-04 11:00:53
31696,272,5.0,1996-04-04 11:00:53
31958,4,4.0,1996-04-04 11:15:20
31958,21,3.0,1996-04-04 11:15:20
31958,111,3.0,1996-04-04 11:15:20
31958,344,4.0,1996-04-04 11:22:18
31958,31,4.0,1996-04-04 11:22:18
31958,420,3.0,1996-04-04 11:22:18
31958,427,4.0,1996-04-04 11:22:18
31958,252,4.0,1996-04-04 11:22:18
31958,170,4.0,1996-04-04 11:22:18
31958,122,3.0,1996-04-04 11:22:18
31958,145,4.0,1996-04-04 11:22:18
31958,216,3.0,1996-04-04 11:22:18
31958,150,4.0,1996-04-04 11:22:18
31958,592,3.0,1996-04-04 11:22:18
31958,292,5.0,1996-04-04 11:22:19
31958,296,4.0,1996-04-04 11:22:19
31958,338,5.0,1996-04-04 11:22:19
31958,553,3.0,1996-04-04 11:22:19
31958,380,5.0,1996-04-04 11:22:19
31958,132,4.0,1996-04-04 11:22:19
31958,318,4.0,1996-04-04 11:22:19
31958,277,4.0,1996-04-04 11:22:19
31958,186,3.0,1996-04-04 11:22:19
31958,280,5.0,1996-04-04 11:24:26
31958,266,4.0,1996-04-04 11:24:26
32054,590,5.0,1996-04-04 11:51:03
32054,168,5.0,1996-04-04 11:51:03
32054,161,5.0,1996-04-04 11:51:03
32054,151,5.0,1996-04-04 11:51:03
32054,150,5.0,1996-04-04 11:51:03
32054,282,3.0,1996-04-04 11:51:03
32054,281,4.0,1996-04-04 11:51:03
32054,276,4.0,1996-04-04 11:51:03
32054,266,5.0,1996-04-04 11:51:03
32054,296,3.0,1996-04-04 11:51:03
32054,270,5.0,1996-04-04 11:51:03
32054,218,5.0,1996-04-04 11:51:03
32054,351,4.0,1996-04-04 11:51:03
32054,344,4.0,1996-04-04 11:51:03
32054,349,4.0,1996-04-04 11:51:03
32054,222,3.0,1996-04-04 11:51:03
32054,288,2.0,1996-04-04 11:51:03
32054,208,1.0,1996-04-04 11:51:04
32054,380,4.0,1996-04-04 11:51:04
32054,381,5.0,1996-04-04 11:51:04
32054,318,5.0,1996-04-04 11:51:04
32054,339,5.0,1996-04-04 11:51:04
32054,337,4.0,1996-04-04 11:51:04
32054,553,5.0,1996-04-04 11:51:04
32142,5,4.0,1996-04-04 12:09:18
32142,1,4.0,1996-04-04 12:09:18
32142,10,5.0,1996-04-04 12:09:18
32142,16,4.0,1996-04-04 12:09:18
32142,17,4.0,1996-04-04 12:09:18
32142,21,5.0,1996-04-04 12:09:18
32142,2,4.0,1996-04-04 12:09:18
32142,25,5.0,1996-04-04 12:09:18
32142,103,4.0,1996-04-04 12:09:18
32142,6,5.0,1996-04-04 12:09:18
32142,11,5.0,1996-04-04 12:09:18
32142,639,4.0,1996-04-04 12:09:18
32142,70,5.0,1996-04-04 12:09:18
32142,62,5.0,1996-04-04 12:09:18
32142,92,4.0,1996-04-04 12:09:18
32142,494,5.0,1996-04-04 12:09:18
32142,52,5.0,1996-04-04 12:09:18
32142,628,4.0,1996-04-04 12:09:18
32142,100,4.0,1996-04-04 12:09:18
32142,95,5.0,1996-04-04 12:09:18
32142,111,4.0,1996-04-04 12:09:18
32142,141,5.0,1996-04-04 12:09:18
32142,637,4.0,1996-04-04 12:09:18
32142,150,5.0,1996-04-04 12:12:49
32142,161,5.0,1996-04-04 12:12:50
32142,193,4.0,1996-04-04 12:12:50
32142,196,5.0,1996-04-04 12:12:50
32142,204,5.0,1996-04-04 12:12:50
32142,50,5.0,1996-04-04 12:12:50
32142,224,4.0,1996-04-04 12:12:50
32142,339,5.0,1996-04-04 12:12:50
34955,608,5.0,1996-04-04 12:22:25
32717,141,3.0,1996-04-04 13:34:08
32717,640,4.0,1996-04-04 13:34:08
32717,494,4.0,1996-04-04 13:34:08
32717,349,4.0,1996-04-04 13:42:55
32717,344,2.0,1996-04-04 13:42:55
32717,590,1.0,1996-04-04 13:42:55
32717,161,5.0,1996-04-04 13:42:55
32717,150,5.0,1996-04-04 13:42:55
32717,432,4.0,1996-04-04 13:42:55
32717,282,2.0,1996-04-04 13:42:56
32717,249,4.0,1996-04-04 13:42:56
32717,296,4.0,1996-04-04 13:42:56
32717,318,4.0,1996-04-04 13:42:56
32717,272,4.0,1996-04-04 13:42:56
32717,339,4.0,1996-04-04 13:42:56
32717,553,4.0,1996-04-04 13:42:56
32717,280,5.0,1996-04-04 13:42:56
32717,381,4.0,1996-04-04 13:42:56
32717,266,3.0,1996-04-04 13:42:56
32717,292,4.0,1996-04-04 13:42:56
32717,193,4.0,1996-04-04 13:42:56
32717,236,4.0,1996-04-04 13:42:56
32717,50,1.0,1996-04-04 13:42:56
32717,182,4.0,1996-04-04 13:42:56
32717,186,3.0,1996-04-04 13:42:56
32717,468,3.0,1996-04-04 13:42:56
32717,224,4.0,1996-04-04 13:42:56
32717,235,1.0,1996-04-04 13:42:56
32717,208,4.0,1996-04-04 13:42:56
32929,14,4.0,1996-04-04 13:49:26
32929,1,5.0,1996-04-04 13:49:26
32929,25,5.0,1996-04-04 13:49:26
32929,608,5.0,1996-04-04 13:49:26
32929,101,4.0,1996-04-04 13:49:26
32929,36,5.0,1996-04-04 13:49:26
32929,52,5.0,1996-04-04 13:49:26
32929,17,5.0,1996-04-04 13:49:26
32929,95,4.0,1996-04-04 13:49:26
33300,95,4.0,1996-04-04 14:46:16
33300,2,3.0,1996-04-04 14:46:16
33300,141,5.0,1996-04-04 14:46:16
33300,10,5.0,1996-04-04 14:46:16
33106,434,5.0,1996-04-04 14:46:40
33106,157,3.0,1996-04-04 14:46:40
33106,160,5.0,1996-04-04 14:46:40
33106,277,5.0,1996-04-04 14:46:40
33106,158,4.0,1996-04-04 14:46:40
33106,163,2.0,1996-04-04 14:46:40
33106,110,5.0,1996-04-04 14:46:40
33106,185,5.0,1996-04-04 14:46:40
33106,186,5.0,1996-04-04 14:46:40
33106,280,4.0,1996-04-04 14:46:40
33106,230,5.0,1996-04-04 14:46:40
33106,31,4.0,1996-04-04 14:46:40
33106,272,5.0,1996-04-04 14:46:40
33106,168,5.0,1996-04-04 14:46:40
33106,468,5.0,1996-04-04 14:46:40
33106,236,4.0,1996-04-04 14:46:40
33106,590,5.0,1996-04-04 14:46:40
33106,243,5.0,1996-04-04 14:46:40
33106,34,5.0,1996-04-04 14:46:40
33106,318,5.0,1996-04-04 14:46:41
33106,381,5.0,1996-04-04 14:46:41
33106,314,5.0,1996-04-04 14:46:41
33106,553,5.0,1996-04-04 14:46:41
33106,317,4.0,1996-04-04 14:46:41
33106,296,4.0,1996-04-04 14:46:41
33106,151,5.0,1996-04-04 14:46:41
33106,299,5.0,1996-04-04 14:46:41
33300,609,2.0,1996-04-04 14:49:16
33300,590,5.0,1996-04-04 14:56:46
33300,588,4.0,1996-04-04 14:56:46
33300,434,4.0,1996-04-04 14:56:46
33300,161,4.0,1996-04-04 14:56:46
33300,437,1.0,1996-04-04 14:56:46
33300,153,2.0,1996-04-04 14:56:46
33300,249,4.0,1996-04-04 14:56:46
33300,592,2.0,1996-04-04 14:56:46
33300,595,5.0,1996-04-04 14:56:46
33300,349,4.0,1996-04-04 14:56:46
33300,432,3.0,1996-04-04 14:56:46
33300,227,4.0,1996-04-04 14:56:46
33300,110,5.0,1996-04-04 14:56:46
33300,150,5.0,1996-04-04 14:56:46
33300,34,5.0,1996-04-04 14:56:46
33300,169,4.0,1996-04-04 14:56:46
33300,468,5.0,1996-04-04 14:56:46
33300,339,4.0,1996-04-04 14:56:47
33300,256,2.0,1996-04-04 14:56:47
33300,337,5.0,1996-04-04 14:56:47
33300,318,5.0,1996-04-04 14:56:47
33300,688,3.0,1996-04-04 14:56:47
33300,313,2.0,1996-04-04 14:56:47
33300,208,4.0,1996-04-04 14:56:47
33300,204,3.0,1996-04-04 14:56:47
33300,173,4.0,1996-04-04 14:56:47
33300,172,4.0,1996-04-04 14:56:47
33300,317,5.0,1996-04-04 14:56:47
33300,296,4.0,1996-04-04 14:56:47
33300,266,5.0,1996-04-04 14:56:47
33300,48,2.0,1996-04-04 14:56:47
33300,60,4.0,1996-04-04 14:56:47
33300,282,4.0,1996-04-04 14:56:47
33300,380,5.0,1996-04-04 14:56:47
33404,21,5.0,1996-04-04 15:04:37
33404,95,4.0,1996-04-04 15:04:37
33404,16,5.0,1996-04-04 15:08:47
33404,36,4.0,1996-04-04 15:08:47
33404,6,5.0,1996-04-04 15:08:48
33404,1,5.0,1996-04-04 15:08:48
33404,76,4.0,1996-04-04 15:08:48
33404,17,4.0,1996-04-04 15:08:48
33404,111,5.0,1996-04-04 15:08:48
33404,79,4.0,1996-04-04 15:08:48
33404,592,5.0,1996-04-04 15:19:15
33404,150,5.0,1996-04-04 15:19:15
33404,144,5.0,1996-04-04 15:19:15
33404,595,5.0,1996-04-04 15:19:15
33404,153,5.0,1996-04-04 15:19:15
33404,344,5.0,1996-04-04 15:19:15
33404,349,5.0,1996-04-04 15:19:15
33404,417,4.0,1996-04-04 15:19:15
33404,292,5.0,1996-04-04 15:19:16
33404,553,5.0,1996-04-04 15:19:16
33404,288,5.0,1996-04-04 15:19:16
33404,281,5.0,1996-04-04 15:19:16
33404,316,4.0,1996-04-04 15:19:16
33404,318,5.0,1996-04-04 15:19:16
33404,590,4.0,1996-04-04 15:19:16
33404,434,5.0,1996-04-04 15:19:16
33404,296,5.0,1996-04-04 15:19:16
33404,272,5.0,1996-04-04 15:19:16
33404,161,5.0,1996-04-04 15:19:16
33404,132,4.0,1996-04-04 15:19:16
33404,50,5.0,1996-04-04 15:19:16
33404,164,5.0,1996-04-04 15:19:16
33404,172,3.0,1996-04-04 15:19:16
33404,185,4.0,1996-04-04 15:19:16
33404,196,4.0,1996-04-04 15:19:16
33404,235,5.0,1996-04-04 15:19:16
33583,11,4.0,1996-04-04 15:39:37
33583,17,5.0,1996-04-04 15:39:37
33583,10,4.0,1996-04-04 15:39:37
33583,494,4.0,1996-04-04 15:39:37
33583,76,3.0,1996-04-04 15:39:37
33583,141,4.0,1996-04-04 15:39:37
33583,95,3.0,1996-04-04 15:39:37
33583,9,4.0,1996-04-04 15:39:37
33583,608,5.0,1996-04-04 15:39:37
34955,149,1.0,1996-04-04 15:48:39
34955,172,1.0,1996-04-04 15:48:39
34955,339,3.0,1996-04-04 15:48:39
34955,344,5.0,1996-04-04 15:48:39
33772,35,4.0,1996-04-04 15:54:33
33772,70,4.0,1996-04-04 15:54:33
33772,76,4.0,1996-04-04 15:54:33
33772,95,3.0,1996-04-04 15:54:33
33772,103,4.0,1996-04-04 15:54:33
33772,25,5.0,1996-04-04 15:54:33
33772,26,4.0,1996-04-04 15:54:33
33772,21,4.0,1996-04-04 15:54:33
33772,10,3.0,1996-04-04 15:54:33
33772,11,5.0,1996-04-04 15:54:33
33669,595,4.0,1996-04-04 15:57:09
33669,252,4.0,1996-04-04 15:57:09
33669,592,4.0,1996-04-04 15:57:09
33669,590,4.0,1996-04-04 15:57:09
33669,588,4.0,1996-04-04 15:57:09
33669,435,5.0,1996-04-04 15:57:09
33669,34,5.0,1996-04-04 15:57:09
33669,410,4.0,1996-04-04 15:57:09
33669,39,4.0,1996-04-04 15:57:09
33669,235,5.0,1996-04-04 15:57:09
33669,416,3.0,1996-04-04 15:57:09
33669,153,4.0,1996-04-04 15:57:09
33669,344,4.0,1996-04-04 15:57:09
33669,236,5.0,1996-04-04 15:57:09
33669,203,5.0,1996-04-04 15:57:10
33669,60,4.0,1996-04-04 15:57:10
33669,316,4.0,1996-04-04 15:57:10
33669,196,4.0,1996-04-04 15:57:10
33669,327,4.0,1996-04-04 15:57:10
33669,339,4.0,1996-04-04 15:57:10
33669,193,4.0,1996-04-04 15:57:10
33669,208,4.0,1996-04-04 15:57:10
33669,48,4.0,1996-04-04 15:57:10
33669,296,5.0,1996-04-04 15:57:10
33669,300,5.0,1996-04-04 15:57:10
33499,218,4.0,1996-04-04 15:58:12
33499,225,3.0,1996-04-04 15:58:12
33499,224,4.0,1996-04-04 15:58:12
33499,223,3.0,1996-04-04 15:58:12
33499,222,3.0,1996-04-04 15:58:12
33499,592,4.0,1996-04-04 15:58:12
33499,590,5.0,1996-04-04 15:58:12
33499,588,5.0,1996-04-04 15:58:12
33499,468,3.0,1996-04-04 15:58:12
33499,435,2.0,1996-04-04 15:58:12
33499,432,2.0,1996-04-04 15:58:12
33499,431,4.0,1996-04-04 15:58:12
33499,427,4.0,1996-04-04 15:58:12
33499,420,3.0,1996-04-04 15:58:12
33499,417,3.0,1996-04-04 15:58:12
33499,416,3.0,1996-04-04 15:58:12
33499,410,4.0,1996-04-04 15:58:12
33499,352,4.0,1996-04-04 15:58:12
33499,351,3.0,1996-04-04 15:58:12
33499,349,5.0,1996-04-04 15:58:12
33499,344,3.0,1996-04-04 15:58:12
33499,161,5.0,1996-04-04 15:58:12
33499,160,2.0,1996-04-04 15:58:12
33499,153,4.0,1996-04-04 15:58:12
33499,150,5.0,1996-04-04 15:58:12
33499,144,3.0,1996-04-04 15:58:12
33499,110,5.0,1996-04-04 15:58:12
33499,39,4.0,1996-04-04 15:58:12
33499,163,4.0,1996-04-04 15:58:12
33499,235,4.0,1996-04-04 15:58:12
33499,168,3.0,1996-04-04 15:58:13
33499,299,4.0,1996-04-04 15:58:13
33499,268,4.0,1996-04-04 15:58:13
33499,266,3.0,1996-04-04 15:58:13
33499,292,4.0,1996-04-04 15:58:13
33499,300,4.0,1996-04-04 15:58:13
33499,272,4.0,1996-04-04 15:58:13
33499,319,2.0,1996-04-04 15:58:13
33499,276,3.0,1996-04-04 15:58:13
33499,278,4.0,1996-04-04 15:58:13
33499,279,4.0,1996-04-04 15:58:13
33499,280,5.0,1996-04-04 15:58:13
33499,281,4.0,1996-04-04 15:58:13
33499,282,5.0,1996-04-04 15:58:13
33499,288,3.0,1996-04-04 15:58:13
33499,314,4.0,1996-04-04 15:58:13
33499,151,4.0,1996-04-04 15:58:13
33499,318,5.0,1996-04-04 15:58:13
33499,196,3.0,1996-04-04 15:58:13
33499,296,5.0,1996-04-04 15:58:13
33499,261,4.0,1996-04-04 15:58:13
33499,234,2.0,1996-04-04 15:58:13
33499,252,2.0,1996-04-04 15:58:13
33499,257,2.0,1996-04-04 15:58:13
33499,186,2.0,1996-04-04 15:58:13
33499,173,4.0,1996-04-04 15:58:13
33499,316,3.0,1996-04-04 15:58:14
33499,327,4.0,1996-04-04 15:58:14
33499,50,4.0,1996-04-04 15:58:14
33499,331,3.0,1996-04-04 15:58:14
33499,336,3.0,1996-04-04 15:58:14
33499,337,4.0,1996-04-04 15:58:14
33499,380,4.0,1996-04-04 15:58:14
33499,555,4.0,1996-04-04 15:58:14
33499,340,4.0,1996-04-04 15:58:14
33499,553,4.0,1996-04-04 15:58:14
33499,204,3.0,1996-04-04 15:58:14
33499,203,4.0,1996-04-04 15:58:14
33583,289,4.0,1996-04-04 15:58:32
33583,434,4.0,1996-04-04 15:58:32
33583,303,5.0,1996-04-04 15:58:32
33583,296,3.0,1996-04-04 15:58:32
33583,23,4.0,1996-04-04 15:58:32
33583,28,5.0,1996-04-04 15:58:32
33583,468,3.0,1996-04-04 15:58:32
33583,110,5.0,1996-04-04 15:58:32
33583,272,5.0,1996-04-04 15:58:32
33583,417,3.0,1996-04-04 15:58:32
33583,688,3.0,1996-04-04 15:58:32
33583,592,4.0,1996-04-04 15:58:32
33583,173,3.0,1996-04-04 15:58:32
33583,590,3.0,1996-04-04 15:58:32
33583,177,3.0,1996-04-04 15:58:32
33583,185,4.0,1996-04-04 15:58:32
33583,161,4.0,1996-04-04 15:58:32
33583,153,4.0,1996-04-04 15:58:32
33583,349,4.0,1996-04-04 15:58:32
33583,342,5.0,1996-04-04 15:58:32
33583,300,4.0,1996-04-04 15:58:32
33583,235,5.0,1996-04-04 15:58:32
33583,160,1.0,1996-04-04 15:58:32
33583,427,2.0,1996-04-04 15:58:32
33583,198,4.0,1996-04-04 15:58:33
33583,208,4.0,1996-04-04 15:58:33
33583,316,5.0,1996-04-04 15:58:33
33583,315,4.0,1996-04-04 15:58:33
33583,339,5.0,1996-04-04 15:58:33
33583,151,3.0,1996-04-04 15:58:33
33583,50,5.0,1996-04-04 15:58:33
33583,319,4.0,1996-04-04 15:58:33
33583,380,4.0,1996-04-04 15:58:33
33583,338,4.0,1996-04-04 15:58:33
33583,196,3.0,1996-04-04 15:58:33
33960,21,4.0,1996-04-04 16:10:48
34056,14,4.0,1996-04-04 16:11:49
34056,21,5.0,1996-04-04 16:11:49
34056,2,4.0,1996-04-04 16:11:49
34056,74,1.0,1996-04-04 16:11:49
34056,1,5.0,1996-04-04 16:11:49
34056,62,5.0,1996-04-04 16:11:49
13128,21,5.0,1996-04-04 16:20:34
13128,11,5.0,1996-04-04 16:20:34
13128,2,4.0,1996-04-04 16:20:34
13128,608,5.0,1996-04-04 16:20:34
13128,141,5.0,1996-04-04 16:20:34
34056,50,5.0,1996-04-04 16:22:15
34056,177,3.0,1996-04-04 16:22:15
34056,196,3.0,1996-04-04 16:22:15
34056,417,4.0,1996-04-04 16:22:15
34056,223,4.0,1996-04-04 16:22:15
34056,237,4.0,1996-04-04 16:22:15
34056,288,5.0,1996-04-04 16:22:15
34056,333,3.0,1996-04-04 16:22:15
34056,150,5.0,1996-04-04 16:22:15
34056,342,5.0,1996-04-04 16:22:15
34056,555,4.0,1996-04-04 16:22:15
34146,173,5.0,1996-04-04 16:45:06
34146,168,5.0,1996-04-04 16:45:06
34146,161,4.0,1996-04-04 16:45:06
34146,160,4.0,1996-04-04 16:45:06
34146,282,5.0,1996-04-04 16:45:06
34146,437,4.0,1996-04-04 16:45:06
34146,274,5.0,1996-04-04 16:45:06
34146,185,5.0,1996-04-04 16:45:06
34146,186,5.0,1996-04-04 16:45:06
34146,218,2.0,1996-04-04 16:45:06
34146,222,5.0,1996-04-04 16:45:06
34146,227,4.0,1996-04-04 16:45:06
34146,158,5.0,1996-04-04 16:45:06
34146,252,3.0,1996-04-04 16:45:06
34146,266,5.0,1996-04-04 16:45:06
34146,267,4.0,1996-04-04 16:45:06
34146,275,2.0,1996-04-04 16:45:06
34146,150,5.0,1996-04-04 16:45:06
34146,588,5.0,1996-04-04 16:45:06
34146,57,3.0,1996-04-04 16:45:06
34146,292,5.0,1996-04-04 16:45:06
34146,296,2.0,1996-04-04 16:45:06
34146,432,5.0,1996-04-04 16:45:06
34146,592,5.0,1996-04-04 16:45:06
34146,595,5.0,1996-04-04 16:45:06
34146,590,5.0,1996-04-04 16:45:06
34146,272,5.0,1996-04-04 16:45:06
34146,110,5.0,1996-04-04 16:45:06
34146,315,5.0,1996-04-04 16:45:07
34146,151,5.0,1996-04-04 16:45:07
34146,318,5.0,1996-04-04 16:45:07
34146,314,5.0,1996-04-04 16:45:07
34146,381,5.0,1996-04-04 16:45:07
34146,317,5.0,1996-04-04 16:45:07
34146,304,5.0,1996-04-04 16:45:07
34146,204,5.0,1996-04-04 16:45:07
34146,208,4.0,1996-04-04 16:45:07
34146,203,1.0,1996-04-04 16:45:07
34146,303,5.0,1996-04-04 16:45:07
34146,553,5.0,1996-04-04 16:45:07
36202,223,5.0,1996-04-04 16:49:21
36202,588,4.0,1996-04-04 16:49:21
36202,272,4.0,1996-04-04 16:53:26
36202,342,4.0,1996-04-04 16:53:26
36202,352,1.0,1996-04-04 16:53:26
36202,234,4.0,1996-04-04 16:53:26
36202,468,4.0,1996-04-04 16:53:26
36202,337,4.0,1996-04-04 16:53:27
36202,296,4.0,1996-04-04 16:53:27
36202,185,4.0,1996-04-04 16:53:27
36202,278,5.0,1996-04-04 16:57:09
36202,254,4.0,1996-04-04 16:57:09
36202,314,4.0,1996-04-04 16:57:09
36202,316,3.0,1996-04-04 16:57:09
36202,381,4.0,1996-04-04 16:57:09
36202,171,3.0,1996-04-04 16:57:09
54737,223,5.0,1996-04-04 18:00:50
54737,413,5.0,1996-04-04 18:09:09
34938,468,4.0,1996-04-04 20:16:47
34938,590,4.0,1996-04-04 20:16:47
34938,592,4.0,1996-04-04 20:16:47
34938,150,5.0,1996-04-04 20:16:47
34938,272,4.0,1996-04-04 20:16:47
34938,316,2.0,1996-04-04 20:16:47
34938,208,2.0,1996-04-04 20:16:47
34938,158,3.0,1996-04-04 20:16:47
34938,153,3.0,1996-04-04 20:16:47
34938,296,5.0,1996-04-04 20:16:47
34938,300,5.0,1996-04-04 20:16:47
34938,303,4.0,1996-04-04 20:16:47
34938,314,3.0,1996-04-04 20:16:47
34938,235,5.0,1996-04-04 20:16:47
34938,349,4.0,1996-04-04 20:16:47
34938,380,5.0,1996-04-04 20:16:47
34938,410,4.0,1996-04-04 20:20:43
34938,320,5.0,1996-04-04 20:20:43
35320,21,5.0,1996-04-04 21:32:59
35320,95,5.0,1996-04-04 21:32:59
35320,344,4.0,1996-04-04 21:55:19
35320,349,4.0,1996-04-04 21:55:19
35320,351,4.0,1996-04-04 21:55:19
35320,39,5.0,1996-04-04 21:55:19
35320,31,4.0,1996-04-04 21:55:19
35320,22,4.0,1996-04-04 21:55:19
35320,110,5.0,1996-04-04 21:55:19
35320,592,4.0,1996-04-04 21:55:19
35320,153,3.0,1996-04-04 21:55:19
35320,160,3.0,1996-04-04 21:55:19
35320,224,5.0,1996-04-04 21:55:19
35320,416,3.0,1996-04-04 21:55:19
35320,150,5.0,1996-04-04 21:55:19
35320,427,2.0,1996-04-04 21:55:19
35320,432,3.0,1996-04-04 21:55:19
35320,468,4.0,1996-04-04 21:55:19
35320,227,4.0,1996-04-04 21:55:19
35320,434,5.0,1996-04-04 21:55:19
35320,161,5.0,1996-04-04 21:55:19
35320,590,4.0,1996-04-04 21:55:19
35320,234,4.0,1996-04-04 21:55:19
35320,235,4.0,1996-04-04 21:55:19
35320,275,2.0,1996-04-04 21:55:20
35320,170,3.0,1996-04-04 21:55:20
35320,193,3.0,1996-04-04 21:55:20
35320,179,4.0,1996-04-04 21:55:20
35320,300,4.0,1996-04-04 21:55:20
35320,296,5.0,1996-04-04 21:55:20
35320,317,4.0,1996-04-04 21:55:20
35320,318,4.0,1996-04-04 21:55:20
35320,278,4.0,1996-04-04 21:55:20
35320,276,4.0,1996-04-04 21:55:20
35320,236,5.0,1996-04-04 21:55:20
35320,237,4.0,1996-04-04 21:55:20
35320,168,4.0,1996-04-04 21:55:20
35320,151,4.0,1996-04-04 21:55:20
35320,254,4.0,1996-04-04 21:55:20
35320,303,3.0,1996-04-04 21:55:20
35320,172,2.0,1996-04-04 21:55:20
35320,252,4.0,1996-04-04 21:55:20
35320,261,4.0,1996-04-04 21:55:20
35320,266,5.0,1996-04-04 21:55:20
35320,256,4.0,1996-04-04 21:55:20
35320,314,4.0,1996-04-04 21:55:20
35320,173,2.0,1996-04-04 21:55:20
35320,267,4.0,1996-04-04 21:55:20
35320,279,5.0,1996-04-04 21:55:20
35320,274,4.0,1996-04-04 21:55:20
35320,292,4.0,1996-04-04 21:55:20
35320,257,5.0,1996-04-04 21:55:20
35320,282,4.0,1996-04-04 21:55:20
35320,174,2.0,1996-04-04 21:55:20
35320,337,4.0,1996-04-04 21:55:21
35320,553,3.0,1996-04-04 21:55:21
35320,338,4.0,1996-04-04 21:55:21
35320,339,5.0,1996-04-04 21:55:21
35320,340,3.0,1996-04-04 21:55:21
35320,554,4.0,1996-04-04 21:55:21
35320,380,5.0,1996-04-04 21:55:21
35320,50,4.0,1996-04-04 21:55:21
35320,196,4.0,1996-04-04 21:55:21
35320,204,4.0,1996-04-04 21:55:21
35320,208,3.0,1996-04-04 21:55:21
35320,316,3.0,1996-04-04 21:55:21
35320,381,4.0,1996-04-04 21:55:21
35320,315,4.0,1996-04-04 21:55:21
35320,185,4.0,1996-04-04 22:01:50
35320,215,3.0,1996-04-04 22:01:50
35320,222,4.0,1996-04-04 22:01:50
35320,420,4.0,1996-04-04 22:01:50
35320,281,4.0,1996-04-04 22:01:50
35320,145,4.0,1996-04-04 22:01:50
35320,588,4.0,1996-04-04 22:01:50
35320,225,4.0,1996-04-04 22:01:50
35320,270,3.0,1996-04-04 22:03:33
35320,437,3.0,1996-04-04 22:03:33
35320,352,4.0,1996-04-04 22:12:03
35320,417,3.0,1996-04-04 22:12:03
36095,95,3.0,1996-04-05 04:50:01
36095,10,5.0,1996-04-05 04:50:01
36095,288,3.0,1996-04-05 04:58:13
36095,420,2.0,1996-04-05 04:58:13
36095,349,5.0,1996-04-05 04:58:13
36095,344,3.0,1996-04-05 04:58:13
36095,292,3.0,1996-04-05 04:58:13
36095,227,4.0,1996-04-05 04:58:13
36095,19,3.0,1996-04-05 04:58:13
36095,110,4.0,1996-04-05 04:58:13
36095,153,4.0,1996-04-05 04:58:13
36095,161,5.0,1996-04-05 04:58:13
36095,163,4.0,1996-04-05 04:58:13
36095,173,4.0,1996-04-05 04:58:13
36095,434,4.0,1996-04-05 04:58:13
36095,592,4.0,1996-04-05 04:58:13
36095,204,4.0,1996-04-05 04:58:14
36095,555,4.0,1996-04-05 04:58:14
36095,151,4.0,1996-04-05 04:58:14
36095,380,5.0,1996-04-05 04:58:14
36095,553,3.0,1996-04-05 04:58:14
36095,296,5.0,1996-04-05 04:58:14
36095,208,5.0,1996-04-05 04:58:14
36095,316,4.0,1996-04-05 04:58:14
36095,315,3.0,1996-04-05 04:58:14
36482,36,5.0,1996-04-05 06:58:34
36482,1,5.0,1996-04-05 06:58:34
36482,102,5.0,1996-04-05 06:58:34
36482,610,4.0,1996-04-05 06:58:34
36482,2,4.0,1996-04-05 06:58:34
36482,10,4.0,1996-04-05 06:58:34
36482,104,3.0,1996-04-05 06:58:34
36482,25,5.0,1996-04-05 06:58:34
36482,111,5.0,1996-04-05 06:58:34
36482,592,4.0,1996-04-05 07:16:17
36482,595,5.0,1996-04-05 07:16:17
36482,590,5.0,1996-04-05 07:16:17
36482,427,5.0,1996-04-05 07:16:17
36482,431,5.0,1996-04-05 07:16:17
36482,349,5.0,1996-04-05 07:16:17
36482,410,3.0,1996-04-05 07:16:17
36482,468,5.0,1996-04-05 07:16:17
36482,437,4.0,1996-04-05 07:16:17
36482,435,3.0,1996-04-05 07:16:17
36482,432,4.0,1996-04-05 07:16:17
36482,420,4.0,1996-04-05 07:16:17
36482,426,3.0,1996-04-05 07:16:17
36482,588,5.0,1996-04-05 07:16:17
36482,344,3.0,1996-04-05 07:16:17
36482,170,4.0,1996-04-05 07:16:17
36482,39,5.0,1996-04-05 07:16:17
36482,19,2.0,1996-04-05 07:16:17
36482,160,4.0,1996-04-05 07:16:17
36482,158,4.0,1996-04-05 07:16:17
36482,153,4.0,1996-04-05 07:16:17
36482,150,4.0,1996-04-05 07:16:17
36482,180,4.0,1996-04-05 07:16:17
36482,145,3.0,1996-04-05 07:16:17
36482,216,3.0,1996-04-05 07:16:17
36482,277,5.0,1996-04-05 07:16:17
36482,235,5.0,1996-04-05 07:16:17
36482,218,4.0,1996-04-05 07:16:17
36482,223,5.0,1996-04-05 07:16:17
36482,177,4.0,1996-04-05 07:16:17
36482,233,5.0,1996-04-05 07:16:17
36482,161,5.0,1996-04-05 07:16:17
36482,175,2.0,1996-04-05 07:16:17
36482,198,5.0,1996-04-05 07:16:18
36482,339,5.0,1996-04-05 07:16:18
36482,338,4.0,1996-04-05 07:16:18
36482,380,5.0,1996-04-05 07:16:18
36482,282,4.0,1996-04-05 07:16:18
36482,288,5.0,1996-04-05 07:16:18
36482,292,4.0,1996-04-05 07:16:18
36482,337,5.0,1996-04-05 07:16:18
36482,208,5.0,1996-04-05 07:16:18
36482,50,5.0,1996-04-05 07:16:18
36482,316,5.0,1996-04-05 07:16:18
36482,318,5.0,1996-04-05 07:16:18
36482,296,5.0,1996-04-05 07:16:18
36482,185,4.0,1996-04-05 07:16:18
36482,186,5.0,1996-04-05 07:16:18
36482,303,4.0,1996-04-05 07:16:18
36482,327,5.0,1996-04-05 07:16:18
36578,296,5.0,1996-04-05 07:57:09
36578,161,4.0,1996-04-05 07:57:09
36578,150,5.0,1996-04-05 07:57:09
36578,318,5.0,1996-04-05 07:57:09
36578,555,5.0,1996-04-05 07:57:09
36578,266,4.0,1996-04-05 07:57:09
36578,344,4.0,1996-04-05 07:57:09
36578,435,1.0,1996-04-05 07:57:09
36578,434,4.0,1996-04-05 07:57:09
36578,349,5.0,1996-04-05 07:57:09
36578,223,5.0,1996-04-05 07:57:09
36578,590,5.0,1996-04-05 07:57:09
36669,349,5.0,1996-04-05 08:13:14
36669,144,5.0,1996-04-05 08:13:14
36669,150,5.0,1996-04-05 08:13:14
36669,153,4.0,1996-04-05 08:13:14
36669,431,5.0,1996-04-05 08:13:14
36669,19,4.0,1996-04-05 08:13:14
36669,344,4.0,1996-04-05 08:13:14
36669,592,5.0,1996-04-05 08:13:14
36669,413,3.0,1996-04-05 08:13:14
36669,223,5.0,1996-04-05 08:13:14
36669,216,4.0,1996-04-05 08:13:14
36669,296,5.0,1996-04-05 08:13:15
36669,288,5.0,1996-04-05 08:13:15
36669,185,4.0,1996-04-05 08:13:15
36669,161,5.0,1996-04-05 08:13:15
36669,292,4.0,1996-04-05 08:13:15
36669,300,4.0,1996-04-05 08:13:15
36669,196,3.0,1996-04-05 08:13:15
36669,590,5.0,1996-04-05 08:13:15
36669,203,4.0,1996-04-05 08:13:15
36669,380,4.0,1996-04-05 08:13:15
36669,168,4.0,1996-04-05 08:13:15
36669,160,4.0,1996-04-05 08:13:15
36669,50,5.0,1996-04-05 08:13:15
36669,333,4.0,1996-04-05 08:13:15
36669,252,5.0,1996-04-05 08:13:15
36578,288,4.0,1996-04-05 08:18:49
36578,553,5.0,1996-04-05 08:25:07
36578,118,3.0,1996-04-05 08:28:38
36578,70,4.0,1996-04-05 08:28:38
36786,141,5.0,1996-04-05 09:01:19
36786,94,3.0,1996-04-05 09:01:19
36786,5,4.0,1996-04-05 09:01:19
36786,10,5.0,1996-04-05 09:01:19
36786,11,5.0,1996-04-05 09:01:19
36786,62,5.0,1996-04-05 09:01:19
36786,588,5.0,1996-04-05 09:11:05
36786,110,5.0,1996-04-05 09:11:06
36786,351,4.0,1996-04-05 09:11:06
36786,349,4.0,1996-04-05 09:11:06
36786,144,5.0,1996-04-05 09:11:06
36786,236,4.0,1996-04-05 09:11:06
36786,237,4.0,1996-04-05 09:11:06
36786,432,4.0,1996-04-05 09:11:06
36786,252,3.0,1996-04-05 09:11:06
36786,257,2.0,1996-04-05 09:11:06
36786,234,5.0,1996-04-05 09:11:06
36786,225,3.0,1996-04-05 09:11:06
36786,224,4.0,1996-04-05 09:11:06
36786,222,3.0,1996-04-05 09:11:06
36786,153,4.0,1996-04-05 09:11:06
36786,158,3.0,1996-04-05 09:11:06
36786,168,2.0,1996-04-05 09:11:06
36786,31,3.0,1996-04-05 09:11:06
36786,39,5.0,1996-04-05 09:11:06
36786,595,5.0,1996-04-05 09:11:06
36786,592,4.0,1996-04-05 09:11:06
36786,590,5.0,1996-04-05 09:11:06
36786,266,3.0,1996-04-05 09:11:06
36786,215,5.0,1996-04-05 09:11:06
36786,60,4.0,1996-04-05 09:11:06
36786,468,4.0,1996-04-05 09:11:06
36786,218,4.0,1996-04-05 09:11:06
36786,339,5.0,1996-04-05 09:11:07
36786,271,4.0,1996-04-05 09:11:07
36786,317,4.0,1996-04-05 09:11:07
36786,555,1.0,1996-04-05 09:11:07
36786,296,2.0,1996-04-05 09:11:07
36786,292,3.0,1996-04-05 09:11:07
36786,380,4.0,1996-04-05 09:11:07
36786,381,4.0,1996-04-05 09:11:07
36786,342,5.0,1996-04-05 09:11:07
36786,318,5.0,1996-04-05 09:11:07
36786,289,4.0,1996-04-05 09:11:07
36786,50,5.0,1996-04-05 09:11:07
36786,151,4.0,1996-04-05 09:11:07
36786,179,1.0,1996-04-05 09:11:07
36786,186,4.0,1996-04-05 09:11:07
36786,48,5.0,1996-04-05 09:11:07
36786,203,3.0,1996-04-05 09:11:07
37801,204,3.0,1996-04-05 09:42:04
37234,10,4.0,1996-04-05 10:38:59
37234,1,5.0,1996-04-05 10:38:59
37234,316,5.0,1996-04-05 10:49:32
37234,313,5.0,1996-04-05 10:49:32
37234,590,5.0,1996-04-05 10:49:32
37234,592,5.0,1996-04-05 10:49:32
37234,300,5.0,1996-04-05 10:49:32
37234,595,5.0,1996-04-05 10:49:32
37234,296,4.0,1996-04-05 10:49:32
37234,186,4.0,1996-04-05 10:49:32
37234,261,3.0,1996-04-05 10:49:32
37234,256,4.0,1996-04-05 10:49:32
37234,196,3.0,1996-04-05 10:49:32
37234,588,5.0,1996-04-05 10:49:32
37234,173,4.0,1996-04-05 10:49:32
37234,161,5.0,1996-04-05 10:49:32
37234,153,4.0,1996-04-05 10:49:32
37234,150,5.0,1996-04-05 10:49:32
37234,48,5.0,1996-04-05 10:49:32
37234,272,5.0,1996-04-05 10:49:32
37234,380,4.0,1996-04-05 10:49:32
37234,344,3.0,1996-04-05 10:49:32
37234,327,4.0,1996-04-05 10:49:32
37234,339,5.0,1996-04-05 10:49:32
37495,344,4.0,1996-04-05 10:58:40
37495,249,5.0,1996-04-05 10:58:41
37495,595,5.0,1996-04-05 10:58:41
37495,590,5.0,1996-04-05 10:58:41
37495,588,5.0,1996-04-05 10:58:41
37495,410,4.0,1996-04-05 10:58:41
37495,337,5.0,1996-04-05 10:58:41
37495,318,5.0,1996-04-05 10:58:41
37495,314,5.0,1996-04-05 10:58:41
37495,300,5.0,1996-04-05 10:58:41
37495,292,4.0,1996-04-05 10:58:41
37495,282,5.0,1996-04-05 10:58:41
37495,243,3.0,1996-04-05 10:58:41
37495,151,5.0,1996-04-05 10:58:41
37495,235,4.0,1996-04-05 10:58:41
37495,224,4.0,1996-04-05 10:58:41
37495,185,5.0,1996-04-05 10:58:41
37495,168,4.0,1996-04-05 10:58:41
37495,161,5.0,1996-04-05 10:58:41
37495,160,4.0,1996-04-05 10:58:41
37495,236,5.0,1996-04-05 10:58:41
37495,150,5.0,1996-04-05 10:58:41
37495,34,4.0,1996-04-05 10:58:41
37495,19,4.0,1996-04-05 10:58:41
37783,95,4.0,1996-04-05 11:44:50
37783,74,3.0,1996-04-05 11:44:50
37783,21,4.0,1996-04-05 11:44:50
37783,10,4.0,1996-04-05 11:44:50
37783,62,4.0,1996-04-05 11:44:51
37783,25,5.0,1996-04-05 11:44:51
37783,1,5.0,1996-04-05 11:44:51
37783,172,2.0,1996-04-05 11:52:41
37783,555,5.0,1996-04-05 11:52:41
37783,417,5.0,1996-04-05 11:52:41
37783,296,5.0,1996-04-05 11:52:41
37783,300,4.0,1996-04-05 11:52:41
37783,315,4.0,1996-04-05 11:52:41
37783,337,5.0,1996-04-05 11:52:41
37783,344,2.0,1996-04-05 11:52:41
37783,349,4.0,1996-04-05 11:52:41
37783,380,4.0,1996-04-05 11:52:41
37783,416,4.0,1996-04-05 11:52:41
37783,319,5.0,1996-04-05 11:52:41
37783,50,5.0,1996-04-05 11:52:41
37783,292,4.0,1996-04-05 11:52:41
37783,256,4.0,1996-04-05 11:52:41
37783,235,4.0,1996-04-05 11:52:41
37783,223,5.0,1996-04-05 11:52:41
37783,216,3.0,1996-04-05 11:52:41
37991,588,5.0,1996-04-05 12:24:04
37991,153,4.0,1996-04-05 12:24:04
37991,592,4.0,1996-04-05 12:24:04
37991,150,5.0,1996-04-05 12:24:04
37991,34,5.0,1996-04-05 12:24:04
37991,595,5.0,1996-04-05 12:24:04
37991,151,5.0,1996-04-05 12:24:05
37991,224,4.0,1996-04-05 12:24:05
37991,160,1.0,1996-04-05 12:24:05
37991,161,5.0,1996-04-05 12:24:05
37991,186,3.0,1996-04-05 12:24:05
37991,218,4.0,1996-04-05 12:24:05
37991,222,5.0,1996-04-05 12:24:05
37991,110,5.0,1996-04-05 12:24:05
37991,225,4.0,1996-04-05 12:24:05
37991,282,5.0,1996-04-05 12:24:05
37991,237,4.0,1996-04-05 12:24:05
37991,590,5.0,1996-04-05 12:24:05
37991,468,4.0,1996-04-05 12:24:05
37991,434,2.0,1996-04-05 12:24:05
37991,381,4.0,1996-04-05 12:24:05
37991,349,4.0,1996-04-05 12:24:05
37991,339,5.0,1996-04-05 12:24:05
37991,337,5.0,1996-04-05 12:24:05
37991,318,5.0,1996-04-05 12:24:05
37991,314,4.0,1996-04-05 12:24:05
37991,236,4.0,1996-04-05 12:24:05
37991,299,5.0,1996-04-05 12:24:05
37991,292,4.0,1996-04-05 12:24:05
37991,279,4.0,1996-04-05 12:24:05
37991,277,4.0,1996-04-05 12:24:05
37991,266,4.0,1996-04-05 12:24:05
37991,256,3.0,1996-04-05 12:24:05
37991,261,5.0,1996-04-05 12:24:05
54019,700,5.0,1996-04-05 13:04:13
54019,145,4.0,1996-04-05 13:04:14
54019,223,5.0,1996-04-05 13:04:14
54019,435,3.0,1996-04-05 13:04:14
54019,216,5.0,1996-04-05 13:04:14
54019,261,5.0,1996-04-05 13:04:14
54019,158,5.0,1996-04-05 13:04:14
54019,174,1.0,1996-04-05 13:04:14
54019,39,4.0,1996-04-05 13:04:14
54019,159,5.0,1996-04-05 13:04:14
54019,288,1.0,1996-04-05 13:04:14
54019,186,2.0,1996-04-05 13:04:14
54019,185,5.0,1996-04-05 13:04:14
54019,22,5.0,1996-04-05 13:04:14
29539,225,5.0,1996-04-05 13:05:03
29539,380,5.0,1996-04-05 13:05:03
29539,339,4.0,1996-04-05 13:05:03
54019,218,4.0,1996-04-05 13:07:23
29539,257,5.0,1996-04-05 13:07:48
29539,185,5.0,1996-04-05 13:07:49
29539,281,5.0,1996-04-05 13:07:49
29539,277,4.0,1996-04-05 13:07:49
38191,344,3.0,1996-04-05 13:15:03
38191,410,3.0,1996-04-05 13:15:03
38191,225,4.0,1996-04-05 13:15:04
38191,234,3.0,1996-04-05 13:15:04
38191,218,4.0,1996-04-05 13:15:04
38191,592,4.0,1996-04-05 13:15:04
38191,230,5.0,1996-04-05 13:15:04
38191,122,4.0,1996-04-05 13:15:04
38191,145,4.0,1996-04-05 13:15:04
38191,153,4.0,1996-04-05 13:15:04
38191,437,3.0,1996-04-05 13:15:04
38191,435,4.0,1996-04-05 13:15:04
38191,34,4.0,1996-04-05 13:15:04
38191,256,4.0,1996-04-05 13:15:04
38191,351,4.0,1996-04-05 13:15:04
38191,352,3.0,1996-04-05 13:15:04
38191,241,3.0,1996-04-05 13:15:04
38191,420,3.0,1996-04-05 13:15:04
38191,236,4.0,1996-04-05 13:15:04
38191,22,5.0,1996-04-05 13:15:04
38191,432,4.0,1996-04-05 13:15:04
38191,434,3.0,1996-04-05 13:15:04
38191,237,3.0,1996-04-05 13:15:04
38191,275,3.0,1996-04-05 13:15:05
38191,303,3.0,1996-04-05 13:15:05
38191,266,5.0,1996-04-05 13:15:05
38191,296,2.0,1996-04-05 13:15:05
38191,289,4.0,1996-04-05 13:15:05
38191,276,3.0,1996-04-05 13:15:05
38191,274,3.0,1996-04-05 13:15:05
38191,318,4.0,1996-04-05 13:15:05
38191,304,4.0,1996-04-05 13:15:05
38191,267,3.0,1996-04-05 13:15:05
38191,553,4.0,1996-04-05 13:15:05
38191,186,4.0,1996-04-05 13:15:05
38191,339,4.0,1996-04-05 13:15:06
38191,555,4.0,1996-04-05 13:15:06
38191,333,3.0,1996-04-05 13:15:06
38303,588,5.0,1996-04-05 13:23:43
38303,110,5.0,1996-04-05 13:23:43
38303,434,4.0,1996-04-05 13:23:43
38303,432,4.0,1996-04-05 13:23:43
38303,431,4.0,1996-04-05 13:23:43
38303,420,4.0,1996-04-05 13:23:43
38303,23,5.0,1996-04-05 13:23:43
38303,349,5.0,1996-04-05 13:23:43
38303,22,5.0,1996-04-05 13:23:44
38303,225,4.0,1996-04-05 13:23:44
38303,169,4.0,1996-04-05 13:23:44
38303,168,3.0,1996-04-05 13:23:44
38303,590,4.0,1996-04-05 13:23:44
38303,237,3.0,1996-04-05 13:23:44
38303,236,5.0,1996-04-05 13:23:44
38303,224,3.0,1996-04-05 13:23:44
38303,161,5.0,1996-04-05 13:23:44
38303,39,5.0,1996-04-05 13:23:44
38303,151,4.0,1996-04-05 13:23:45
38303,249,4.0,1996-04-05 13:23:45
38303,185,4.0,1996-04-05 13:23:45
38303,254,4.0,1996-04-05 13:23:45
38303,270,4.0,1996-04-05 13:23:45
38303,272,5.0,1996-04-05 13:23:45
38303,339,5.0,1996-04-05 13:23:45
38303,380,5.0,1996-04-05 13:23:45
38303,553,4.0,1996-04-05 13:23:45
38303,315,5.0,1996-04-05 13:23:45
38303,317,5.0,1996-04-05 13:23:45
38303,281,5.0,1996-04-05 13:23:45
38303,266,4.0,1996-04-05 13:23:45
38303,279,4.0,1996-04-05 13:23:45
38303,554,4.0,1996-04-05 13:23:45
38521,21,5.0,1996-04-05 13:39:27
38521,10,4.0,1996-04-05 13:39:27
38521,608,5.0,1996-04-05 13:39:27
38521,2,5.0,1996-04-05 13:41:18
38521,1,5.0,1996-04-05 13:41:18
38625,141,5.0,1996-04-05 13:48:27
38625,608,5.0,1996-04-05 13:48:27
38625,16,5.0,1996-04-05 13:48:27
38625,10,4.0,1996-04-05 13:48:27
38625,1,5.0,1996-04-05 13:48:27
33499,198,4.0,1996-04-05 13:52:19
38741,1,5.0,1996-04-05 14:06:19
38741,36,5.0,1996-04-05 14:06:19
38741,141,4.0,1996-04-05 14:06:19
38741,14,4.0,1996-04-05 14:06:19
38625,673,5.0,1996-04-05 14:12:34
38625,344,4.0,1996-04-05 14:12:34
38625,588,5.0,1996-04-05 14:12:34
38625,19,1.0,1996-04-05 14:32:55
38625,410,5.0,1996-04-05 14:32:55
38625,172,2.0,1996-04-05 14:39:47
38625,171,5.0,1996-04-05 14:39:47
38625,161,4.0,1996-04-05 14:39:47
38625,590,5.0,1996-04-05 14:39:47
38625,173,4.0,1996-04-05 14:39:47
38625,249,5.0,1996-04-05 14:39:47
38625,243,2.0,1996-04-05 14:39:47
38625,235,5.0,1996-04-05 14:39:47
38625,318,3.0,1996-04-05 14:48:32
38625,300,4.0,1996-04-05 14:48:32
38625,272,5.0,1996-04-05 14:48:32
38625,595,5.0,1996-04-05 14:48:32
38625,150,4.0,1996-04-05 14:48:32
38625,337,5.0,1996-04-05 14:48:32
38625,39,5.0,1996-04-05 14:48:32
38625,158,4.0,1996-04-05 14:51:15
38625,160,4.0,1996-04-05 14:51:15
38625,256,4.0,1996-04-05 14:51:15
38625,276,5.0,1996-04-05 14:51:15
38625,277,5.0,1996-04-05 14:51:15
38625,44,4.0,1996-04-05 14:51:15
38625,432,2.0,1996-04-05 14:51:15
38625,434,4.0,1996-04-05 14:51:15
38625,435,4.0,1996-04-05 14:51:15
38625,153,5.0,1996-04-05 14:51:15
38625,48,4.0,1996-04-05 14:51:15
38625,592,5.0,1996-04-05 14:51:15
38625,316,4.0,1996-04-05 14:51:16
38625,317,3.0,1996-04-05 14:51:16
38625,380,5.0,1996-04-05 14:51:16
38625,208,3.0,1996-04-05 14:51:16
38625,333,3.0,1996-04-05 14:51:16
35241,198,3.0,1996-04-05 15:22:20
29639,588,5.0,1996-04-05 15:25:58
29639,592,4.0,1996-04-05 15:25:58
29639,34,4.0,1996-04-05 15:25:58
29639,153,4.0,1996-04-05 15:25:58
29639,344,4.0,1996-04-05 15:25:58
29639,410,5.0,1996-04-05 15:25:58
41500,664,3.0,1996-04-05 15:28:27
41500,628,4.0,1996-04-05 15:28:28
29639,234,1.0,1996-04-05 15:30:15
29639,203,5.0,1996-04-05 15:30:15
29639,235,5.0,1996-04-05 15:30:15
29639,171,4.0,1996-04-05 15:30:15
29639,151,1.0,1996-04-05 15:30:15
29639,380,4.0,1996-04-05 15:30:15
29639,316,5.0,1996-04-05 15:30:15
29639,435,1.0,1996-04-05 15:30:15
29639,158,5.0,1996-04-05 15:30:15
29639,339,4.0,1996-04-05 15:30:15
29639,312,5.0,1996-04-05 15:33:11
29639,168,1.0,1996-04-05 15:33:11
29639,437,1.0,1996-04-05 15:33:11
29639,292,1.0,1996-04-05 15:35:32
29639,352,1.0,1996-04-05 15:35:32
29639,194,5.0,1996-04-05 15:35:32
29639,296,1.0,1996-04-05 15:35:32
29639,110,1.0,1996-04-05 15:37:55
29639,169,1.0,1996-04-05 15:37:55
29639,44,1.0,1996-04-05 15:37:55
29639,161,1.0,1996-04-05 15:37:55
29639,282,1.0,1996-04-05 15:37:55
29639,288,1.0,1996-04-05 15:39:58
39525,36,2.0,1996-04-05 15:54:27
39525,111,4.0,1996-04-05 15:54:27
39525,95,4.0,1996-04-05 15:54:27
39525,10,4.0,1996-04-05 15:54:27
37801,243,2.0,1996-04-05 16:09:36
39932,17,4.0,1996-04-05 16:46:28
39932,1,4.0,1996-04-05 16:46:28
39932,21,4.0,1996-04-05 16:46:28
39932,10,5.0,1996-04-05 16:46:28
39932,111,5.0,1996-04-05 16:46:28
39932,417,5.0,1996-04-05 16:58:26
39932,34,5.0,1996-04-05 16:58:26
39932,343,4.0,1996-04-05 16:58:26
39932,344,4.0,1996-04-05 16:58:26
39932,592,4.0,1996-04-05 16:58:26
39932,413,5.0,1996-04-05 16:58:26
39932,153,4.0,1996-04-05 16:58:26
39932,223,5.0,1996-04-05 16:58:26
39932,216,3.0,1996-04-05 16:58:26
39932,215,5.0,1996-04-05 16:58:26
39932,349,5.0,1996-04-05 16:58:26
39932,410,3.0,1996-04-05 16:58:26
39932,380,5.0,1996-04-05 16:58:27
39932,435,3.0,1996-04-05 16:58:27
39932,342,5.0,1996-04-05 16:58:27
39932,316,3.0,1996-04-05 16:58:27
39932,252,4.0,1996-04-05 16:58:27
39932,237,5.0,1996-04-05 16:58:27
39932,275,4.0,1996-04-05 16:58:27
39932,281,5.0,1996-04-05 16:58:27
39932,288,5.0,1996-04-05 16:58:27
39932,555,5.0,1996-04-05 16:58:27
39932,235,5.0,1996-04-05 16:58:27
39932,234,4.0,1996-04-05 16:58:27
39932,229,5.0,1996-04-05 16:58:27
39932,224,5.0,1996-04-05 16:58:27
39932,196,3.0,1996-04-05 16:58:27
39932,208,4.0,1996-04-05 16:58:27
39932,173,5.0,1996-04-05 16:58:27
39932,317,4.0,1996-04-05 16:58:27
39932,296,5.0,1996-04-05 16:58:27
39932,318,5.0,1996-04-05 16:58:27
39932,327,4.0,1996-04-05 16:58:27
39932,181,1.0,1996-04-05 16:58:27
39932,39,5.0,1996-04-05 16:58:27
39932,50,5.0,1996-04-05 16:58:27
39932,172,4.0,1996-04-05 16:58:27
39932,339,4.0,1996-04-05 16:58:28
40026,432,5.0,1996-04-05 17:13:13
40026,19,2.0,1996-04-05 17:13:13
40026,437,3.0,1996-04-05 17:13:13
40026,435,4.0,1996-04-05 17:13:13
40026,434,3.0,1996-04-05 17:13:13
40026,595,5.0,1996-04-05 17:13:13
40026,588,4.0,1996-04-05 17:13:13
40026,158,4.0,1996-04-05 17:13:13
40026,172,5.0,1996-04-05 17:13:13
40026,590,5.0,1996-04-05 17:13:13
40026,150,4.0,1996-04-05 17:13:13
40026,592,4.0,1996-04-05 17:13:13
40026,289,4.0,1996-04-05 17:13:13
40026,303,3.0,1996-04-05 17:13:13
40026,317,5.0,1996-04-05 17:13:13
40026,160,4.0,1996-04-05 17:13:13
40026,318,5.0,1996-04-05 17:13:13
40026,344,4.0,1996-04-05 17:13:13
40026,280,5.0,1996-04-05 17:13:13
40026,316,5.0,1996-04-05 17:13:14
40026,203,5.0,1996-04-05 17:13:14
40026,338,3.0,1996-04-05 17:13:14
40026,553,4.0,1996-04-05 17:13:14
40026,380,5.0,1996-04-05 17:13:14
40026,196,5.0,1996-04-05 17:13:14
40125,85,5.0,1996-04-05 17:26:38
40125,17,5.0,1996-04-05 17:26:38
40125,43,5.0,1996-04-05 17:26:38
40125,588,4.0,1996-04-05 17:47:31
40125,410,4.0,1996-04-05 17:47:31
40125,316,4.0,1996-04-05 17:47:32
40125,296,4.0,1996-04-05 17:47:32
40125,272,5.0,1996-04-05 17:47:32
40125,249,3.0,1996-04-05 17:47:32
40125,417,5.0,1996-04-05 17:47:32
40125,39,4.0,1996-04-05 17:47:32
40125,150,5.0,1996-04-05 17:47:32
40125,233,5.0,1996-04-05 17:47:32
40125,28,5.0,1996-04-05 17:47:32
40125,592,4.0,1996-04-05 17:47:32
40125,224,5.0,1996-04-05 17:47:32
40125,590,4.0,1996-04-05 17:47:32
12314,10,4.0,1996-04-05 17:58:06
12314,380,3.0,1996-04-05 18:03:28
12314,338,4.0,1996-04-05 18:03:28
12314,223,4.0,1996-04-05 18:03:28
12314,13,3.0,1996-04-05 18:03:28
12314,168,4.0,1996-04-05 18:03:28
12314,181,1.0,1996-04-05 18:06:22
40311,410,4.0,1996-04-05 18:27:10
40311,380,4.0,1996-04-05 18:27:10
40311,351,2.0,1996-04-05 18:27:10
40311,344,4.0,1996-04-05 18:27:10
40311,342,5.0,1996-04-05 18:27:10
40311,261,3.0,1996-04-05 18:27:10
40311,318,5.0,1996-04-05 18:27:10
40311,303,3.0,1996-04-05 18:27:10
40311,300,3.0,1996-04-05 18:27:10
40311,296,4.0,1996-04-05 18:27:10
40311,590,4.0,1996-04-05 18:27:10
40311,288,5.0,1996-04-05 18:27:10
40311,592,3.0,1996-04-05 18:27:10
40311,588,3.0,1996-04-05 18:27:10
40311,169,3.0,1996-04-05 18:27:10
40311,230,5.0,1996-04-05 18:27:10
40311,218,4.0,1996-04-05 18:27:10
40311,203,4.0,1996-04-05 18:27:10
40311,179,2.0,1996-04-05 18:27:10
40311,163,5.0,1996-04-05 18:27:10
40311,150,4.0,1996-04-05 18:27:10
40311,237,2.0,1996-04-05 18:27:10
40311,266,5.0,1996-04-05 18:27:10
40311,595,4.0,1996-04-05 18:27:10
40311,337,5.0,1996-04-05 18:27:11
40311,381,3.0,1996-04-05 18:27:11
40311,208,2.0,1996-04-05 18:27:11
40499,153,3.0,1996-04-05 19:06:49
40499,413,3.0,1996-04-05 19:06:49
40499,216,5.0,1996-04-05 19:06:49
40499,432,4.0,1996-04-05 19:06:49
40499,435,3.0,1996-04-05 19:06:49
40499,434,4.0,1996-04-05 19:06:49
40499,588,4.0,1996-04-05 19:06:49
40499,344,5.0,1996-04-05 19:06:49
40499,592,3.0,1996-04-05 19:06:49
40499,410,3.0,1996-04-05 19:06:49
40499,19,4.0,1996-04-05 19:06:49
40499,173,3.0,1996-04-05 19:06:50
40499,185,5.0,1996-04-05 19:06:50
40499,208,1.0,1996-04-05 19:06:50
40499,339,5.0,1996-04-05 19:06:50
40499,336,2.0,1996-04-05 19:06:50
40499,333,4.0,1996-04-05 19:06:50
40499,317,4.0,1996-04-05 19:06:50
40499,325,1.0,1996-04-05 19:06:50
40499,280,3.0,1996-04-05 19:06:50
40499,275,4.0,1996-04-05 19:06:50
40499,274,4.0,1996-04-05 19:06:50
40499,590,3.0,1996-04-05 19:06:50
40499,332,2.0,1996-04-05 19:06:50
40499,31,5.0,1996-04-05 19:06:50
40499,380,5.0,1996-04-05 19:06:50
40619,160,4.0,1996-04-05 19:09:45
40619,252,5.0,1996-04-05 19:09:45
40619,169,3.0,1996-04-05 19:09:45
40619,158,4.0,1996-04-05 19:09:45
40619,153,5.0,1996-04-05 19:09:45
40619,150,5.0,1996-04-05 19:09:45
40619,344,3.0,1996-04-05 19:09:45
40619,60,4.0,1996-04-05 19:09:45
40619,19,4.0,1996-04-05 19:09:45
40619,410,3.0,1996-04-05 19:09:45
40619,34,5.0,1996-04-05 19:09:45
40619,592,5.0,1996-04-05 19:09:45
40619,432,5.0,1996-04-05 19:09:45
40619,588,5.0,1996-04-05 19:09:45
40619,426,3.0,1996-04-05 19:09:45
40619,318,5.0,1996-04-05 19:09:46
40619,316,5.0,1996-04-05 19:09:46
40619,208,4.0,1996-04-05 19:09:46
40619,181,2.0,1996-04-05 19:09:46
40619,380,4.0,1996-04-05 19:09:46
12314,227,5.0,1996-04-05 20:34:15
12314,22,5.0,1996-04-05 20:34:15
40917,413,2.0,1996-04-05 21:41:50
40917,344,5.0,1996-04-05 21:41:50
40917,595,3.0,1996-04-05 21:41:50
40917,592,4.0,1996-04-05 21:41:50
40917,588,5.0,1996-04-05 21:41:50
40917,410,5.0,1996-04-05 21:41:50
40917,420,5.0,1996-04-05 21:41:50
40917,416,5.0,1996-04-05 21:41:50
40917,431,5.0,1996-04-05 21:41:50
40917,426,4.0,1996-04-05 21:41:50
40917,216,3.0,1996-04-05 21:41:50
40917,351,4.0,1996-04-05 21:41:51
40917,349,4.0,1996-04-05 21:41:51
40917,235,3.0,1996-04-05 21:41:51
40917,31,5.0,1996-04-05 21:41:51
40917,234,4.0,1996-04-05 21:41:51
40917,227,4.0,1996-04-05 21:41:51
40917,432,5.0,1996-04-05 21:41:51
40917,435,4.0,1996-04-05 21:41:51
40917,468,3.0,1996-04-05 21:41:51
40917,169,4.0,1996-04-05 21:41:51
40917,168,4.0,1996-04-05 21:41:51
40917,161,5.0,1996-04-05 21:41:51
40917,225,5.0,1996-04-05 21:41:51
40917,160,3.0,1996-04-05 21:41:51
40917,434,3.0,1996-04-05 21:41:51
40917,224,4.0,1996-04-05 21:41:51
40917,158,5.0,1996-04-05 21:41:51
40917,590,5.0,1996-04-05 21:41:51
40917,173,3.0,1996-04-05 21:41:52
40917,257,4.0,1996-04-05 21:41:52
40917,274,3.0,1996-04-05 21:41:52
40917,276,4.0,1996-04-05 21:41:52
40917,277,4.0,1996-04-05 21:41:52
40917,280,4.0,1996-04-05 21:41:52
40917,252,5.0,1996-04-05 21:41:52
40917,267,4.0,1996-04-05 21:41:52
40917,266,4.0,1996-04-05 21:41:52
40917,688,4.0,1996-04-05 21:41:52
40917,48,5.0,1996-04-05 21:41:52
40917,181,3.0,1996-04-05 21:41:52
40917,172,5.0,1996-04-05 21:41:52
40917,186,4.0,1996-04-05 21:41:52
40917,553,4.0,1996-04-05 21:41:53
40917,315,3.0,1996-04-05 21:41:53
40917,304,4.0,1996-04-05 21:41:53
40917,327,4.0,1996-04-05 21:41:53
40917,339,5.0,1996-04-05 21:41:53
40917,380,5.0,1996-04-05 21:41:53
40917,193,2.0,1996-04-05 21:41:53
40917,316,4.0,1996-04-05 21:41:53
40917,318,5.0,1996-04-05 21:41:53
40917,196,4.0,1996-04-05 21:41:53
41003,161,5.0,1996-04-05 22:45:49
41003,150,5.0,1996-04-05 22:45:49
41003,588,5.0,1996-04-05 22:45:49
41003,595,5.0,1996-04-05 22:45:49
41003,349,4.0,1996-04-05 22:45:49
41003,110,5.0,1996-04-05 22:45:49
41003,34,4.0,1996-04-05 22:45:49
41003,153,4.0,1996-04-05 22:45:49
41003,252,5.0,1996-04-05 22:45:50
41003,185,4.0,1996-04-05 22:45:50
41003,172,1.0,1996-04-05 22:45:50
41003,168,4.0,1996-04-05 22:45:50
41003,292,5.0,1996-04-05 22:45:50
41003,266,5.0,1996-04-05 22:45:50
41003,277,5.0,1996-04-05 22:45:50
41003,280,5.0,1996-04-05 22:45:50
41003,282,4.0,1996-04-05 22:45:50
41003,240,3.0,1996-04-05 22:45:50
41003,256,3.0,1996-04-05 22:45:50
41003,234,1.0,1996-04-05 22:45:50
41003,196,3.0,1996-04-05 22:45:51
41003,380,5.0,1996-04-05 22:45:51
41003,316,3.0,1996-04-05 22:45:51
41003,340,5.0,1996-04-05 22:45:51
41003,317,2.0,1996-04-05 22:45:51
41003,339,4.0,1996-04-05 22:45:51
41003,315,3.0,1996-04-05 22:45:51
41003,337,3.0,1996-04-05 22:45:51
41003,318,5.0,1996-04-05 22:45:51
41003,553,5.0,1996-04-05 22:45:51
41197,1,5.0,1996-04-06 01:47:30
41296,70,5.0,1996-04-06 03:35:01
41296,709,5.0,1996-04-06 03:35:01
41296,21,4.0,1996-04-06 03:35:01
41296,1,5.0,1996-04-06 03:35:01
41296,150,5.0,1996-04-06 03:42:17
41296,314,5.0,1996-04-06 03:42:17
41296,319,5.0,1996-04-06 03:42:17
41296,48,4.0,1996-04-06 03:42:17
41296,592,5.0,1996-04-06 03:42:17
41296,595,5.0,1996-04-06 03:42:17
41296,300,5.0,1996-04-06 03:42:17
41296,344,3.0,1996-04-06 03:42:17
41296,410,4.0,1996-04-06 03:42:17
41296,432,4.0,1996-04-06 03:42:17
41296,23,5.0,1996-04-06 03:42:17
41296,296,5.0,1996-04-06 03:42:17
41296,292,5.0,1996-04-06 03:42:17
41296,282,5.0,1996-04-06 03:42:17
41296,39,4.0,1996-04-06 03:42:17
41296,34,5.0,1996-04-06 03:42:17
41296,31,3.0,1996-04-06 03:42:17
41296,110,5.0,1996-04-06 03:42:17
41296,151,4.0,1996-04-06 03:42:17
41296,153,4.0,1996-04-06 03:42:17
41296,185,4.0,1996-04-06 03:42:17
41296,163,4.0,1996-04-06 03:42:17
41296,261,4.0,1996-04-06 03:42:17
41296,280,5.0,1996-04-06 03:42:17
41296,259,3.0,1996-04-06 03:42:17
41296,256,4.0,1996-04-06 03:42:17
41296,235,5.0,1996-04-06 03:42:17
41296,588,5.0,1996-04-06 03:42:17
41296,230,5.0,1996-04-06 03:42:17
41296,555,4.0,1996-04-06 03:42:18
41296,196,3.0,1996-04-06 03:42:18
41296,339,5.0,1996-04-06 03:42:18
41296,380,5.0,1996-04-06 03:42:18
41296,327,4.0,1996-04-06 03:42:18
41483,94,3.0,1996-04-06 07:04:11
41483,416,1.0,1996-04-06 07:14:03
41483,34,5.0,1996-04-06 07:14:03
41483,146,3.0,1996-04-06 07:14:03
41483,588,5.0,1996-04-06 07:14:03
41483,150,5.0,1996-04-06 07:14:03
41483,592,5.0,1996-04-06 07:14:03
41483,153,4.0,1996-04-06 07:14:03
41483,344,4.0,1996-04-06 07:14:03
41483,163,1.0,1996-04-06 07:14:04
41483,161,5.0,1996-04-06 07:14:04
41483,160,1.0,1996-04-06 07:14:04
41483,225,5.0,1996-04-06 07:14:04
41483,432,1.0,1996-04-06 07:14:04
41483,431,3.0,1996-04-06 07:14:04
41483,595,4.0,1996-04-06 07:14:04
41483,590,5.0,1996-04-06 07:14:04
41483,349,5.0,1996-04-06 07:14:04
41483,31,4.0,1996-04-06 07:14:04
41483,352,4.0,1996-04-06 07:14:04
41483,39,5.0,1996-04-06 07:14:04
41483,218,3.0,1996-04-06 07:14:04
41483,222,4.0,1996-04-06 07:14:04
41483,60,4.0,1996-04-06 07:14:05
41483,236,5.0,1996-04-06 07:14:05
41483,468,3.0,1996-04-06 07:14:05
41483,257,4.0,1996-04-06 07:14:05
41483,252,5.0,1996-04-06 07:14:05
41483,224,3.0,1996-04-06 07:14:05
41483,230,4.0,1996-04-06 07:14:05
41483,243,2.0,1996-04-06 07:14:05
41483,237,5.0,1996-04-06 07:14:05
41483,168,4.0,1996-04-06 07:14:05
41483,266,5.0,1996-04-06 07:14:05
41483,235,4.0,1996-04-06 07:14:05
41483,281,4.0,1996-04-06 07:14:06
41483,342,5.0,1996-04-06 07:14:06
41483,282,4.0,1996-04-06 07:14:06
41483,48,3.0,1996-04-06 07:14:06
41483,272,4.0,1996-04-06 07:14:06
41483,276,4.0,1996-04-06 07:14:06
41483,261,4.0,1996-04-06 07:14:06
41483,186,3.0,1996-04-06 07:14:06
41483,288,3.0,1996-04-06 07:14:06
41483,185,4.0,1996-04-06 07:14:06
41483,50,5.0,1996-04-06 07:14:07
41483,300,5.0,1996-04-06 07:14:07
41483,318,5.0,1996-04-06 07:14:07
41483,380,3.0,1996-04-06 07:14:07
41483,151,5.0,1996-04-06 07:14:07
41483,296,5.0,1996-04-06 07:14:07
41483,208,3.0,1996-04-06 07:14:07
41483,193,2.0,1996-04-06 07:14:07
41483,339,4.0,1996-04-06 07:14:07
41581,351,5.0,1996-04-06 07:42:18
41581,432,3.0,1996-04-06 07:42:18
41581,590,5.0,1996-04-06 07:42:18
41581,288,1.0,1996-04-06 07:42:18
41581,60,2.0,1996-04-06 07:42:18
41581,161,5.0,1996-04-06 07:42:18
41581,349,5.0,1996-04-06 07:42:18
41581,19,2.0,1996-04-06 07:42:18
41581,277,3.0,1996-04-06 07:42:18
41581,252,4.0,1996-04-06 07:42:18
41581,168,4.0,1996-04-06 07:42:18
41581,236,4.0,1996-04-06 07:42:18
41581,266,5.0,1996-04-06 07:42:18
41581,160,2.0,1996-04-06 07:42:18
41581,282,5.0,1996-04-06 07:42:18
41581,235,1.0,1996-04-06 07:42:18
41581,150,5.0,1996-04-06 07:42:18
41581,257,4.0,1996-04-06 07:42:18
41581,215,2.0,1996-04-06 07:42:18
41581,185,4.0,1996-04-06 07:42:19
41581,186,3.0,1996-04-06 07:42:19
41581,208,1.0,1996-04-06 07:42:19
41581,292,4.0,1996-04-06 07:42:19
41581,317,3.0,1996-04-06 07:42:19
41581,300,4.0,1996-04-06 07:42:19
41581,316,2.0,1996-04-06 07:42:19
41581,318,5.0,1996-04-06 07:42:19
41581,339,4.0,1996-04-06 07:42:19
41581,381,4.0,1996-04-06 07:42:19
41581,151,4.0,1996-04-06 07:42:19
41581,296,1.0,1996-04-06 07:42:19
41581,315,2.0,1996-04-06 07:42:19
41581,11,5.0,1996-04-06 07:45:10
41581,21,5.0,1996-04-06 07:45:10
41581,10,2.0,1996-04-06 07:45:10
41581,62,5.0,1996-04-06 07:45:11
41581,105,5.0,1996-04-06 08:05:28
41581,5,5.0,1996-04-06 08:05:28
41692,1,5.0,1996-04-06 08:11:21
41692,10,4.0,1996-04-06 08:11:21
41692,70,5.0,1996-04-06 08:11:21
41692,344,4.0,1996-04-06 08:17:42
41692,555,4.0,1996-04-06 08:17:43
41692,588,4.0,1996-04-06 08:17:43
41692,380,4.0,1996-04-06 08:17:43
41692,592,5.0,1996-04-06 08:17:43
41692,44,3.0,1996-04-06 08:17:43
41692,316,5.0,1996-04-06 08:17:43
41692,296,5.0,1996-04-06 08:17:43
41692,216,4.0,1996-04-06 08:17:43
41692,19,3.0,1996-04-06 08:17:43
41692,161,5.0,1996-04-06 08:17:43
41692,159,3.0,1996-04-06 08:17:43
41692,288,4.0,1996-04-06 08:17:43
41692,150,5.0,1996-04-06 08:17:43
41692,163,4.0,1996-04-06 08:17:43
41692,153,4.0,1996-04-06 08:17:43
41692,223,5.0,1996-04-06 08:17:43
41692,215,2.0,1996-04-06 08:17:43
41794,222,3.0,1996-04-06 08:32:31
41794,39,3.0,1996-04-06 08:32:31
41794,150,5.0,1996-04-06 08:32:31
41794,349,3.0,1996-04-06 08:32:31
41794,352,4.0,1996-04-06 08:32:31
41794,410,3.0,1996-04-06 08:32:31
41794,588,4.0,1996-04-06 08:32:31
41794,235,4.0,1996-04-06 08:32:31
41794,34,4.0,1996-04-06 08:32:31
41794,468,3.0,1996-04-06 08:32:31
41794,272,5.0,1996-04-06 08:32:32
41794,278,5.0,1996-04-06 08:32:32
41794,249,5.0,1996-04-06 08:32:32
41794,300,5.0,1996-04-06 08:32:32
41794,261,4.0,1996-04-06 08:32:32
41794,280,5.0,1996-04-06 08:32:32
41794,236,4.0,1996-04-06 08:32:32
41794,252,4.0,1996-04-06 08:32:32
41794,257,4.0,1996-04-06 08:32:32
41794,203,4.0,1996-04-06 08:32:32
41794,168,4.0,1996-04-06 08:32:32
41794,318,5.0,1996-04-06 08:32:32
41900,62,5.0,1996-04-06 08:43:05
41900,15,5.0,1996-04-06 08:43:05
41900,5,5.0,1996-04-06 08:43:05
41900,609,4.0,1996-04-06 08:43:05
41900,2,5.0,1996-04-06 08:43:05
41900,1,2.0,1996-04-06 08:43:05
41900,637,4.0,1996-04-06 08:43:05
41900,31,5.0,1996-04-06 08:53:58
41900,39,3.0,1996-04-06 08:53:58
41900,588,5.0,1996-04-06 08:53:58
41900,110,5.0,1996-04-06 08:53:58
41900,344,4.0,1996-04-06 08:53:58
41900,150,5.0,1996-04-06 08:53:58
41900,153,5.0,1996-04-06 08:53:58
41900,158,5.0,1996-04-06 08:53:58
41900,161,5.0,1996-04-06 08:53:58
41900,218,5.0,1996-04-06 08:53:58
41900,349,4.0,1996-04-06 08:53:58
41900,435,3.0,1996-04-06 08:53:58
41900,590,5.0,1996-04-06 08:53:58
41900,592,4.0,1996-04-06 08:53:58
41900,595,5.0,1996-04-06 08:53:58
41900,410,4.0,1996-04-06 08:53:58
41900,292,4.0,1996-04-06 08:53:59
41900,279,4.0,1996-04-06 08:53:59
41900,277,5.0,1996-04-06 08:53:59
41900,276,4.0,1996-04-06 08:53:59
41900,266,5.0,1996-04-06 08:53:59
41900,252,5.0,1996-04-06 08:53:59
41900,380,4.0,1996-04-06 08:53:59
41900,337,5.0,1996-04-06 08:53:59
41900,316,4.0,1996-04-06 08:53:59
41900,48,4.0,1996-04-06 08:53:59
41900,60,5.0,1996-04-06 08:53:59
41900,151,5.0,1996-04-06 08:53:59
41900,169,5.0,1996-04-06 08:53:59
41900,208,4.0,1996-04-06 08:53:59
41900,224,5.0,1996-04-06 08:53:59
41900,227,4.0,1996-04-06 08:53:59
42002,25,3.0,1996-04-06 09:00:17
42002,14,4.0,1996-04-06 09:00:17
42002,10,3.0,1996-04-06 09:00:17
42002,16,4.0,1996-04-06 09:00:17
42002,233,5.0,1996-04-06 09:03:44
42002,590,4.0,1996-04-06 09:03:44
42002,229,3.0,1996-04-06 09:03:44
42002,555,5.0,1996-04-06 09:03:44
42002,50,5.0,1996-04-06 09:03:44
42002,193,3.0,1996-04-06 09:03:44
42002,149,5.0,1996-04-06 09:03:44
42002,203,4.0,1996-04-06 09:03:44
42002,155,4.0,1996-04-06 09:03:44
42002,235,3.0,1996-04-06 09:03:44
42002,215,4.0,1996-04-06 09:03:44
42002,223,5.0,1996-04-06 09:03:44
42002,318,4.0,1996-04-06 09:03:44
42002,319,5.0,1996-04-06 09:03:44
42002,299,4.0,1996-04-06 09:03:44
42002,296,5.0,1996-04-06 09:03:44
42002,39,4.0,1996-04-06 09:06:17
42002,153,3.0,1996-04-06 09:06:17
42002,592,3.0,1996-04-06 09:06:17
42002,347,4.0,1996-04-06 09:06:17
42002,342,4.0,1996-04-06 09:06:18
42002,282,4.0,1996-04-06 09:06:18
42002,288,4.0,1996-04-06 09:06:18
42002,6,4.0,1996-04-06 09:09:08
42384,135,4.0,1996-04-06 11:57:06
42384,107,2.0,1996-04-06 11:57:06
42384,2,5.0,1996-04-06 11:57:06
42384,709,5.0,1996-04-06 11:57:06
42384,1,5.0,1996-04-06 11:57:07
42384,344,2.0,1996-04-06 12:06:57
42384,160,4.0,1996-04-06 12:06:58
42384,44,4.0,1996-04-06 12:06:58
42384,588,5.0,1996-04-06 12:06:58
42384,60,5.0,1996-04-06 12:06:58
42384,153,4.0,1996-04-06 12:06:58
42384,590,4.0,1996-04-06 12:06:58
42384,410,4.0,1996-04-06 12:06:58
42384,181,4.0,1996-04-06 12:06:58
42384,688,4.0,1996-04-06 12:06:58
42384,158,5.0,1996-04-06 12:06:58
42384,277,5.0,1996-04-06 12:06:58
42384,316,4.0,1996-04-06 12:06:58
42384,595,5.0,1996-04-06 12:06:58
42384,592,3.0,1996-04-06 12:06:58
42384,54,5.0,1996-04-06 12:06:58
42384,435,5.0,1996-04-06 12:06:58
42586,344,2.0,1996-04-06 12:32:37
42586,592,3.0,1996-04-06 12:32:37
42586,349,3.0,1996-04-06 12:32:37
42586,110,5.0,1996-04-06 12:32:37
42586,34,5.0,1996-04-06 12:32:37
42586,588,4.0,1996-04-06 12:32:37
42586,150,5.0,1996-04-06 12:32:37
42586,347,1.0,1996-04-06 12:32:37
42586,427,1.0,1996-04-06 12:32:37
42586,155,3.0,1996-04-06 12:32:37
42586,431,4.0,1996-04-06 12:32:37
42586,254,1.0,1996-04-06 12:32:38
42586,249,4.0,1996-04-06 12:32:38
42586,39,5.0,1996-04-06 12:32:38
42586,235,5.0,1996-04-06 12:32:38
42586,590,4.0,1996-04-06 12:32:38
42586,224,4.0,1996-04-06 12:32:38
42586,261,5.0,1996-04-06 12:32:38
42586,168,4.0,1996-04-06 12:32:38
42586,161,4.0,1996-04-06 12:32:38
42586,160,1.0,1996-04-06 12:32:38
42586,229,5.0,1996-04-06 12:32:38
42586,434,3.0,1996-04-06 12:32:38
42586,351,2.0,1996-04-06 12:32:38
42586,553,3.0,1996-04-06 12:32:39
42586,300,4.0,1996-04-06 12:32:39
42586,555,3.0,1996-04-06 12:32:39
42586,272,4.0,1996-04-06 12:32:39
42586,318,3.0,1996-04-06 12:32:39
42586,319,3.0,1996-04-06 12:32:39
42586,296,4.0,1996-04-06 12:32:39
42586,288,1.0,1996-04-06 12:32:39
42586,299,2.0,1996-04-06 12:32:39
42586,50,4.0,1996-04-06 12:32:40
42586,208,1.0,1996-04-06 12:32:40
34056,10,4.0,1996-04-06 12:54:43
34056,141,5.0,1996-04-06 12:54:43
34056,637,5.0,1996-04-06 12:54:43
43012,6,5.0,1996-04-06 14:19:34
43012,70,4.0,1996-04-06 14:19:34
43012,494,4.0,1996-04-06 14:19:34
43012,107,4.0,1996-04-06 14:19:34
43012,25,5.0,1996-04-06 14:19:34
43012,21,5.0,1996-04-06 14:19:34
43012,95,5.0,1996-04-06 14:19:34
43012,10,5.0,1996-04-06 14:19:34
43012,16,3.0,1996-04-06 14:19:34
43012,610,3.0,1996-04-06 14:19:34
43012,26,5.0,1996-04-06 14:19:35
43012,9,3.0,1996-04-06 14:19:35
43012,149,5.0,1996-04-06 14:54:22
43012,427,4.0,1996-04-06 14:54:22
43012,349,4.0,1996-04-06 14:54:22
43012,215,3.0,1996-04-06 14:54:22
43012,590,4.0,1996-04-06 14:54:22
43012,588,3.0,1996-04-06 14:54:22
43012,592,4.0,1996-04-06 14:54:22
43012,347,5.0,1996-04-06 14:54:22
43012,110,5.0,1996-04-06 14:54:22
43012,417,4.0,1996-04-06 14:54:22
43012,163,4.0,1996-04-06 14:54:22
43012,410,4.0,1996-04-06 14:54:22
43012,595,3.0,1996-04-06 14:54:22
43012,150,5.0,1996-04-06 14:54:22
43012,553,4.0,1996-04-06 14:54:23
43012,380,4.0,1996-04-06 14:54:23
43012,171,4.0,1996-04-06 14:54:23
43012,172,5.0,1996-04-06 14:54:23
43012,173,5.0,1996-04-06 14:54:23
43012,177,1.0,1996-04-06 14:54:23
43012,196,2.0,1996-04-06 14:54:23
43012,50,5.0,1996-04-06 14:54:23
43012,198,4.0,1996-04-06 14:54:23
43012,233,5.0,1996-04-06 14:54:23
43012,337,5.0,1996-04-06 14:54:23
43012,327,3.0,1996-04-06 14:54:23
43012,319,5.0,1996-04-06 14:54:23
43012,316,2.0,1996-04-06 14:54:23
43012,151,4.0,1996-04-06 14:54:23
43012,555,5.0,1996-04-06 14:54:23
43012,208,2.0,1996-04-06 14:54:23
43012,296,4.0,1996-04-06 14:54:23
43012,288,3.0,1996-04-06 14:54:23
43012,272,4.0,1996-04-06 14:54:23
43012,266,1.0,1996-04-06 14:54:23
43012,235,4.0,1996-04-06 14:54:23
43012,268,5.0,1996-04-06 14:54:23
43122,17,5.0,1996-04-06 14:59:28
43122,1,5.0,1996-04-06 14:59:28
43122,141,5.0,1996-04-06 14:59:28
43122,62,5.0,1996-04-06 15:02:19
43122,104,4.0,1996-04-06 15:02:19
43122,609,3.0,1996-04-06 15:05:54
43122,107,5.0,1996-04-06 15:05:54
43122,661,3.0,1996-04-06 15:05:54
43122,102,4.0,1996-04-06 15:05:54
43122,611,1.0,1996-04-06 15:07:40
43122,637,4.0,1996-04-06 15:07:41
43122,19,1.0,1996-04-06 15:14:34
43122,592,4.0,1996-04-06 15:14:34
43122,588,5.0,1996-04-06 15:14:34
43122,153,5.0,1996-04-06 15:14:34
43122,410,4.0,1996-04-06 15:14:34
43122,150,5.0,1996-04-06 15:14:34
43122,344,3.0,1996-04-06 15:14:34
43122,292,5.0,1996-04-06 15:14:35
43122,274,3.0,1996-04-06 15:14:35
43122,261,5.0,1996-04-06 15:14:35
43122,252,5.0,1996-04-06 15:14:35
43122,351,5.0,1996-04-06 15:14:35
43122,277,5.0,1996-04-06 15:14:35
43122,289,5.0,1996-04-06 15:14:35
43122,432,4.0,1996-04-06 15:14:35
43122,435,4.0,1996-04-06 15:14:35
43122,276,3.0,1996-04-06 15:14:35
43122,39,5.0,1996-04-06 15:14:35
43122,57,5.0,1996-04-06 15:14:35
43122,237,4.0,1996-04-06 15:14:35
43122,333,3.0,1996-04-06 15:14:36
43122,317,4.0,1996-04-06 15:14:36
43122,339,5.0,1996-04-06 15:14:36
43122,314,5.0,1996-04-06 15:14:36
43122,337,5.0,1996-04-06 15:14:36
43233,10,4.0,1996-04-06 15:17:06
43233,17,5.0,1996-04-06 15:17:06
43233,21,4.0,1996-04-06 15:17:06
43233,592,4.0,1996-04-06 15:24:12
43233,588,5.0,1996-04-06 15:24:12
43233,34,5.0,1996-04-06 15:24:12
43233,193,2.0,1996-04-06 15:24:12
43233,28,5.0,1996-04-06 15:24:12
43233,296,4.0,1996-04-06 15:24:12
43233,595,4.0,1996-04-06 15:24:12
43233,344,4.0,1996-04-06 15:24:12
43233,318,5.0,1996-04-06 15:24:12
43233,150,5.0,1996-04-06 15:24:12
43233,153,4.0,1996-04-06 15:24:12
43335,435,2.0,1996-04-06 16:27:29
43335,595,2.0,1996-04-06 16:27:29
43335,145,4.0,1996-04-06 16:27:29
43335,160,3.0,1996-04-06 16:27:29
43335,161,5.0,1996-04-06 16:27:29
43335,216,5.0,1996-04-06 16:27:29
43335,223,5.0,1996-04-06 16:27:29
43335,19,3.0,1996-04-06 16:27:29
43335,344,5.0,1996-04-06 16:27:29
43335,349,5.0,1996-04-06 16:27:29
43335,110,3.0,1996-04-06 16:27:29
43335,592,3.0,1996-04-06 16:27:29
43335,434,4.0,1996-04-06 16:27:29
43335,431,4.0,1996-04-06 16:27:29
43335,413,2.0,1996-04-06 16:27:29
43335,427,4.0,1996-04-06 16:27:29
43335,588,3.0,1996-04-06 16:27:29
43335,420,2.0,1996-04-06 16:27:29
43335,380,4.0,1996-04-06 16:27:30
43335,555,1.0,1996-04-06 16:27:30
43335,170,1.0,1996-04-06 16:27:30
43335,188,2.0,1996-04-06 16:27:30
43335,193,2.0,1996-04-06 16:27:30
43335,266,1.0,1996-04-06 16:27:30
43335,288,3.0,1996-04-06 16:27:30
43335,296,5.0,1996-04-06 16:27:30
43335,303,3.0,1996-04-06 16:27:30
43335,316,4.0,1996-04-06 16:27:30
43335,292,4.0,1996-04-06 16:27:30
43335,132,3.0,1996-04-06 16:27:30
43538,5,5.0,1996-04-06 17:21:52
43538,11,5.0,1996-04-06 17:21:52
43538,613,4.0,1996-04-06 17:21:52
43538,62,5.0,1996-04-06 17:21:52
43538,74,5.0,1996-04-06 17:21:52
43442,215,1.0,1996-04-06 17:26:48
43442,150,5.0,1996-04-06 17:26:48
43442,110,5.0,1996-04-06 17:26:48
43442,588,3.0,1996-04-06 17:26:48
43442,592,4.0,1996-04-06 17:26:48
43442,153,3.0,1996-04-06 17:26:48
43442,432,4.0,1996-04-06 17:26:49
43442,304,4.0,1996-04-06 17:26:49
43442,318,5.0,1996-04-06 17:26:49
43442,337,4.0,1996-04-06 17:26:49
43442,338,2.0,1996-04-06 17:26:49
43442,339,4.0,1996-04-06 17:26:49
43442,349,4.0,1996-04-06 17:26:49
43442,351,4.0,1996-04-06 17:26:49
43442,380,4.0,1996-04-06 17:26:49
43442,381,4.0,1996-04-06 17:26:49
43442,300,4.0,1996-04-06 17:26:49
43442,431,4.0,1996-04-06 17:26:49
43442,590,5.0,1996-04-06 17:26:49
43442,296,5.0,1996-04-06 17:26:49
43442,434,1.0,1996-04-06 17:26:49
43442,160,2.0,1996-04-06 17:26:49
43442,151,5.0,1996-04-06 17:26:49
43442,132,2.0,1996-04-06 17:26:49
43442,31,4.0,1996-04-06 17:26:49
43442,230,5.0,1996-04-06 17:26:49
43442,186,4.0,1996-04-06 17:26:49
43442,208,3.0,1996-04-06 17:26:49
43442,224,5.0,1996-04-06 17:26:49
43442,193,1.0,1996-04-06 17:26:49
43442,292,3.0,1996-04-06 17:26:49
43442,282,5.0,1996-04-06 17:26:49
43442,222,4.0,1996-04-06 17:26:49
43442,280,5.0,1996-04-06 17:26:49
43442,268,4.0,1996-04-06 17:26:49
43442,266,4.0,1996-04-06 17:26:49
43442,257,4.0,1996-04-06 17:26:49
43538,595,5.0,1996-04-06 17:29:27
43538,588,5.0,1996-04-06 17:29:27
43538,150,5.0,1996-04-06 17:29:27
43538,153,4.0,1996-04-06 17:29:27
43538,592,4.0,1996-04-06 17:29:27
43538,344,3.0,1996-04-06 17:29:27
43538,39,5.0,1996-04-06 17:29:28
43538,185,5.0,1996-04-06 17:29:28
43538,174,2.0,1996-04-06 17:29:28
43538,168,4.0,1996-04-06 17:29:28
43538,161,5.0,1996-04-06 17:29:28
43538,48,3.0,1996-04-06 17:29:28
43538,31,4.0,1996-04-06 17:29:28
43538,222,1.0,1996-04-06 17:29:28
43538,236,3.0,1996-04-06 17:29:28
43538,252,5.0,1996-04-06 17:29:28
43538,590,5.0,1996-04-06 17:29:28
43538,380,4.0,1996-04-06 17:29:28
43538,349,5.0,1996-04-06 17:29:28
43538,339,5.0,1996-04-06 17:29:28
43538,337,4.0,1996-04-06 17:29:28
43538,333,5.0,1996-04-06 17:29:28
43538,318,5.0,1996-04-06 17:29:28
43538,317,4.0,1996-04-06 17:29:28
43538,316,1.0,1996-04-06 17:29:28
43538,300,5.0,1996-04-06 17:29:28
43538,292,5.0,1996-04-06 17:29:28
43538,289,5.0,1996-04-06 17:29:28
43538,282,4.0,1996-04-06 17:29:28
43538,270,5.0,1996-04-06 17:29:28
43538,261,5.0,1996-04-06 17:29:28
43538,340,4.0,1996-04-06 17:29:28
43645,19,3.0,1996-04-06 17:50:14
43645,344,3.0,1996-04-06 17:50:14
43645,349,4.0,1996-04-06 17:50:14
43645,595,4.0,1996-04-06 17:50:14
43645,277,4.0,1996-04-06 17:50:14
43645,279,3.0,1996-04-06 17:50:14
43645,316,5.0,1996-04-06 17:50:14
43645,318,3.0,1996-04-06 17:50:14
43645,592,5.0,1996-04-06 17:50:14
43645,590,5.0,1996-04-06 17:50:14
43645,588,4.0,1996-04-06 17:50:14
43645,410,3.0,1996-04-06 17:50:14
43645,266,5.0,1996-04-06 17:50:14
43645,261,5.0,1996-04-06 17:50:14
43645,435,3.0,1996-04-06 17:50:14
43645,150,5.0,1996-04-06 17:50:14
43645,34,4.0,1996-04-06 17:50:14
43645,39,2.0,1996-04-06 17:50:14
43645,168,5.0,1996-04-06 17:50:14
43645,48,4.0,1996-04-06 17:50:14
43645,161,4.0,1996-04-06 17:50:14
43645,160,3.0,1996-04-06 17:50:14
43645,158,4.0,1996-04-06 17:50:14
43645,110,5.0,1996-04-06 17:50:14
43645,153,5.0,1996-04-06 17:50:14
43645,151,5.0,1996-04-06 17:50:14
43645,218,4.0,1996-04-06 17:50:14
43645,204,5.0,1996-04-06 17:50:15
43645,338,3.0,1996-04-06 17:50:15
43645,203,4.0,1996-04-06 17:50:15
43645,333,2.0,1996-04-06 17:50:15
44342,216,3.0,1996-04-06 19:31:22
44342,34,4.0,1996-04-06 19:31:22
44342,150,5.0,1996-04-06 19:31:22
44342,161,5.0,1996-04-06 19:31:22
44342,163,2.0,1996-04-06 19:31:22
44342,172,3.0,1996-04-06 19:31:22
44342,225,4.0,1996-04-06 19:31:22
44342,39,4.0,1996-04-06 19:31:22
44342,432,5.0,1996-04-06 19:31:22
44342,595,5.0,1996-04-06 19:31:22
44342,344,4.0,1996-04-06 19:31:22
44342,349,5.0,1996-04-06 19:31:22
44342,410,4.0,1996-04-06 19:31:22
44342,431,4.0,1996-04-06 19:31:22
44342,252,5.0,1996-04-06 19:31:22
44342,434,3.0,1996-04-06 19:31:22
44342,435,3.0,1996-04-06 19:31:22
44342,590,5.0,1996-04-06 19:31:22
44342,468,3.0,1996-04-06 19:31:22
44342,592,4.0,1996-04-06 19:31:22
44342,50,5.0,1996-04-06 19:31:23
44342,553,4.0,1996-04-06 19:31:23
44342,380,5.0,1996-04-06 19:31:23
44342,275,3.0,1996-04-06 19:31:23
44342,274,3.0,1996-04-06 19:31:23
44342,296,5.0,1996-04-06 19:31:23
44342,303,2.0,1996-04-06 19:31:23
44342,342,4.0,1996-04-06 19:31:23
44342,196,3.0,1996-04-06 19:31:23
44342,338,3.0,1996-04-06 19:31:23
44342,332,3.0,1996-04-06 19:31:23
44452,590,5.0,1996-04-06 19:42:38
44452,588,4.0,1996-04-06 19:42:38
44452,434,4.0,1996-04-06 19:42:38
44452,431,5.0,1996-04-06 19:42:38
44452,410,4.0,1996-04-06 19:42:38
44452,349,4.0,1996-04-06 19:42:38
44452,344,3.0,1996-04-06 19:42:38
44452,150,5.0,1996-04-06 19:42:38
44452,110,4.0,1996-04-06 19:42:38
44452,592,4.0,1996-04-06 19:42:38
44452,595,4.0,1996-04-06 19:42:38
44452,168,3.0,1996-04-06 19:42:38
44452,266,5.0,1996-04-06 19:42:39
44452,316,4.0,1996-04-06 19:42:39
44452,48,3.0,1996-04-06 19:42:39
44452,318,5.0,1996-04-06 19:42:39
44452,208,5.0,1996-04-06 19:42:39
44452,185,3.0,1996-04-06 19:42:39
44452,236,3.0,1996-04-06 19:42:39
44452,173,4.0,1996-04-06 19:42:39
44452,553,4.0,1996-04-06 19:42:39
44452,300,4.0,1996-04-06 19:42:39
44452,296,5.0,1996-04-06 19:42:39
44452,288,4.0,1996-04-06 19:42:39
44452,151,5.0,1996-04-06 19:42:39
44452,315,5.0,1996-04-06 19:42:39
44549,150,3.0,1996-04-06 19:57:57
44549,432,4.0,1996-04-06 19:57:58
44549,420,4.0,1996-04-06 19:57:58
44549,159,5.0,1996-04-06 19:57:58
44549,161,4.0,1996-04-06 19:57:58
44549,170,5.0,1996-04-06 19:57:58
44549,193,5.0,1996-04-06 19:57:58
44549,196,5.0,1996-04-06 19:57:58
44549,590,5.0,1996-04-06 19:57:58
44549,160,5.0,1996-04-06 19:57:58
44549,110,4.0,1996-04-06 20:09:57
44549,60,4.0,1996-04-06 20:09:57
44549,224,5.0,1996-04-06 20:09:57
44549,595,4.0,1996-04-06 20:09:57
44549,592,3.0,1996-04-06 20:09:57
44549,230,5.0,1996-04-06 20:09:57
44549,416,4.0,1996-04-06 20:09:57
44549,410,3.0,1996-04-06 20:09:57
44549,435,3.0,1996-04-06 20:09:57
44549,344,3.0,1996-04-06 20:09:57
44549,282,5.0,1996-04-06 20:09:57
44549,553,5.0,1996-04-06 20:09:58
44549,204,4.0,1996-04-06 20:09:58
44549,380,5.0,1996-04-06 20:09:58
44549,208,5.0,1996-04-06 20:14:58
44549,339,4.0,1996-04-06 20:14:58
44645,155,5.0,1996-04-06 20:33:47
44645,153,5.0,1996-04-06 20:33:47
44645,150,5.0,1996-04-06 20:33:47
44645,592,4.0,1996-04-06 20:33:47
44645,218,4.0,1996-04-06 20:33:47
44645,252,4.0,1996-04-06 20:33:48
44645,224,5.0,1996-04-06 20:33:48
44645,235,5.0,1996-04-06 20:33:48
44645,177,4.0,1996-04-06 20:33:48
44645,172,4.0,1996-04-06 20:33:48
44645,171,5.0,1996-04-06 20:33:48
44645,170,4.0,1996-04-06 20:33:48
44645,203,4.0,1996-04-06 20:33:48
44645,280,5.0,1996-04-06 20:33:48
44645,553,5.0,1996-04-06 20:33:48
44645,319,5.0,1996-04-06 20:33:48
44645,380,5.0,1996-04-06 20:33:48
44645,318,5.0,1996-04-06 20:33:48
12314,164,4.0,1996-04-06 20:50:40
12314,272,4.0,1996-04-06 20:50:40
12314,279,5.0,1996-04-06 20:50:40
44981,16,3.0,1996-04-06 21:43:00
44981,105,5.0,1996-04-06 21:43:00
44981,17,5.0,1996-04-06 21:43:00
44981,608,4.0,1996-04-06 21:43:00
44981,349,3.0,1996-04-06 21:54:19
44981,185,4.0,1996-04-06 21:54:19
44981,235,5.0,1996-04-06 21:54:19
44981,282,4.0,1996-04-06 21:54:19
44981,161,3.0,1996-04-06 21:54:19
44981,468,5.0,1996-04-06 21:54:19
44981,590,5.0,1996-04-06 21:54:19
44981,150,4.0,1996-04-06 21:54:19
44981,339,2.0,1996-04-06 21:54:20
44981,50,5.0,1996-04-06 21:54:20
44981,300,5.0,1996-04-06 21:54:20
44981,151,5.0,1996-04-06 21:54:20
44981,296,4.0,1996-04-06 21:54:20
44981,318,5.0,1996-04-06 21:54:20
45072,225,5.0,1996-04-06 22:13:24
45072,344,5.0,1996-04-06 22:13:24
45072,153,4.0,1996-04-06 22:13:24
45072,432,3.0,1996-04-06 22:13:24
45072,434,4.0,1996-04-06 22:13:24
45072,592,4.0,1996-04-06 22:13:24
45072,590,4.0,1996-04-06 22:13:24
45072,437,3.0,1996-04-06 22:13:24
45072,435,2.0,1996-04-06 22:13:24
45072,252,5.0,1996-04-06 22:13:24
45072,216,4.0,1996-04-06 22:13:24
45072,351,4.0,1996-04-06 22:13:24
45072,150,5.0,1996-04-06 22:13:24
45072,349,5.0,1996-04-06 22:13:24
45072,19,4.0,1996-04-06 22:13:24
45072,169,4.0,1996-04-06 22:13:24
45072,170,4.0,1996-04-06 22:13:24
45072,172,5.0,1996-04-06 22:13:24
45072,208,4.0,1996-04-06 22:13:25
45072,380,5.0,1996-04-06 22:13:25
45072,276,5.0,1996-04-06 22:13:25
45072,282,4.0,1996-04-06 22:13:25
45072,173,4.0,1996-04-06 22:13:25
45072,185,5.0,1996-04-06 22:13:25
45072,292,4.0,1996-04-06 22:13:25
45072,296,1.0,1996-04-06 22:13:25
45072,315,5.0,1996-04-06 22:13:25
45072,553,5.0,1996-04-06 22:13:25
45072,316,5.0,1996-04-06 22:13:25
45072,317,5.0,1996-04-06 22:13:25
45072,318,5.0,1996-04-06 22:13:25
45072,266,5.0,1996-04-06 22:13:25
45072,261,4.0,1996-04-06 22:13:25
45072,256,4.0,1996-04-06 22:13:25
45072,333,5.0,1996-04-06 22:13:25
45072,339,5.0,1996-04-06 22:13:25
45072,1,5.0,1996-04-06 22:19:01
45168,76,2.0,1996-04-06 23:05:24
45168,1,5.0,1996-04-06 23:05:24
45168,588,5.0,1996-04-06 23:10:57
45168,410,4.0,1996-04-06 23:10:57
45168,110,5.0,1996-04-06 23:10:57
45168,595,5.0,1996-04-06 23:10:57
45168,196,2.0,1996-04-06 23:10:57
45168,316,3.0,1996-04-06 23:10:57
45168,318,4.0,1996-04-06 23:10:57
45168,158,4.0,1996-04-06 23:10:57
45168,592,4.0,1996-04-06 23:10:57
45168,349,4.0,1996-04-06 23:10:57
45168,380,4.0,1996-04-06 23:10:58
45168,553,4.0,1996-04-06 23:10:58
45168,208,4.0,1996-04-06 23:10:58
45278,105,3.0,1996-04-06 23:18:02
45278,6,4.0,1996-04-06 23:18:02
45278,110,5.0,1996-04-06 23:28:48
45278,150,5.0,1996-04-06 23:28:48
45278,417,4.0,1996-04-06 23:28:48
45278,592,3.0,1996-04-06 23:28:48
45278,347,4.0,1996-04-06 23:28:48
45278,211,5.0,1996-04-06 23:28:48
45278,218,1.0,1996-04-06 23:28:48
45278,236,3.0,1996-04-06 23:28:49
45278,237,3.0,1996-04-06 23:28:49
45278,235,4.0,1996-04-06 23:28:49
45278,292,4.0,1996-04-06 23:28:49
45278,225,4.0,1996-04-06 23:28:49
45278,224,4.0,1996-04-06 23:28:49
45278,151,5.0,1996-04-06 23:28:49
45278,160,2.0,1996-04-06 23:28:49
45278,208,3.0,1996-04-06 23:28:49
45278,186,4.0,1996-04-06 23:28:49
45278,282,5.0,1996-04-06 23:28:49
45278,261,4.0,1996-04-06 23:28:49
45278,229,5.0,1996-04-06 23:28:49
45278,50,5.0,1996-04-06 23:28:49
45278,590,5.0,1996-04-06 23:28:49
45278,555,4.0,1996-04-06 23:28:49
45278,434,2.0,1996-04-06 23:28:49
45278,431,4.0,1996-04-06 23:28:49
45278,380,4.0,1996-04-06 23:28:49
45278,296,4.0,1996-04-06 23:28:49
45278,337,4.0,1996-04-06 23:28:49
45278,349,4.0,1996-04-06 23:28:49
45278,318,5.0,1996-04-06 23:28:49
45278,230,4.0,1996-04-06 23:28:49
45278,316,4.0,1996-04-06 23:28:49
45278,381,4.0,1996-04-06 23:28:50
45278,339,4.0,1996-04-06 23:28:50
45565,344,3.0,1996-04-07 00:57:10
45565,160,2.0,1996-04-07 00:57:11
45565,150,4.0,1996-04-07 00:57:11
45565,110,4.0,1996-04-07 00:57:11
45565,31,3.0,1996-04-07 00:57:11
45565,22,4.0,1996-04-07 00:57:11
45565,155,1.0,1996-04-07 00:57:11
45565,19,3.0,1996-04-07 00:57:11
45565,161,4.0,1996-04-07 00:57:11
45565,163,1.0,1996-04-07 00:57:11
45565,349,4.0,1996-04-07 00:57:11
45565,590,5.0,1996-04-07 00:57:11
45565,592,4.0,1996-04-07 00:57:11
45565,595,5.0,1996-04-07 00:57:11
45565,222,5.0,1996-04-07 00:57:11
45565,267,3.0,1996-04-07 00:57:12
45565,252,4.0,1996-04-07 00:57:12
45565,181,1.0,1996-04-07 00:57:12
45565,182,5.0,1996-04-07 00:57:12
45565,261,4.0,1996-04-07 00:57:12
45565,249,4.0,1996-04-07 00:57:12
45565,170,1.0,1996-04-07 00:57:12
45565,230,4.0,1996-04-07 00:57:12
45565,276,4.0,1996-04-07 00:57:12
45565,225,3.0,1996-04-07 00:57:12
45565,172,4.0,1996-04-07 00:57:12
45565,257,4.0,1996-04-07 00:57:12
45565,224,1.0,1996-04-07 00:57:12
45565,234,3.0,1996-04-07 00:57:12
45565,259,2.0,1996-04-07 00:57:12
45565,233,5.0,1996-04-07 00:57:12
45565,168,5.0,1996-04-07 00:57:12
45565,237,2.0,1996-04-07 00:57:12
45565,185,5.0,1996-04-07 00:57:13
45565,186,4.0,1996-04-07 00:57:13
45565,188,2.0,1996-04-07 00:57:13
45565,193,4.0,1996-04-07 00:57:13
45565,280,5.0,1996-04-07 00:57:13
45565,203,4.0,1996-04-07 00:57:13
45565,380,4.0,1996-04-07 00:57:13
45565,342,5.0,1996-04-07 00:57:13
45565,338,3.0,1996-04-07 00:57:13
45565,337,5.0,1996-04-07 00:57:13
45565,339,5.0,1996-04-07 00:57:13
45565,315,3.0,1996-04-07 00:57:13
45565,299,5.0,1996-04-07 00:57:13
45565,296,5.0,1996-04-07 00:57:13
45565,288,3.0,1996-04-07 00:57:13
45565,282,2.0,1996-04-07 00:57:13
45565,318,5.0,1996-04-07 00:57:13
45790,62,4.0,1996-04-07 05:16:54
45790,5,3.0,1996-04-07 05:16:54
45790,10,4.0,1996-04-07 05:16:54
45790,11,4.0,1996-04-07 05:16:54
45790,21,5.0,1996-04-07 05:16:54
45790,39,4.0,1996-04-07 05:23:56
45790,277,4.0,1996-04-07 05:23:56
45790,266,4.0,1996-04-07 05:23:56
45790,261,3.0,1996-04-07 05:23:56
45790,249,5.0,1996-04-07 05:23:56
45790,236,4.0,1996-04-07 05:23:56
45790,234,3.0,1996-04-07 05:23:56
45790,233,2.0,1996-04-07 05:23:56
45790,159,4.0,1996-04-07 05:23:56
45790,132,3.0,1996-04-07 05:23:56
45790,31,4.0,1996-04-07 05:23:56
45790,168,3.0,1996-04-07 05:23:56
45790,380,5.0,1996-04-07 05:23:57
45790,151,5.0,1996-04-07 05:23:57
45790,193,2.0,1996-04-07 05:23:57
45790,196,4.0,1996-04-07 05:23:57
45790,297,4.0,1996-04-07 05:23:57
45790,300,4.0,1996-04-07 05:23:57
45790,296,5.0,1996-04-07 05:23:57
45790,314,5.0,1996-04-07 05:23:57
45790,316,4.0,1996-04-07 05:23:57
45790,318,5.0,1996-04-07 05:23:57
45790,304,4.0,1996-04-07 05:23:57
45790,555,5.0,1996-04-07 05:23:57
45997,413,4.0,1996-04-07 07:37:18
45997,588,4.0,1996-04-07 07:37:18
45997,410,4.0,1996-04-07 07:37:18
45997,344,1.0,1996-04-07 07:37:18
45997,19,1.0,1996-04-07 07:37:18
45997,122,3.0,1996-04-07 07:37:19
45997,590,3.0,1996-04-07 07:37:19
45997,592,3.0,1996-04-07 07:37:19
45997,145,4.0,1996-04-07 07:37:19
45997,218,5.0,1996-04-07 07:37:19
45997,22,4.0,1996-04-07 07:37:19
45997,437,3.0,1996-04-07 07:37:19
45997,23,2.0,1996-04-07 07:37:19
45997,34,5.0,1996-04-07 07:37:19
45997,223,3.0,1996-04-07 07:37:19
45997,434,5.0,1996-04-07 07:37:19
45997,595,4.0,1996-04-07 07:37:19
45997,431,5.0,1996-04-07 07:37:19
45997,110,5.0,1996-04-07 07:37:19
45997,147,4.0,1996-04-07 07:37:19
45997,349,4.0,1996-04-07 07:37:19
45997,352,3.0,1996-04-07 07:37:19
45997,153,4.0,1996-04-07 07:37:19
45997,157,2.0,1996-04-07 07:37:19
45997,432,2.0,1996-04-07 07:37:19
45997,158,1.0,1996-04-07 07:37:19
45997,39,4.0,1996-04-07 07:37:19
45997,160,3.0,1996-04-07 07:37:19
45997,161,5.0,1996-04-07 07:37:19
45997,426,2.0,1996-04-07 07:37:19
45997,416,1.0,1996-04-07 07:37:19
45997,180,1.0,1996-04-07 07:37:20
45997,468,5.0,1996-04-07 07:37:20
45997,177,2.0,1996-04-07 07:37:20
45997,175,1.0,1996-04-07 07:37:20
45997,227,4.0,1996-04-07 07:37:20
45997,229,3.0,1996-04-07 07:37:20
45997,173,2.0,1996-04-07 07:37:20
45997,230,5.0,1996-04-07 07:37:20
45997,185,4.0,1996-04-07 07:37:20
45997,282,5.0,1996-04-07 07:37:20
45997,279,5.0,1996-04-07 07:37:20
45997,240,3.0,1996-04-07 07:37:20
45997,275,1.0,1996-04-07 07:37:20
45997,272,5.0,1996-04-07 07:37:20
45997,268,5.0,1996-04-07 07:37:20
45997,266,5.0,1996-04-07 07:37:20
45997,257,5.0,1996-04-07 07:37:20
45997,288,5.0,1996-04-07 07:37:20
45997,249,4.0,1996-04-07 07:37:20
45997,261,5.0,1996-04-07 07:37:20
45997,235,5.0,1996-04-07 07:37:20
45997,251,4.0,1996-04-07 07:37:20
45997,44,3.0,1996-04-07 07:37:20
45997,163,3.0,1996-04-07 07:37:20
45997,172,2.0,1996-04-07 07:37:20
45997,57,5.0,1996-04-07 07:37:20
45997,60,2.0,1996-04-07 07:37:20
45997,168,1.0,1996-04-07 07:37:20
45997,170,3.0,1996-04-07 07:37:20
45997,204,3.0,1996-04-07 07:37:21
45997,48,4.0,1996-04-07 07:37:21
45997,50,5.0,1996-04-07 07:37:21
45997,327,3.0,1996-04-07 07:37:21
45997,188,4.0,1996-04-07 07:37:21
45997,198,4.0,1996-04-07 07:37:21
45997,319,4.0,1996-04-07 07:37:21
45997,200,3.0,1996-04-07 07:37:21
45997,332,2.0,1996-04-07 07:37:21
45997,333,4.0,1996-04-07 07:37:21
45997,196,2.0,1996-04-07 07:37:21
45997,318,5.0,1996-04-07 07:37:21
45997,380,4.0,1996-04-07 07:37:21
45997,339,4.0,1996-04-07 07:37:21
45997,296,5.0,1996-04-07 07:37:21
45997,300,5.0,1996-04-07 07:37:21
45997,186,1.0,1996-04-07 07:37:21
45997,292,5.0,1996-04-07 07:37:21
45997,317,2.0,1996-04-07 07:37:21
45997,553,3.0,1996-04-07 07:37:21
45997,312,4.0,1996-04-07 07:37:21
45997,313,4.0,1996-04-07 07:37:21
45997,314,5.0,1996-04-07 07:37:21
45997,208,2.0,1996-04-07 07:37:21
45997,151,5.0,1996-04-07 07:37:21
45997,338,3.0,1996-04-07 07:37:21
45997,337,4.0,1996-04-07 07:37:21
45997,281,4.0,1996-04-07 07:44:37
45997,555,4.0,1996-04-07 07:44:37
45997,278,3.0,1996-04-07 07:44:37
45997,340,3.0,1996-04-07 07:44:37
45997,316,3.0,1996-04-07 07:44:37
46092,6,5.0,1996-04-07 09:52:20
46092,15,4.0,1996-04-07 09:52:20
46092,1,5.0,1996-04-07 09:52:21
46092,111,5.0,1996-04-07 09:52:21
46092,380,5.0,1996-04-07 10:02:19
46092,163,5.0,1996-04-07 10:02:19
46092,344,5.0,1996-04-07 10:02:19
46092,592,3.0,1996-04-07 10:02:19
46092,198,5.0,1996-04-07 10:02:19
46092,208,5.0,1996-04-07 10:02:19
46092,296,5.0,1996-04-07 10:02:19
46092,316,2.0,1996-04-07 10:02:19
46092,590,5.0,1996-04-07 10:02:19
46092,172,5.0,1996-04-07 10:02:19
46212,1,5.0,1996-04-07 10:04:49
46212,2,5.0,1996-04-07 10:04:49
46212,10,3.0,1996-04-07 10:04:49
46212,15,4.0,1996-04-07 10:04:49
46212,21,2.0,1996-04-07 10:04:49
46212,6,2.0,1996-04-07 10:04:49
46212,110,5.0,1996-04-07 10:12:19
46212,161,5.0,1996-04-07 10:12:19
46212,431,5.0,1996-04-07 10:12:19
46212,204,2.0,1996-04-07 10:12:19
46212,225,4.0,1996-04-07 10:12:19
46212,163,4.0,1996-04-07 10:12:19
46212,233,4.0,1996-04-07 10:12:19
46212,249,4.0,1996-04-07 10:12:19
46212,266,3.0,1996-04-07 10:12:19
46212,282,3.0,1996-04-07 10:12:19
46212,315,3.0,1996-04-07 10:12:19
46212,410,4.0,1996-04-07 10:12:19
46212,48,4.0,1996-04-07 10:12:19
46212,164,4.0,1996-04-07 10:12:19
46409,588,3.0,1996-04-07 10:40:51
46409,413,2.0,1996-04-07 10:40:51
46409,344,2.0,1996-04-07 10:40:51
46409,150,4.0,1996-04-07 10:40:51
46409,34,4.0,1996-04-07 10:40:51
46409,145,1.0,1996-04-07 10:40:51
46409,147,3.0,1996-04-07 10:40:51
46409,149,4.0,1996-04-07 10:40:51
46409,431,5.0,1996-04-07 10:40:52
46409,427,3.0,1996-04-07 10:40:52
46409,177,2.0,1996-04-07 10:40:52
46409,188,2.0,1996-04-07 10:40:52
46409,300,4.0,1996-04-07 10:40:52
46409,434,2.0,1996-04-07 10:40:52
46409,296,5.0,1996-04-07 10:40:52
46409,292,3.0,1996-04-07 10:40:52
46409,314,3.0,1996-04-07 10:40:52
46409,592,4.0,1996-04-07 10:40:52
46409,590,3.0,1996-04-07 10:40:52
46409,288,3.0,1996-04-07 10:40:52
46409,163,3.0,1996-04-07 10:40:52
46409,160,1.0,1996-04-07 10:40:52
46409,158,1.0,1996-04-07 10:40:52
46409,153,4.0,1996-04-07 10:40:52
46409,151,4.0,1996-04-07 10:40:52
46409,233,4.0,1996-04-07 10:40:52
46409,122,2.0,1996-04-07 10:40:52
46409,44,1.0,1996-04-07 10:40:52
46409,172,3.0,1996-04-07 10:40:52
46409,280,4.0,1996-04-07 10:40:52
46409,110,4.0,1996-04-07 10:40:52
46409,266,2.0,1996-04-07 10:40:52
46409,259,4.0,1996-04-07 10:40:52
46409,257,3.0,1996-04-07 10:40:52
46409,249,4.0,1996-04-07 10:40:52
46409,222,2.0,1996-04-07 10:40:52
46409,268,4.0,1996-04-07 10:40:52
46409,235,4.0,1996-04-07 10:40:52
46409,216,3.0,1996-04-07 10:40:52
46409,225,2.0,1996-04-07 10:40:52
46409,240,3.0,1996-04-07 10:40:52
46409,203,2.0,1996-04-07 10:40:53
46409,196,1.0,1996-04-07 10:40:53
46409,208,3.0,1996-04-07 10:40:53
46409,204,2.0,1996-04-07 10:40:53
46409,50,5.0,1996-04-07 10:40:53
46409,553,3.0,1996-04-07 10:40:53
46409,193,1.0,1996-04-07 10:40:53
46409,380,3.0,1996-04-07 10:40:53
46409,337,3.0,1996-04-07 10:40:53
46409,381,3.0,1996-04-07 10:40:53
46409,316,3.0,1996-04-07 10:40:53
46409,318,5.0,1996-04-07 10:40:53
46613,169,4.0,1996-04-07 11:00:52
46613,216,2.0,1996-04-07 11:00:52
46613,224,4.0,1996-04-07 11:00:52
46613,161,4.0,1996-04-07 11:00:52
46613,158,5.0,1996-04-07 11:00:52
46613,227,4.0,1996-04-07 11:00:52
46613,157,3.0,1996-04-07 11:00:52
46613,153,3.0,1996-04-07 11:00:52
46613,122,3.0,1996-04-07 11:00:52
46613,590,4.0,1996-04-07 11:00:52
46613,110,4.0,1996-04-07 11:00:52
46613,343,1.0,1996-04-07 11:00:52
46613,588,4.0,1996-04-07 11:00:52
46613,435,4.0,1996-04-07 11:00:52
46613,434,4.0,1996-04-07 11:00:52
46613,432,4.0,1996-04-07 11:00:52
46613,420,4.0,1996-04-07 11:00:52
46613,54,4.0,1996-04-07 11:00:52
46613,592,5.0,1996-04-07 11:00:52
46613,410,4.0,1996-04-07 11:00:52
46613,243,4.0,1996-04-07 11:00:52
46613,349,5.0,1996-04-07 11:00:52
46613,344,5.0,1996-04-07 11:00:52
46613,19,1.0,1996-04-07 11:00:52
46613,34,4.0,1996-04-07 11:00:52
46613,39,5.0,1996-04-07 11:00:52
46613,274,3.0,1996-04-07 11:00:53
46613,267,4.0,1996-04-07 11:00:53
46613,256,4.0,1996-04-07 11:00:53
46613,252,5.0,1996-04-07 11:00:53
46613,688,4.0,1996-04-07 11:00:53
46613,277,5.0,1996-04-07 11:00:53
46613,185,5.0,1996-04-07 11:00:53
46613,188,4.0,1996-04-07 11:00:53
46613,181,4.0,1996-04-07 11:00:53
46613,177,1.0,1996-04-07 11:00:53
46613,173,4.0,1996-04-07 11:00:53
46613,172,3.0,1996-04-07 11:00:53
46613,44,4.0,1996-04-07 11:00:53
46613,60,4.0,1996-04-07 11:00:53
46613,170,5.0,1996-04-07 11:00:53
46613,380,4.0,1996-04-07 11:00:54
46613,327,2.0,1996-04-07 11:00:54
46613,317,5.0,1996-04-07 11:00:54
46613,208,5.0,1996-04-07 11:00:54
46613,316,4.0,1996-04-07 11:00:54
46613,315,4.0,1996-04-07 11:00:54
46613,313,5.0,1996-04-07 11:00:54
46613,296,1.0,1996-04-07 11:00:54
46613,196,3.0,1996-04-07 11:00:54
46613,204,5.0,1996-04-07 11:00:54
46935,34,5.0,1996-04-07 12:30:15
46935,410,4.0,1996-04-07 12:30:15
46935,588,4.0,1996-04-07 12:30:15
46935,344,4.0,1996-04-07 12:30:15
46935,150,5.0,1996-04-07 12:30:15
46935,319,5.0,1996-04-07 12:30:16
46935,296,5.0,1996-04-07 12:30:16
46935,288,4.0,1996-04-07 12:30:16
46935,276,2.0,1996-04-07 12:30:16
46935,272,4.0,1996-04-07 12:30:16
46935,435,4.0,1996-04-07 12:30:16
46935,28,5.0,1996-04-07 12:30:16
46935,468,4.0,1996-04-07 12:30:16
46935,110,5.0,1996-04-07 12:30:16
46935,595,4.0,1996-04-07 12:30:16
46935,39,5.0,1996-04-07 12:30:16
46935,590,2.0,1996-04-07 12:30:16
46935,261,3.0,1996-04-07 12:30:16
46935,592,4.0,1996-04-07 12:30:16
46935,608,5.0,1996-04-07 12:40:16
46935,85,5.0,1996-04-07 12:40:16
46935,4,1.0,1996-04-07 12:40:16
46935,111,5.0,1996-04-07 12:40:16
47038,111,5.0,1996-04-07 12:43:03
47038,95,4.0,1996-04-07 12:43:03
47038,640,1.0,1996-04-07 12:43:03
47038,21,4.0,1996-04-07 12:43:03
47038,628,2.0,1996-04-07 12:43:03
47038,16,3.0,1996-04-07 12:43:03
47038,70,4.0,1996-04-07 12:43:03
47038,344,2.0,1996-04-07 12:54:14
47038,163,5.0,1996-04-07 12:54:14
47038,161,3.0,1996-04-07 12:54:14
47038,19,2.0,1996-04-07 12:54:14
47038,153,3.0,1996-04-07 12:54:14
47038,150,4.0,1996-04-07 12:54:14
47038,223,4.0,1996-04-07 12:54:14
47038,31,2.0,1996-04-07 12:54:14
47038,145,4.0,1996-04-07 12:54:14
47038,349,4.0,1996-04-07 12:54:14
47038,592,3.0,1996-04-07 12:54:14
47038,590,2.0,1996-04-07 12:54:14
47038,434,4.0,1996-04-07 12:54:14
47038,431,4.0,1996-04-07 12:54:14
47038,420,3.0,1996-04-07 12:54:14
47038,229,2.0,1996-04-07 12:54:14
47038,147,4.0,1996-04-07 12:54:14
47038,215,5.0,1996-04-07 12:54:14
47038,288,4.0,1996-04-07 12:54:15
47038,300,4.0,1996-04-07 12:54:15
47038,235,3.0,1996-04-07 12:54:15
47038,236,4.0,1996-04-07 12:54:15
47038,316,3.0,1996-04-07 12:54:15
47038,237,4.0,1996-04-07 12:54:15
47038,292,3.0,1996-04-07 12:54:15
47038,282,4.0,1996-04-07 12:54:15
47038,280,4.0,1996-04-07 12:54:15
47038,256,4.0,1996-04-07 12:54:15
47038,259,3.0,1996-04-07 12:54:15
47038,252,3.0,1996-04-07 12:54:15
47038,317,4.0,1996-04-07 12:54:15
47038,318,4.0,1996-04-07 12:54:15
47038,179,4.0,1996-04-07 12:54:15
47038,208,1.0,1996-04-07 12:54:15
47038,224,2.0,1996-04-07 12:54:15
47038,296,5.0,1996-04-07 12:54:15
47038,227,4.0,1996-04-07 12:54:15
47038,225,3.0,1996-04-07 12:54:15
47038,380,2.0,1996-04-07 12:54:15
47038,381,4.0,1996-04-07 12:54:15
47038,230,2.0,1996-04-07 12:54:15
47038,555,5.0,1996-04-07 12:54:15
47250,11,5.0,1996-04-07 13:48:01
47250,1,5.0,1996-04-07 13:48:01
47250,70,5.0,1996-04-07 13:48:01
47250,5,5.0,1996-04-07 13:48:01
47250,6,5.0,1996-04-07 13:48:01
47250,637,5.0,1996-04-07 13:48:01
47250,21,5.0,1996-04-07 13:48:01
47250,164,5.0,1996-04-07 13:58:10
47250,161,5.0,1996-04-07 13:58:10
47250,172,5.0,1996-04-07 13:58:10
47250,177,4.0,1996-04-07 13:58:10
47250,196,2.0,1996-04-07 13:58:10
47250,296,5.0,1996-04-07 13:58:10
47250,153,4.0,1996-04-07 13:58:10
47250,150,5.0,1996-04-07 13:58:10
47250,147,4.0,1996-04-07 13:58:10
47250,39,5.0,1996-04-07 13:58:10
47250,223,4.0,1996-04-07 13:58:10
47250,19,4.0,1996-04-07 13:58:10
47250,431,4.0,1996-04-07 13:58:10
47250,410,4.0,1996-04-07 13:58:10
47250,349,4.0,1996-04-07 13:58:10
47250,344,5.0,1996-04-07 13:58:10
47250,160,3.0,1996-04-07 13:58:10
47250,225,2.0,1996-04-07 13:58:10
47250,216,4.0,1996-04-07 13:58:10
47250,227,4.0,1996-04-07 13:58:10
47250,292,5.0,1996-04-07 13:58:10
47250,288,4.0,1996-04-07 13:58:10
47250,300,5.0,1996-04-07 13:58:10
47250,588,5.0,1996-04-07 13:58:10
47250,590,1.0,1996-04-07 13:58:10
47250,592,4.0,1996-04-07 13:58:10
47250,338,5.0,1996-04-07 13:58:11
47250,316,5.0,1996-04-07 13:58:11
47250,337,5.0,1996-04-07 13:58:11
47250,380,3.0,1996-04-07 13:58:11
47250,555,5.0,1996-04-07 13:58:11
47250,208,2.0,1996-04-07 13:58:11
47563,637,5.0,1996-04-07 14:58:40
47563,36,5.0,1996-04-07 14:58:40
47563,62,1.0,1996-04-07 14:58:40
47563,63,5.0,1996-04-07 14:58:40
47563,79,5.0,1996-04-07 14:58:40
47563,95,4.0,1996-04-07 14:58:40
47563,104,5.0,1996-04-07 14:58:40
47563,14,3.0,1996-04-07 14:58:40
47563,9,5.0,1996-04-07 14:58:40
47563,4,3.0,1996-04-07 14:58:40
47563,2,3.0,1996-04-07 14:58:40
47563,631,4.0,1996-04-07 14:58:40
47563,1,4.0,1996-04-07 14:58:40
47563,21,5.0,1996-04-07 14:58:40
47563,107,4.0,1996-04-07 14:58:40
47563,16,5.0,1996-04-07 14:58:40
47563,135,5.0,1996-04-07 14:58:40
47563,639,5.0,1996-04-07 14:58:40
47563,709,4.0,1996-04-07 14:58:40
47645,1,5.0,1996-04-07 15:00:17
47645,6,5.0,1996-04-07 15:00:17
47645,14,4.0,1996-04-07 15:00:17
47645,111,5.0,1996-04-07 15:00:17
47645,105,2.0,1996-04-07 15:00:17
47645,36,5.0,1996-04-07 15:00:17
47645,25,4.0,1996-04-07 15:00:17
47563,5,5.0,1996-04-07 15:06:28
47563,609,2.0,1996-04-07 15:06:28
47563,661,3.0,1996-04-07 15:06:29
47563,628,5.0,1996-04-07 15:06:29
47645,233,3.0,1996-04-07 15:07:52
47645,235,5.0,1996-04-07 15:07:52
47645,236,4.0,1996-04-07 15:07:52
47645,351,3.0,1996-04-07 15:07:52
47645,225,4.0,1996-04-07 15:07:52
47645,318,5.0,1996-04-07 15:07:52
47645,349,4.0,1996-04-07 15:07:52
47645,380,4.0,1996-04-07 15:07:52
47645,434,3.0,1996-04-07 15:07:52
47645,468,5.0,1996-04-07 15:07:52
47645,588,5.0,1996-04-07 15:07:52
47645,590,5.0,1996-04-07 15:07:52
47645,340,4.0,1996-04-07 15:07:52
47645,34,5.0,1996-04-07 15:07:52
47645,150,5.0,1996-04-07 15:07:52
47645,281,4.0,1996-04-07 15:07:52
47645,159,4.0,1996-04-07 15:07:52
47645,161,4.0,1996-04-07 15:07:52
47645,296,5.0,1996-04-07 15:07:52
47645,300,4.0,1996-04-07 15:07:52
47861,21,3.0,1996-04-07 15:24:44
47861,79,4.0,1996-04-07 15:24:44
47861,111,3.0,1996-04-07 15:24:44
47861,10,5.0,1996-04-07 15:24:44
47861,1,5.0,1996-04-07 15:24:44
47861,628,5.0,1996-04-07 15:24:44
47861,384,5.0,1996-04-07 15:34:30
47861,588,4.0,1996-04-07 15:34:30
47861,110,5.0,1996-04-07 15:34:30
47861,34,4.0,1996-04-07 15:34:30
47861,23,3.0,1996-04-07 15:34:30
47861,153,4.0,1996-04-07 15:34:30
47861,19,2.0,1996-04-07 15:34:30
47861,150,3.0,1996-04-07 15:34:30
47861,434,5.0,1996-04-07 15:34:30
47861,432,4.0,1996-04-07 15:34:30
47861,431,4.0,1996-04-07 15:34:30
47861,145,3.0,1996-04-07 15:34:30
47861,592,4.0,1996-04-07 15:34:30
47861,155,4.0,1996-04-07 15:34:30
47861,159,2.0,1996-04-07 15:34:30
47861,420,4.0,1996-04-07 15:34:30
47861,218,3.0,1996-04-07 15:34:30
47861,132,3.0,1996-04-07 15:34:31
47861,259,3.0,1996-04-07 15:34:31
47861,266,4.0,1996-04-07 15:34:31
47861,276,5.0,1996-04-07 15:34:31
47861,160,1.0,1996-04-07 15:34:31
47861,279,4.0,1996-04-07 15:34:31
47861,60,4.0,1996-04-07 15:34:31
47861,280,5.0,1996-04-07 15:34:31
47861,281,4.0,1996-04-07 15:34:31
47861,161,4.0,1996-04-07 15:34:31
47861,168,4.0,1996-04-07 15:34:31
47861,303,5.0,1996-04-07 15:34:31
47861,163,4.0,1996-04-07 15:34:31
47861,71,4.0,1996-04-07 15:34:31
47861,590,3.0,1996-04-07 15:34:31
47861,170,2.0,1996-04-07 15:34:31
47861,292,3.0,1996-04-07 15:34:31
47861,173,3.0,1996-04-07 15:34:31
47861,251,3.0,1996-04-07 15:34:31
47861,289,4.0,1996-04-07 15:34:31
47861,249,4.0,1996-04-07 15:34:31
47861,236,3.0,1996-04-07 15:34:31
47861,230,5.0,1996-04-07 15:34:31
47861,227,3.0,1996-04-07 15:34:31
47861,225,4.0,1996-04-07 15:34:31
47861,224,3.0,1996-04-07 15:34:31
47861,172,3.0,1996-04-07 15:34:31
47861,296,5.0,1996-04-07 15:34:31
47861,257,4.0,1996-04-07 15:34:31
47861,31,4.0,1996-04-07 15:34:31
47861,39,5.0,1996-04-07 15:34:31
47861,186,3.0,1996-04-07 15:34:31
47861,185,4.0,1996-04-07 15:34:31
47861,252,3.0,1996-04-07 15:34:31
47861,299,4.0,1996-04-07 15:34:31
47861,182,3.0,1996-04-07 15:34:31
47861,468,3.0,1996-04-07 15:34:31
47861,553,4.0,1996-04-07 15:34:32
47861,380,4.0,1996-04-07 15:34:32
47861,50,2.0,1996-04-07 15:34:32
47861,554,4.0,1996-04-07 15:34:32
47861,317,5.0,1996-04-07 15:34:32
47861,151,5.0,1996-04-07 15:34:32
47861,204,5.0,1996-04-07 15:34:32
47861,203,4.0,1996-04-07 15:34:32
47861,196,3.0,1996-04-07 15:34:32
47861,193,3.0,1996-04-07 15:34:32
47861,300,5.0,1996-04-07 15:34:32
47861,316,3.0,1996-04-07 15:34:32
47861,318,5.0,1996-04-07 15:34:32
47861,315,4.0,1996-04-07 15:34:32
47861,338,2.0,1996-04-07 15:34:32
47861,332,4.0,1996-04-07 15:34:32
47861,208,2.0,1996-04-07 15:34:33
47861,339,4.0,1996-04-07 15:34:33
10841,173,2.0,1996-04-07 17:09:11
48155,95,4.0,1996-04-07 17:21:48
48155,17,5.0,1996-04-07 17:21:48
48155,21,5.0,1996-04-07 17:21:48
48155,25,5.0,1996-04-07 17:21:48
48155,608,5.0,1996-04-07 17:21:48
48155,36,5.0,1996-04-07 17:21:48
48155,16,4.0,1996-04-07 17:21:48
48155,150,5.0,1996-04-07 17:31:17
48155,155,4.0,1996-04-07 17:31:17
48155,344,4.0,1996-04-07 17:31:17
48155,417,4.0,1996-04-07 17:31:17
48155,427,2.0,1996-04-07 17:31:17
48155,153,4.0,1996-04-07 17:31:17
48155,468,4.0,1996-04-07 17:31:18
48155,590,5.0,1996-04-07 17:31:18
48155,39,3.0,1996-04-07 17:31:18
48155,254,3.0,1996-04-07 17:31:18
48155,31,4.0,1996-04-07 17:31:18
48155,233,5.0,1996-04-07 17:31:18
48155,230,4.0,1996-04-07 17:31:18
48155,225,4.0,1996-04-07 17:31:18
48155,223,3.0,1996-04-07 17:31:18
48155,222,4.0,1996-04-07 17:31:18
48155,218,3.0,1996-04-07 17:31:18
48155,229,4.0,1996-04-07 17:31:18
48155,164,4.0,1996-04-07 17:31:18
48155,110,5.0,1996-04-07 17:31:18
48155,163,3.0,1996-04-07 17:31:18
48155,161,4.0,1996-04-07 17:31:18
48155,160,2.0,1996-04-07 17:31:18
48155,132,3.0,1996-04-07 17:31:18
48155,144,5.0,1996-04-07 17:31:18
48155,555,4.0,1996-04-07 17:31:19
48155,288,4.0,1996-04-07 17:31:19
48155,300,5.0,1996-04-07 17:31:19
48155,319,4.0,1996-04-07 17:31:19
48155,327,2.0,1996-04-07 17:31:19
48155,338,4.0,1996-04-07 17:31:19
48155,296,5.0,1996-04-07 17:31:19
48155,380,3.0,1996-04-07 17:31:19
48155,50,5.0,1996-04-07 17:31:19
48155,266,4.0,1996-04-07 17:31:19
48155,339,4.0,1996-04-07 17:31:19
48155,151,3.0,1996-04-07 17:31:19
48155,185,3.0,1996-04-07 17:31:19
48155,175,4.0,1996-04-07 17:31:19
48155,342,4.0,1996-04-07 17:31:19
48551,11,5.0,1996-04-07 20:04:38
48551,36,5.0,1996-04-07 20:04:38
48551,608,5.0,1996-04-07 20:04:38
48551,95,5.0,1996-04-07 20:04:38
48551,1,5.0,1996-04-07 20:04:39
48551,111,5.0,1996-04-07 20:04:39
48646,25,4.0,1996-04-07 20:13:16
48646,21,4.0,1996-04-07 20:13:16
48646,17,4.0,1996-04-07 20:13:16
48646,11,3.0,1996-04-07 20:13:16
48646,5,4.0,1996-04-07 20:13:16
48646,35,2.0,1996-04-07 20:13:16
48551,237,5.0,1996-04-07 20:16:35
48551,235,5.0,1996-04-07 20:16:35
48551,34,5.0,1996-04-07 20:16:35
48551,223,5.0,1996-04-07 20:16:35
48551,215,5.0,1996-04-07 20:16:35
48551,161,5.0,1996-04-07 20:16:35
48551,144,5.0,1996-04-07 20:16:35
48551,280,4.0,1996-04-07 20:16:36
48551,292,5.0,1996-04-07 20:16:36
48551,296,5.0,1996-04-07 20:16:36
48551,318,4.0,1996-04-07 20:16:36
48729,17,2.0,1996-04-07 20:27:14
48729,5,4.0,1996-04-07 20:27:14
48729,100,2.0,1996-04-07 20:27:14
48729,21,5.0,1996-04-07 20:27:14
48729,1,2.0,1996-04-07 20:27:14
48729,113,5.0,1996-04-07 20:27:14
48729,637,5.0,1996-04-07 20:27:14
48729,105,4.0,1996-04-07 20:27:14
48729,2,5.0,1996-04-07 20:27:14
48729,639,5.0,1996-04-07 20:27:14
48729,141,5.0,1996-04-07 20:27:14
48729,62,5.0,1996-04-07 20:27:14
48551,194,5.0,1996-04-07 20:34:55
48729,135,4.0,1996-04-07 20:37:05
48729,38,4.0,1996-04-07 20:37:05
48729,63,5.0,1996-04-07 20:37:05
48729,104,5.0,1996-04-07 20:37:05
48729,16,5.0,1996-04-07 20:37:05
48729,4,5.0,1996-04-07 20:37:06
48729,709,1.0,1996-04-07 20:37:06
48729,102,4.0,1996-04-07 20:37:06
48729,120,3.0,1996-04-07 20:37:06
48845,21,4.0,1996-04-07 21:25:35
48845,111,5.0,1996-04-07 21:25:36
48845,610,5.0,1996-04-07 21:25:36
48845,410,1.0,1996-04-07 21:42:25
48845,110,5.0,1996-04-07 21:42:25
48845,344,4.0,1996-04-07 21:42:25
48845,427,5.0,1996-04-07 21:42:25
48845,249,4.0,1996-04-07 21:42:25
48845,19,3.0,1996-04-07 21:42:25
48845,421,5.0,1996-04-07 21:42:25
48845,468,5.0,1996-04-07 21:42:25
48845,145,4.0,1996-04-07 21:42:25
48845,160,1.0,1996-04-07 21:42:25
48845,223,5.0,1996-04-07 21:42:25
48845,50,4.0,1996-04-07 21:42:26
48845,288,4.0,1996-04-07 21:42:26
48845,318,5.0,1996-04-07 21:42:26
48845,296,5.0,1996-04-07 21:42:26
48845,316,1.0,1996-04-07 21:42:26
48845,337,5.0,1996-04-07 21:42:26
49049,52,4.0,1996-04-07 22:38:50
49049,21,5.0,1996-04-07 22:38:50
49049,111,4.0,1996-04-07 22:38:50
49049,1,5.0,1996-04-07 22:38:50
49049,410,3.0,1996-04-07 22:46:55
49049,150,5.0,1996-04-07 22:46:55
49049,588,5.0,1996-04-07 22:46:55
49049,172,2.0,1996-04-07 22:46:56
49049,185,5.0,1996-04-07 22:46:56
49049,161,5.0,1996-04-07 22:46:56
49049,434,4.0,1996-04-07 22:46:56
49049,153,4.0,1996-04-07 22:46:56
49049,223,4.0,1996-04-07 22:46:56
49049,590,5.0,1996-04-07 22:46:56
49049,292,3.0,1996-04-07 22:46:56
49049,592,5.0,1996-04-07 22:46:56
49049,39,5.0,1996-04-07 22:46:56
49049,296,5.0,1996-04-07 22:46:56
49049,300,5.0,1996-04-07 22:46:56
49049,31,4.0,1996-04-07 22:46:56
49049,319,5.0,1996-04-07 22:46:56
49049,272,5.0,1996-04-07 22:46:56
49049,349,4.0,1996-04-07 22:46:56
49049,318,5.0,1996-04-07 22:46:56
49049,417,4.0,1996-04-07 22:46:56
49049,380,3.0,1996-04-07 22:46:57
49049,50,5.0,1996-04-07 22:46:57
49153,17,5.0,1996-04-07 23:16:30
49153,36,5.0,1996-04-07 23:18:13
49153,296,5.0,1996-04-07 23:24:31
49153,339,5.0,1996-04-07 23:24:31
49153,344,5.0,1996-04-07 23:24:31
49153,380,5.0,1996-04-07 23:24:31
49153,261,5.0,1996-04-07 23:24:31
49153,266,4.0,1996-04-07 23:24:31
49153,300,5.0,1996-04-07 23:24:31
49153,592,4.0,1996-04-07 23:24:31
49153,233,3.0,1996-04-07 23:24:31
49153,132,4.0,1996-04-07 23:24:31
49153,150,5.0,1996-04-07 23:24:31
49153,153,4.0,1996-04-07 23:24:31
49153,161,5.0,1996-04-07 23:24:31
49153,193,3.0,1996-04-07 23:24:31
49153,225,4.0,1996-04-07 23:24:31
49153,230,5.0,1996-04-07 23:24:31
49153,236,5.0,1996-04-07 23:24:31
49153,249,3.0,1996-04-07 23:24:31
49153,110,5.0,1996-04-07 23:24:31
49153,252,4.0,1996-04-07 23:24:31
49153,427,2.0,1996-04-07 23:24:31
49153,590,4.0,1996-04-07 23:24:31
49153,28,5.0,1996-04-07 23:24:31
49450,588,5.0,1996-04-08 05:26:46
49450,110,4.0,1996-04-08 05:26:46
49450,150,5.0,1996-04-08 05:26:46
49450,592,4.0,1996-04-08 05:26:46
49450,153,3.0,1996-04-08 05:26:46
49450,211,4.0,1996-04-08 05:26:46
49450,218,4.0,1996-04-08 05:26:46
49450,34,5.0,1996-04-08 05:26:46
49450,595,4.0,1996-04-08 05:26:46
49450,432,4.0,1996-04-08 05:26:47
49450,380,5.0,1996-04-08 05:26:47
49450,39,3.0,1996-04-08 05:26:47
49450,381,1.0,1996-04-08 05:26:47
49450,342,3.0,1996-04-08 05:26:47
49450,300,4.0,1996-04-08 05:26:47
49450,318,5.0,1996-04-08 05:26:47
49450,296,4.0,1996-04-08 05:26:47
49450,276,3.0,1996-04-08 05:26:47
49450,272,5.0,1996-04-08 05:26:47
49450,261,1.0,1996-04-08 05:26:47
49450,237,4.0,1996-04-08 05:26:47
49450,185,2.0,1996-04-08 05:26:47
49450,158,3.0,1996-04-08 05:26:47
49450,337,3.0,1996-04-08 05:26:47
49450,339,3.0,1996-04-08 05:26:47
49546,1,5.0,1996-04-08 05:51:40
49546,2,5.0,1996-04-08 05:51:40
49546,35,3.0,1996-04-08 05:51:40
49546,6,1.0,1996-04-08 05:51:40
49546,10,4.0,1996-04-08 05:51:40
49546,150,4.0,1996-04-08 05:54:47
49546,23,5.0,1996-04-08 05:54:47
49546,588,5.0,1996-04-08 05:54:47
49546,145,1.0,1996-04-08 05:54:47
49546,344,2.0,1996-04-08 05:54:47
49546,31,5.0,1996-04-08 05:56:33
49546,590,4.0,1996-04-08 05:56:33
49546,434,3.0,1996-04-08 05:56:33
49546,427,1.0,1996-04-08 05:56:33
49546,351,3.0,1996-04-08 05:56:33
49546,163,5.0,1996-04-08 05:56:33
49546,215,3.0,1996-04-08 05:56:33
49546,227,4.0,1996-04-08 05:56:33
49546,224,5.0,1996-04-08 05:56:33
49546,236,4.0,1996-04-08 05:59:34
49546,222,5.0,1996-04-08 05:59:34
49546,296,1.0,1996-04-08 05:59:35
49546,259,1.0,1996-04-08 05:59:35
49546,292,4.0,1996-04-08 05:59:35
49546,288,4.0,1996-04-08 05:59:35
49546,289,4.0,1996-04-08 05:59:35
49546,151,1.0,1996-04-08 05:59:35
49546,316,1.0,1996-04-08 05:59:35
49546,185,3.0,1996-04-08 05:59:35
49546,339,4.0,1996-04-08 05:59:35
49546,172,5.0,1996-04-08 05:59:35
49546,337,4.0,1996-04-08 05:59:35
49546,208,5.0,1996-04-08 05:59:35
49546,410,3.0,1996-04-08 06:01:56
49546,196,5.0,1996-04-08 06:01:57
49546,282,4.0,1996-04-08 06:01:57
49546,234,3.0,1996-04-08 06:01:57
49546,153,5.0,1996-04-08 06:01:57
49546,173,5.0,1996-04-08 06:01:57
49546,592,4.0,1996-04-08 06:01:57
49546,342,5.0,1996-04-08 06:01:57
49546,194,4.0,1996-04-08 06:01:57
49546,349,5.0,1996-04-08 06:01:57
49654,150,5.0,1996-04-08 06:49:01
49654,349,4.0,1996-04-08 06:49:01
49654,60,4.0,1996-04-08 06:49:01
49654,225,4.0,1996-04-08 06:49:01
49654,235,4.0,1996-04-08 06:49:01
49654,252,5.0,1996-04-08 06:49:01
49654,31,3.0,1996-04-08 06:49:01
49654,351,4.0,1996-04-08 06:49:01
49654,590,5.0,1996-04-08 06:49:01
49654,300,5.0,1996-04-08 06:49:02
49654,292,4.0,1996-04-08 06:49:02
49654,296,1.0,1996-04-08 06:49:02
49654,318,5.0,1996-04-08 06:49:02
49654,337,4.0,1996-04-08 06:49:02
49654,280,5.0,1996-04-08 06:49:02
49654,272,5.0,1996-04-08 06:49:02
49833,135,4.0,1996-04-08 09:17:54
49833,103,5.0,1996-04-08 09:17:54
49833,95,5.0,1996-04-08 09:17:54
49833,494,5.0,1996-04-08 09:17:54
49833,74,5.0,1996-04-08 09:17:54
49833,62,5.0,1996-04-08 09:17:54
49833,11,5.0,1996-04-08 09:17:54
49833,10,5.0,1996-04-08 09:17:54
49833,1,5.0,1996-04-08 09:17:54
49833,141,5.0,1996-04-08 09:17:54
49833,640,4.0,1996-04-08 09:17:54
49943,19,3.0,1996-04-08 09:23:52
49943,150,4.0,1996-04-08 09:23:52
49943,431,5.0,1996-04-08 09:23:52
49943,590,4.0,1996-04-08 09:23:53
49943,351,3.0,1996-04-08 09:23:53
49943,235,2.0,1996-04-08 09:23:53
49943,203,4.0,1996-04-08 09:23:53
49943,161,4.0,1996-04-08 09:23:53
49943,317,5.0,1996-04-08 09:23:53
49943,48,5.0,1996-04-08 09:23:53
49943,339,4.0,1996-04-08 09:23:53
49943,380,5.0,1996-04-08 09:23:53
49833,588,4.0,1996-04-08 09:26:03
49833,19,4.0,1996-04-08 09:26:03
49833,150,5.0,1996-04-08 09:26:03
49833,344,4.0,1996-04-08 09:26:03
49833,173,4.0,1996-04-08 09:26:04
49833,282,5.0,1996-04-08 09:26:04
49833,592,5.0,1996-04-08 09:26:04
49833,23,5.0,1996-04-08 09:26:04
49833,420,4.0,1996-04-08 09:26:04
49833,434,5.0,1996-04-08 09:26:04
49833,276,5.0,1996-04-08 09:26:04
49833,225,5.0,1996-04-08 09:26:04
49833,222,5.0,1996-04-08 09:26:04
49833,224,1.0,1996-04-08 09:26:04
49833,227,5.0,1996-04-08 09:26:04
49833,230,4.0,1996-04-08 09:26:04
49833,234,3.0,1996-04-08 09:26:04
49833,236,5.0,1996-04-08 09:26:04
49833,237,4.0,1996-04-08 09:26:04
49833,252,4.0,1996-04-08 09:26:04
49833,256,5.0,1996-04-08 09:26:04
49833,257,5.0,1996-04-08 09:26:04
49833,261,4.0,1996-04-08 09:26:04
49833,218,4.0,1996-04-08 09:26:04
49833,31,5.0,1996-04-08 09:26:04
49833,432,4.0,1996-04-08 09:26:04
49833,266,5.0,1996-04-08 09:26:04
49833,351,5.0,1996-04-08 09:26:04
49833,349,5.0,1996-04-08 09:26:04
49833,172,2.0,1996-04-08 09:26:04
49833,170,4.0,1996-04-08 09:26:04
49833,161,5.0,1996-04-08 09:26:04
49833,160,5.0,1996-04-08 09:26:04
49833,168,5.0,1996-04-08 09:26:04
49833,267,4.0,1996-04-08 09:26:04
49833,145,5.0,1996-04-08 09:26:04
49833,110,5.0,1996-04-08 09:26:04
49833,153,5.0,1996-04-08 09:26:04
49833,381,4.0,1996-04-08 09:26:05
49833,380,5.0,1996-04-08 09:26:05
49833,315,4.0,1996-04-08 09:26:05
49833,316,5.0,1996-04-08 09:26:05
49833,339,5.0,1996-04-08 09:26:05
49833,338,4.0,1996-04-08 09:26:05
49833,289,5.0,1996-04-08 09:26:05
49833,320,3.0,1996-04-08 09:26:05
49833,318,5.0,1996-04-08 09:26:05
49833,300,5.0,1996-04-08 09:26:05
49833,296,4.0,1996-04-08 09:26:05
49833,304,4.0,1996-04-08 09:26:05
49833,317,5.0,1996-04-08 09:26:05
49833,292,5.0,1996-04-08 09:26:05
49833,208,2.0,1996-04-08 09:26:05
49833,151,5.0,1996-04-08 09:26:05
49833,555,1.0,1996-04-08 09:26:05
49833,185,5.0,1996-04-08 09:26:05
49833,203,5.0,1996-04-08 09:26:05
49833,204,5.0,1996-04-08 09:26:05
49943,266,4.0,1996-04-08 09:28:42
49943,276,4.0,1996-04-08 09:28:42
49943,300,4.0,1996-04-08 09:28:42
49943,344,3.0,1996-04-08 09:28:42
49943,282,4.0,1996-04-08 09:28:42
50432,15,5.0,1996-04-08 09:58:42
50432,5,4.0,1996-04-08 09:58:42
50432,95,4.0,1996-04-08 09:58:42
50432,105,3.0,1996-04-08 09:58:42
50432,107,4.0,1996-04-08 09:58:42
50432,1,5.0,1996-04-08 09:58:42
50432,141,4.0,1996-04-08 09:58:42
50432,10,4.0,1996-04-08 09:58:42
50432,21,4.0,1996-04-08 09:58:42
50432,494,5.0,1996-04-08 09:58:42
50432,613,4.0,1996-04-08 10:00:10
50636,105,4.0,1996-04-08 10:07:27
50636,5,3.0,1996-04-08 10:07:27
50636,10,5.0,1996-04-08 10:07:27
50636,107,4.0,1996-04-08 10:07:27
50636,62,5.0,1996-04-08 10:07:27
50432,410,4.0,1996-04-08 10:08:56
50432,150,5.0,1996-04-08 10:08:56
50432,588,5.0,1996-04-08 10:08:56
50432,344,5.0,1996-04-08 10:08:56
50432,145,5.0,1996-04-08 10:08:56
50432,590,5.0,1996-04-08 10:08:57
50432,110,5.0,1996-04-08 10:08:57
50432,222,4.0,1996-04-08 10:08:57
50432,225,4.0,1996-04-08 10:08:57
50432,434,4.0,1996-04-08 10:08:57
50432,421,4.0,1996-04-08 10:08:57
50432,592,5.0,1996-04-08 10:08:57
50432,31,4.0,1996-04-08 10:08:57
50432,349,4.0,1996-04-08 10:08:57
50432,595,5.0,1996-04-08 10:08:57
50432,161,4.0,1996-04-08 10:08:57
50432,160,4.0,1996-04-08 10:08:57
50432,153,4.0,1996-04-08 10:08:57
50432,44,5.0,1996-04-08 10:08:58
50432,227,4.0,1996-04-08 10:08:58
50432,168,3.0,1996-04-08 10:08:58
50432,71,4.0,1996-04-08 10:08:58
50432,468,4.0,1996-04-08 10:08:58
50432,173,4.0,1996-04-08 10:08:58
50432,240,3.0,1996-04-08 10:08:58
50432,170,4.0,1996-04-08 10:08:58
50432,261,4.0,1996-04-08 10:08:58
50432,185,4.0,1996-04-08 10:08:59
50432,196,4.0,1996-04-08 10:08:59
50432,292,4.0,1996-04-08 10:08:59
50432,186,4.0,1996-04-08 10:08:59
50432,300,4.0,1996-04-08 10:08:59
50432,315,3.0,1996-04-08 10:08:59
50432,319,4.0,1996-04-08 10:08:59
50432,151,5.0,1996-04-08 10:08:59
50432,48,4.0,1996-04-08 10:08:59
50432,288,1.0,1996-04-08 10:08:59
50432,338,4.0,1996-04-08 10:09:00
50432,316,4.0,1996-04-08 10:09:00
50432,555,3.0,1996-04-08 10:09:00
50432,380,4.0,1996-04-08 10:09:00
50432,339,5.0,1996-04-08 10:09:00
50432,327,4.0,1996-04-08 10:09:00
50432,208,4.0,1996-04-08 10:09:00
50432,204,4.0,1996-04-08 10:09:00
35241,588,4.0,1996-04-08 10:16:42
50636,595,5.0,1996-04-08 10:16:49
50636,592,4.0,1996-04-08 10:16:49
50636,432,3.0,1996-04-08 10:16:49
50636,434,5.0,1996-04-08 10:16:49
50636,344,4.0,1996-04-08 10:16:49
50636,420,4.0,1996-04-08 10:16:49
50636,437,3.0,1996-04-08 10:16:49
50636,153,4.0,1996-04-08 10:16:49
50636,435,2.0,1996-04-08 10:16:49
50636,410,5.0,1996-04-08 10:16:49
50636,39,4.0,1996-04-08 10:16:49
50636,122,3.0,1996-04-08 10:16:49
50636,34,5.0,1996-04-08 10:16:49
50636,19,3.0,1996-04-08 10:16:49
50636,349,5.0,1996-04-08 10:16:49
50636,158,5.0,1996-04-08 10:16:49
50636,110,5.0,1996-04-08 10:16:49
50636,351,5.0,1996-04-08 10:16:50
50636,31,4.0,1996-04-08 10:16:50
50636,296,3.0,1996-04-08 10:16:50
50636,317,4.0,1996-04-08 10:16:50
50636,342,4.0,1996-04-08 10:16:50
50636,48,2.0,1996-04-08 10:16:50
50636,380,5.0,1996-04-08 10:16:50
50636,174,4.0,1996-04-08 10:16:50
50636,225,4.0,1996-04-08 10:16:50
50636,590,4.0,1996-04-08 10:16:50
50636,277,3.0,1996-04-08 10:16:50
37801,384,3.0,1996-04-08 10:56:32
37801,19,3.0,1996-04-08 10:56:32
32929,2,4.0,1996-04-08 11:45:43
50853,416,3.0,1996-04-08 12:17:25
50853,413,2.0,1996-04-08 12:17:25
50853,592,4.0,1996-04-08 12:17:25
50853,595,5.0,1996-04-08 12:17:25
50853,19,3.0,1996-04-08 12:17:25
50853,410,4.0,1996-04-08 12:17:25
50853,34,5.0,1996-04-08 12:17:25
50853,150,5.0,1996-04-08 12:17:25
50853,153,5.0,1996-04-08 12:17:25
50853,588,3.0,1996-04-08 12:17:25
50853,344,4.0,1996-04-08 12:17:25
50853,208,3.0,1996-04-08 12:17:26
50853,316,4.0,1996-04-08 12:17:26
50853,168,4.0,1996-04-08 12:17:26
50853,186,4.0,1996-04-08 12:17:26
50853,252,4.0,1996-04-08 12:17:26
50853,266,3.0,1996-04-08 12:17:26
50853,274,3.0,1996-04-08 12:17:26
50853,282,4.0,1996-04-08 12:17:26
50853,289,4.0,1996-04-08 12:17:26
50853,296,5.0,1996-04-08 12:17:26
50853,158,4.0,1996-04-08 12:17:26
50853,313,3.0,1996-04-08 12:17:26
50853,317,3.0,1996-04-08 12:17:26
50853,337,4.0,1996-04-08 12:17:26
50853,342,5.0,1996-04-08 12:17:26
50853,349,3.0,1996-04-08 12:17:26
50853,351,4.0,1996-04-08 12:17:26
50853,590,3.0,1996-04-08 12:17:26
50853,555,5.0,1996-04-08 12:17:26
50853,434,3.0,1996-04-08 12:17:26
50853,468,3.0,1996-04-08 12:17:26
50853,236,4.0,1996-04-08 12:17:26
50853,553,4.0,1996-04-08 12:17:26
50853,39,4.0,1996-04-08 12:17:26
50853,688,3.0,1996-04-08 12:17:26
50853,60,3.0,1996-04-08 12:17:26
50853,54,3.0,1996-04-08 12:17:26
50853,224,4.0,1996-04-08 12:17:26
50853,225,3.0,1996-04-08 12:17:26
50853,48,3.0,1996-04-08 12:17:26
50853,110,5.0,1996-04-08 12:17:26
50853,339,4.0,1996-04-08 12:17:27
50965,105,4.0,1996-04-08 12:21:02
50965,10,3.0,1996-04-08 12:21:02
50853,21,5.0,1996-04-08 12:22:42
50853,135,4.0,1996-04-08 12:22:42
50853,10,5.0,1996-04-08 12:22:42
50853,2,4.0,1996-04-08 12:22:42
50853,1,5.0,1996-04-08 12:22:42
50853,637,3.0,1996-04-08 12:22:42
50853,664,5.0,1996-04-08 12:22:42
50853,25,4.0,1996-04-08 12:22:42
50853,610,4.0,1996-04-08 12:22:42
50853,17,5.0,1996-04-08 12:22:42
50853,52,4.0,1996-04-08 12:22:42
50853,107,5.0,1996-04-08 12:22:42
50853,95,4.0,1996-04-08 12:22:42
50853,74,4.0,1996-04-08 12:22:42
50853,26,4.0,1996-04-08 12:22:42
50965,344,1.0,1996-04-08 12:32:28
50965,421,5.0,1996-04-08 12:32:28
50965,158,4.0,1996-04-08 12:32:28
50965,161,4.0,1996-04-08 12:32:28
50965,435,2.0,1996-04-08 12:32:28
50965,434,4.0,1996-04-08 12:32:28
50965,150,4.0,1996-04-08 12:32:28
50965,595,5.0,1996-04-08 12:32:28
50965,39,3.0,1996-04-08 12:32:28
50965,349,4.0,1996-04-08 12:32:28
50965,266,3.0,1996-04-08 12:32:29
50965,296,2.0,1996-04-08 12:32:29
50965,185,4.0,1996-04-08 12:32:29
50965,50,5.0,1996-04-08 12:32:29
50965,276,5.0,1996-04-08 12:32:29
50965,277,4.0,1996-04-08 12:32:29
50965,289,5.0,1996-04-08 12:32:29
50965,270,4.0,1996-04-08 12:32:29
50965,186,5.0,1996-04-08 12:32:29
50965,224,3.0,1996-04-08 12:32:29
50965,261,4.0,1996-04-08 12:32:29
50965,292,5.0,1996-04-08 12:32:29
50965,300,2.0,1996-04-08 12:32:29
50965,318,5.0,1996-04-08 12:32:29
50965,339,5.0,1996-04-08 12:32:29
50965,342,2.0,1996-04-08 12:32:29
50965,380,5.0,1996-04-08 12:32:29
50965,381,3.0,1996-04-08 12:32:29
50965,225,4.0,1996-04-08 12:32:29
50965,554,5.0,1996-04-08 12:32:29
50965,236,5.0,1996-04-08 12:32:29
50965,237,4.0,1996-04-08 12:32:29
50965,256,1.0,1996-04-08 12:32:29
50965,208,1.0,1996-04-08 12:37:39
50965,588,4.0,1996-04-08 12:37:39
51239,10,5.0,1996-04-08 12:57:39
51239,4,5.0,1996-04-08 12:57:39
51239,343,4.0,1996-04-08 13:18:10
51239,588,5.0,1996-04-08 13:18:10
51239,592,5.0,1996-04-08 13:18:10
51239,145,5.0,1996-04-08 13:18:10
51239,174,4.0,1996-04-08 13:18:11
51239,292,5.0,1996-04-08 13:18:11
51239,160,5.0,1996-04-08 13:18:11
51239,278,4.0,1996-04-08 13:18:11
51239,122,5.0,1996-04-08 13:18:11
51239,39,5.0,1996-04-08 13:18:11
51239,316,5.0,1996-04-08 13:18:11
51239,434,5.0,1996-04-08 13:18:11
51239,333,5.0,1996-04-08 13:18:11
51239,349,5.0,1996-04-08 13:18:11
51239,595,5.0,1996-04-08 13:18:11
51239,256,4.0,1996-04-08 13:18:11
51239,435,4.0,1996-04-08 13:18:11
51239,225,5.0,1996-04-08 13:18:11
51239,196,5.0,1996-04-08 13:18:11
51239,186,5.0,1996-04-08 13:18:11
51239,218,5.0,1996-04-08 13:18:11
51239,339,5.0,1996-04-08 13:18:12
51239,50,5.0,1996-04-08 13:18:12
51342,25,5.0,1996-04-08 13:19:26
51342,21,5.0,1996-04-08 13:19:26
51342,14,5.0,1996-04-08 13:19:26
51342,111,5.0,1996-04-08 13:19:26
51534,150,5.0,1996-04-08 13:50:55
51534,592,4.0,1996-04-08 13:50:55
51534,153,4.0,1996-04-08 13:50:55
51534,588,5.0,1996-04-08 13:50:55
51534,344,4.0,1996-04-08 13:50:55